asv,Kingdom,Phylum,Class,Order,Family,Genus
asv0001,Bacteria,Proteobacteria,Gammaproteobacteria,Pseudomonadales,Endozoicomonadaceae,Endozoicomonas
asv0002,Bacteria,Proteobacteria,Gammaproteobacteria,Pseudomonadales,Endozoicomonadaceae,Endozoicomonas
asv0003,Bacteria,Proteobacteria,Gammaproteobacteria,Pseudomonadales,Endozoicomonadaceae,Endozoicomonas
asv0004,Bacteria,Proteobacteria,Gammaproteobacteria,Pseudomonadales,Endozoicomonadaceae,Endozoicomonas
asv0005,Bacteria,Proteobacteria,Gammaproteobacteria,Enterobacterales,Alteromonadaceae,Alteromonas
asv0006,Bacteria,Proteobacteria,Gammaproteobacteria,Enterobacterales,Alteromonadaceae,Alteromonas
asv0007,Bacteria,Proteobacteria,Gammaproteobacteria,Pseudomonadales,Endozoicomonadaceae,Endozoicomonas
asv0008,Bacteria,Proteobacteria,Gammaproteobacteria,Pseudomonadales,Endozoicomonadaceae,Endozoicomonas
asv0009,Bacteria,Proteobacteria,Gammaproteobacteria,Pseudomonadales,Endozoicomonadaceae,Endozoicomonas
asv0010,Bacteria,Proteobacteria,Gammaproteobacteria,Enterobacterales,Alteromonadaceae,NA
asv0011,Bacteria,Proteobacteria,Gammaproteobacteria,Enterobacterales,Alteromonadaceae,Alteromonas
asv0012,Bacteria,Proteobacteria,Gammaproteobacteria,Enterobacterales,Pseudoalteromonadaceae,Pseudoalteromonas
asv0013,Bacteria,Proteobacteria,Gammaproteobacteria,Pseudomonadales,Endozoicomonadaceae,Endozoicomonas
asv0014,Bacteria,Proteobacteria,Gammaproteobacteria,Pseudomonadales,Endozoicomonadaceae,Endozoicomonas
asv0015,Bacteria,Proteobacteria,Gammaproteobacteria,Enterobacterales,Pseudoalteromonadaceae,Pseudoalteromonas
asv0016,Bacteria,Proteobacteria,Gammaproteobacteria,Enterobacterales,Pseudoalteromonadaceae,Pseudoalteromonas
asv0017,Bacteria,Proteobacteria,Gammaproteobacteria,Pseudomonadales,Endozoicomonadaceae,Endozoicomonas
asv0018,Bacteria,Proteobacteria,Gammaproteobacteria,Enterobacterales,Pseudoalteromonadaceae,Pseudoalteromonas
asv0019,Bacteria,Proteobacteria,Gammaproteobacteria,Enterobacterales,Alteromonadaceae,Alteromonas
asv0020,Bacteria,Proteobacteria,Gammaproteobacteria,Pseudomonadales,Endozoicomonadaceae,Endozoicomonas
asv0021,Bacteria,Proteobacteria,Gammaproteobacteria,Pseudomonadales,Endozoicomonadaceae,Endozoicomonas
asv0022,Bacteria,Proteobacteria,Gammaproteobacteria,Enterobacterales,Alteromonadaceae,Alteromonas
asv0023,Bacteria,Proteobacteria,Gammaproteobacteria,Pseudomonadales,Endozoicomonadaceae,Endozoicomonas
asv0024,Bacteria,Proteobacteria,Gammaproteobacteria,Pseudomonadales,Endozoicomonadaceae,Endozoicomonas
asv0025,Bacteria,Proteobacteria,Gammaproteobacteria,Pseudomonadales,Endozoicomonadaceae,Endozoicomonas
asv0026,Bacteria,Proteobacteria,Gammaproteobacteria,Pseudomonadales,Endozoicomonadaceae,Endozoicomonas
asv0027,Bacteria,Proteobacteria,Gammaproteobacteria,Pseudomonadales,Endozoicomonadaceae,Endozoicomonas
asv0028,Bacteria,Proteobacteria,Gammaproteobacteria,Enterobacterales,Alteromonadaceae,Alteromonas
asv0029,Bacteria,Proteobacteria,Gammaproteobacteria,Pseudomonadales,Endozoicomonadaceae,Endozoicomonas
asv0030,Bacteria,Proteobacteria,Gammaproteobacteria,Pseudomonadales,Endozoicomonadaceae,Endozoicomonas
asv0031,Bacteria,Proteobacteria,Gammaproteobacteria,Pseudomonadales,Endozoicomonadaceae,Endozoicomonas
asv0032,Bacteria,Proteobacteria,Gammaproteobacteria,Enterobacterales,Alteromonadaceae,Alteromonas
asv0033,Bacteria,Proteobacteria,Gammaproteobacteria,Enterobacterales,Alteromonadaceae,Alteromonas
asv0034,Bacteria,Proteobacteria,Gammaproteobacteria,Pseudomonadales,Endozoicomonadaceae,Endozoicomonas
asv0035,Bacteria,Proteobacteria,Gammaproteobacteria,Enterobacterales,Alteromonadaceae,Alteromonas
asv0036,Bacteria,Proteobacteria,Gammaproteobacteria,Pseudomonadales,Endozoicomonadaceae,Endozoicomonas
asv0037,Bacteria,Proteobacteria,Gammaproteobacteria,Enterobacterales,Pseudoalteromonadaceae,Pseudoalteromonas
asv0038,Bacteria,Proteobacteria,Gammaproteobacteria,Pseudomonadales,Endozoicomonadaceae,Endozoicomonas
asv0039,Bacteria,Proteobacteria,Gammaproteobacteria,Enterobacterales,Pseudoalteromonadaceae,Pseudoalteromonas
asv0040,Bacteria,Proteobacteria,Gammaproteobacteria,Enterobacterales,Alteromonadaceae,Alteromonas
asv0041,Bacteria,Proteobacteria,Gammaproteobacteria,Enterobacterales,Pseudoalteromonadaceae,Pseudoalteromonas
asv0042,Bacteria,Proteobacteria,Gammaproteobacteria,Enterobacterales,Alteromonadaceae,Alteromonas
asv0043,Bacteria,Proteobacteria,Gammaproteobacteria,Pseudomonadales,Endozoicomonadaceae,Endozoicomonas
asv0044,Bacteria,Proteobacteria,Gammaproteobacteria,Enterobacterales,Pseudoalteromonadaceae,Pseudoalteromonas
asv0045,Bacteria,Proteobacteria,Gammaproteobacteria,Enterobacterales,Pseudoalteromonadaceae,Pseudoalteromonas
asv0046,Bacteria,Proteobacteria,Gammaproteobacteria,Enterobacterales,Alteromonadaceae,Alteromonas
asv0047,Bacteria,Proteobacteria,Gammaproteobacteria,Enterobacterales,Pseudoalteromonadaceae,Pseudoalteromonas
asv0048,Bacteria,Proteobacteria,Gammaproteobacteria,Enterobacterales,Alteromonadaceae,Alteromonas
asv0049,Bacteria,Proteobacteria,Gammaproteobacteria,Pseudomonadales,Endozoicomonadaceae,Endozoicomonas
asv0050,Bacteria,Proteobacteria,Gammaproteobacteria,Pseudomonadales,Endozoicomonadaceae,Endozoicomonas
asv0051,Bacteria,Proteobacteria,Gammaproteobacteria,Enterobacterales,Alteromonadaceae,Salinimonas
asv0052,Bacteria,Proteobacteria,Gammaproteobacteria,Pseudomonadales,Endozoicomonadaceae,Endozoicomonas
asv0053,Bacteria,Proteobacteria,Gammaproteobacteria,Enterobacterales,Alteromonadaceae,NA
asv0054,Bacteria,Proteobacteria,Gammaproteobacteria,Enterobacterales,Pseudoalteromonadaceae,Pseudoalteromonas
asv0055,Bacteria,Proteobacteria,Gammaproteobacteria,Pseudomonadales,Endozoicomonadaceae,Endozoicomonas
asv0056,Bacteria,Proteobacteria,Gammaproteobacteria,Pseudomonadales,Endozoicomonadaceae,Endozoicomonas
asv0057,Bacteria,Proteobacteria,Gammaproteobacteria,Enterobacterales,Alteromonadaceae,NA
asv0058,Bacteria,Proteobacteria,Gammaproteobacteria,Enterobacterales,Alteromonadaceae,Salinimonas
asv0059,Bacteria,Proteobacteria,Gammaproteobacteria,Pseudomonadales,Endozoicomonadaceae,Endozoicomonas
asv0060,Bacteria,Proteobacteria,Gammaproteobacteria,Pseudomonadales,Endozoicomonadaceae,Endozoicomonas
asv0061,Bacteria,Proteobacteria,Gammaproteobacteria,Enterobacterales,Pseudoalteromonadaceae,Pseudoalteromonas
asv0062,Bacteria,Proteobacteria,Gammaproteobacteria,Enterobacterales,Pseudoalteromonadaceae,Pseudoalteromonas
asv0063,Bacteria,Proteobacteria,Gammaproteobacteria,Pseudomonadales,Endozoicomonadaceae,Endozoicomonas
asv0064,Bacteria,Proteobacteria,Gammaproteobacteria,Pseudomonadales,Endozoicomonadaceae,Endozoicomonas
asv0065,Bacteria,Proteobacteria,Gammaproteobacteria,Enterobacterales,Pseudoalteromonadaceae,Pseudoalteromonas
asv0066,Bacteria,Proteobacteria,Gammaproteobacteria,Pseudomonadales,Endozoicomonadaceae,Endozoicomonas
asv0067,Bacteria,Proteobacteria,Gammaproteobacteria,Enterobacterales,Alteromonadaceae,Alteromonas
asv0068,Bacteria,Proteobacteria,Gammaproteobacteria,Enterobacterales,Pseudoalteromonadaceae,Pseudoalteromonas
asv0069,Bacteria,Proteobacteria,Gammaproteobacteria,Enterobacterales,Pseudoalteromonadaceae,Pseudoalteromonas
asv0070,Bacteria,Proteobacteria,Gammaproteobacteria,Enterobacterales,Alteromonadaceae,Alteromonas
asv0071,Bacteria,SAR324 clade(Marine group B),NA,NA,NA,NA
asv0072,Bacteria,Proteobacteria,Gammaproteobacteria,Enterobacterales,Pseudoalteromonadaceae,Pseudoalteromonas
asv0073,Bacteria,Proteobacteria,Gammaproteobacteria,Pseudomonadales,Endozoicomonadaceae,Endozoicomonas
asv0074,Bacteria,Proteobacteria,Gammaproteobacteria,Enterobacterales,Alteromonadaceae,Salinimonas
asv0075,Bacteria,Proteobacteria,Gammaproteobacteria,Pseudomonadales,Endozoicomonadaceae,Endozoicomonas
asv0076,Bacteria,Proteobacteria,Gammaproteobacteria,Pseudomonadales,Endozoicomonadaceae,Endozoicomonas
asv0077,Bacteria,SAR324 clade(Marine group B),NA,NA,NA,NA
asv0078,Bacteria,Proteobacteria,Gammaproteobacteria,Enterobacterales,Pseudoalteromonadaceae,Pseudoalteromonas
asv0079,Bacteria,Proteobacteria,Gammaproteobacteria,Enterobacterales,Alteromonadaceae,NA
asv0080,Bacteria,Proteobacteria,Gammaproteobacteria,Pseudomonadales,Endozoicomonadaceae,Endozoicomonas
asv0081,Bacteria,Proteobacteria,Gammaproteobacteria,Pseudomonadales,Endozoicomonadaceae,Endozoicomonas
asv0082,Bacteria,SAR324 clade(Marine group B),NA,NA,NA,NA
asv0083,Bacteria,Proteobacteria,Gammaproteobacteria,Enterobacterales,Pseudoalteromonadaceae,Pseudoalteromonas
asv0084,Bacteria,Proteobacteria,Gammaproteobacteria,Pseudomonadales,Endozoicomonadaceae,Endozoicomonas
asv0085,Bacteria,NA,NA,NA,NA,NA
asv0086,Bacteria,Proteobacteria,Gammaproteobacteria,Pseudomonadales,Endozoicomonadaceae,Endozoicomonas
asv0087,Bacteria,Proteobacteria,Gammaproteobacteria,Pseudomonadales,Endozoicomonadaceae,Endozoicomonas
asv0088,Bacteria,Proteobacteria,Gammaproteobacteria,Pseudomonadales,Endozoicomonadaceae,Endozoicomonas
asv0089,Bacteria,Proteobacteria,Gammaproteobacteria,Pseudomonadales,Endozoicomonadaceae,Endozoicomonas
asv0090,Bacteria,Proteobacteria,Gammaproteobacteria,Enterobacterales,Alteromonadaceae,Salinimonas
asv0091,Bacteria,Proteobacteria,Gammaproteobacteria,Pseudomonadales,Endozoicomonadaceae,Endozoicomonas
asv0092,Bacteria,Proteobacteria,Gammaproteobacteria,Pseudomonadales,Endozoicomonadaceae,Endozoicomonas
asv0093,Bacteria,Proteobacteria,Gammaproteobacteria,Enterobacterales,Alteromonadaceae,Salinimonas
asv0094,Bacteria,Proteobacteria,Gammaproteobacteria,Pseudomonadales,Endozoicomonadaceae,Endozoicomonas
asv0095,Bacteria,Proteobacteria,Gammaproteobacteria,Pseudomonadales,Endozoicomonadaceae,Endozoicomonas
asv0096,Bacteria,Proteobacteria,Gammaproteobacteria,Enterobacterales,Vibrionaceae,NA
asv0097,Bacteria,Proteobacteria,Gammaproteobacteria,Enterobacterales,Pseudoalteromonadaceae,Pseudoalteromonas
asv0098,Bacteria,Proteobacteria,Gammaproteobacteria,Pseudomonadales,Endozoicomonadaceae,Endozoicomonas
asv0099,Bacteria,Proteobacteria,Gammaproteobacteria,Enterobacterales,Pseudoalteromonadaceae,Pseudoalteromonas
asv0100,Bacteria,Proteobacteria,Gammaproteobacteria,Pseudomonadales,Endozoicomonadaceae,Endozoicomonas
asv0101,Bacteria,Proteobacteria,Gammaproteobacteria,Pseudomonadales,Endozoicomonadaceae,Endozoicomonas
asv0102,Bacteria,Proteobacteria,Gammaproteobacteria,Enterobacterales,Vibrionaceae,Catenococcus
asv0103,Bacteria,Proteobacteria,Gammaproteobacteria,Enterobacterales,Pseudoalteromonadaceae,Pseudoalteromonas
asv0104,Bacteria,Proteobacteria,Gammaproteobacteria,Pseudomonadales,Endozoicomonadaceae,Endozoicomonas
asv0105,Bacteria,Proteobacteria,Gammaproteobacteria,Pseudomonadales,Endozoicomonadaceae,Endozoicomonas
asv0106,Bacteria,Proteobacteria,Gammaproteobacteria,Enterobacterales,Pseudoalteromonadaceae,Pseudoalteromonas
asv0107,Bacteria,Proteobacteria,Gammaproteobacteria,Enterobacterales,Vibrionaceae,Catenococcus
asv0108,Bacteria,Proteobacteria,Gammaproteobacteria,Enterobacterales,Vibrionaceae,Vibrio
asv0109,Bacteria,Proteobacteria,Gammaproteobacteria,Pseudomonadales,Endozoicomonadaceae,Endozoicomonas
asv0110,Bacteria,Proteobacteria,Gammaproteobacteria,Pseudomonadales,Endozoicomonadaceae,Endozoicomonas
asv0111,Bacteria,Bacteroidota,Bacteroidia,Cytophagales,Amoebophilaceae,Candidatus Amoebophilus
asv0112,Bacteria,Proteobacteria,Gammaproteobacteria,Pseudomonadales,Endozoicomonadaceae,Endozoicomonas
asv0113,Bacteria,Proteobacteria,Gammaproteobacteria,Pseudomonadales,Endozoicomonadaceae,Endozoicomonas
asv0114,Bacteria,NA,NA,NA,NA,NA
asv0115,Bacteria,Bacteroidota,Bacteroidia,Cytophagales,Cyclobacteriaceae,Fulvivirga
asv0116,Bacteria,Proteobacteria,Gammaproteobacteria,Pseudomonadales,Endozoicomonadaceae,Endozoicomonas
asv0117,Bacteria,Proteobacteria,Gammaproteobacteria,Pseudomonadales,Endozoicomonadaceae,Endozoicomonas
asv0118,Bacteria,SAR324 clade(Marine group B),NA,NA,NA,NA
asv0119,Bacteria,Bacteroidota,Bacteroidia,Cytophagales,Amoebophilaceae,Candidatus Amoebophilus
asv0120,Bacteria,Proteobacteria,Gammaproteobacteria,Pseudomonadales,Endozoicomonadaceae,Endozoicomonas
asv0121,Bacteria,Bacteroidota,Bacteroidia,Cytophagales,Cyclobacteriaceae,Fulvivirga
asv0122,Bacteria,Proteobacteria,Gammaproteobacteria,Pseudomonadales,Endozoicomonadaceae,Endozoicomonas
asv0123,Bacteria,Proteobacteria,Gammaproteobacteria,Pseudomonadales,Endozoicomonadaceae,Endozoicomonas
asv0124,Bacteria,SAR324 clade(Marine group B),NA,NA,NA,NA
asv0125,Bacteria,Bacteroidota,Bacteroidia,Cytophagales,Amoebophilaceae,Candidatus Amoebophilus
asv0126,Bacteria,Bacteroidota,Bacteroidia,Cytophagales,Cyclobacteriaceae,Fulvivirga
asv0127,Bacteria,Proteobacteria,Gammaproteobacteria,Pseudomonadales,Endozoicomonadaceae,Endozoicomonas
asv0128,Bacteria,Bacteroidota,Bacteroidia,Cytophagales,Amoebophilaceae,Candidatus Amoebophilus
asv0129,Bacteria,Proteobacteria,Gammaproteobacteria,Enterobacterales,Vibrionaceae,Vibrio
asv0130,Bacteria,SAR324 clade(Marine group B),NA,NA,NA,NA
asv0131,Bacteria,SAR324 clade(Marine group B),NA,NA,NA,NA
asv0132,Bacteria,Proteobacteria,Gammaproteobacteria,Enterobacterales,Vibrionaceae,Vibrio
asv0133,Bacteria,SAR324 clade(Marine group B),NA,NA,NA,NA
asv0134,Bacteria,Bacteroidota,Bacteroidia,Cytophagales,Cyclobacteriaceae,Fulvivirga
asv0135,Bacteria,Proteobacteria,Gammaproteobacteria,Enterobacterales,Vibrionaceae,Catenococcus
asv0136,Bacteria,Proteobacteria,Gammaproteobacteria,Enterobacterales,Vibrionaceae,NA
asv0137,Bacteria,Proteobacteria,Gammaproteobacteria,Enterobacterales,Vibrionaceae,Vibrio
asv0138,Bacteria,NA,NA,NA,NA,NA
asv0139,Bacteria,Proteobacteria,Alphaproteobacteria,NA,NA,NA
asv0140,Bacteria,Proteobacteria,Gammaproteobacteria,Enterobacterales,Pseudoalteromonadaceae,Pseudoalteromonas
asv0141,Bacteria,SAR324 clade(Marine group B),NA,NA,NA,NA
asv0142,Bacteria,Proteobacteria,Gammaproteobacteria,Pseudomonadales,Marinomonadaceae,Marinomonas
asv0143,Bacteria,Proteobacteria,Gammaproteobacteria,Pseudomonadales,Marinomonadaceae,Marinomonas
asv0144,Bacteria,Proteobacteria,Gammaproteobacteria,Enterobacterales,Pseudoalteromonadaceae,Algicola
asv0145,Bacteria,Proteobacteria,Gammaproteobacteria,Enterobacterales,Vibrionaceae,Vibrio
asv0146,Bacteria,Proteobacteria,Gammaproteobacteria,Enterobacterales,Vibrionaceae,Catenococcus
asv0147,Bacteria,Proteobacteria,Gammaproteobacteria,Enterobacterales,Pseudoalteromonadaceae,Pseudoalteromonas
asv0148,Bacteria,Proteobacteria,Gammaproteobacteria,Enterobacterales,Vibrionaceae,Catenococcus
asv0149,Bacteria,Proteobacteria,Gammaproteobacteria,Enterobacterales,Vibrionaceae,Vibrio
asv0150,Bacteria,Proteobacteria,Gammaproteobacteria,Enterobacterales,Vibrionaceae,Catenococcus
asv0151,Bacteria,Bacteroidota,Bacteroidia,Cytophagales,Cyclobacteriaceae,Fulvivirga
asv0152,Bacteria,SAR324 clade(Marine group B),NA,NA,NA,NA
asv0153,Bacteria,SAR324 clade(Marine group B),NA,NA,NA,NA
asv0154,Bacteria,Proteobacteria,Gammaproteobacteria,Enterobacterales,Vibrionaceae,Vibrio
asv0155,Bacteria,Proteobacteria,Gammaproteobacteria,Pseudomonadales,Marinomonadaceae,Marinomonas
asv0156,Bacteria,Bacteroidota,Bacteroidia,Cytophagales,Cyclobacteriaceae,Fulvivirga
asv0157,Bacteria,Bacteroidota,Bacteroidia,Cytophagales,Cyclobacteriaceae,Fulvivirga
asv0158,Bacteria,Proteobacteria,Gammaproteobacteria,Enterobacterales,Vibrionaceae,Vibrio
asv0159,Bacteria,Bacteroidota,Bacteroidia,Cytophagales,Cyclobacteriaceae,Fulvivirga
asv0160,Bacteria,Bacteroidota,Bacteroidia,Flavobacteriales,Flavobacteriaceae,NA
asv0161,Bacteria,Proteobacteria,Gammaproteobacteria,Enterobacterales,Vibrionaceae,NA
asv0162,Bacteria,Proteobacteria,Gammaproteobacteria,Enterobacterales,Pseudoalteromonadaceae,Pseudoalteromonas
asv0163,Bacteria,Proteobacteria,Gammaproteobacteria,Enterobacterales,Pseudoalteromonadaceae,Algicola
asv0164,Bacteria,Proteobacteria,Gammaproteobacteria,Pseudomonadales,Marinomonadaceae,Marinomonas
asv0165,Bacteria,Proteobacteria,Gammaproteobacteria,Enterobacterales,Pseudoalteromonadaceae,Pseudoalteromonas
asv0166,Bacteria,Bacteroidota,Bacteroidia,Cytophagales,Cyclobacteriaceae,Fulvivirga
asv0167,Bacteria,Proteobacteria,Gammaproteobacteria,Enterobacterales,Pseudoalteromonadaceae,Algicola
asv0168,Bacteria,Bacteroidota,Bacteroidia,Cytophagales,Amoebophilaceae,Candidatus Amoebophilus
asv0169,Bacteria,Bacteroidota,Bacteroidia,Cytophagales,Amoebophilaceae,Candidatus Amoebophilus
asv0170,Bacteria,Proteobacteria,Gammaproteobacteria,Enterobacterales,Vibrionaceae,Vibrio
asv0171,Bacteria,Bacteroidota,Bacteroidia,Cytophagales,Amoebophilaceae,Candidatus Amoebophilus
asv0172,Bacteria,Bacteroidota,Bacteroidia,Flavobacteriales,Flavobacteriaceae,Ochrovirga
asv0173,Bacteria,Bacteroidota,Bacteroidia,Cytophagales,Cyclobacteriaceae,Fulvivirga
asv0174,Bacteria,Proteobacteria,Gammaproteobacteria,Enterobacterales,Vibrionaceae,Vibrio
asv0175,Bacteria,Proteobacteria,Gammaproteobacteria,Enterobacterales,Vibrionaceae,Vibrio
asv0176,Bacteria,Bacteroidota,Bacteroidia,Cytophagales,Cyclobacteriaceae,Fulvivirga
asv0177,Bacteria,Bacteroidota,Bacteroidia,Flavobacteriales,Flavobacteriaceae,NA
asv0178,Bacteria,Proteobacteria,Gammaproteobacteria,Enterobacterales,Pseudoalteromonadaceae,Algicola
asv0179,Bacteria,Bacteroidota,Bacteroidia,Cytophagales,Cyclobacteriaceae,Fulvivirga
asv0180,Bacteria,Bacteroidota,Bacteroidia,Flavobacteriales,Flavobacteriaceae,NA
asv0181,Bacteria,Proteobacteria,Gammaproteobacteria,Enterobacterales,Vibrionaceae,Vibrio
asv0182,Bacteria,Proteobacteria,Alphaproteobacteria,NA,NA,NA
asv0183,Bacteria,Cyanobacteria,Cyanobacteriia,Phormidesmiales,Nodosilineaceae,NA
asv0184,Bacteria,Bacteroidota,Bacteroidia,Cytophagales,Amoebophilaceae,Candidatus Amoebophilus
asv0185,Bacteria,Bacteroidota,Bacteroidia,Flavobacteriales,Flavobacteriaceae,NA
asv0186,Bacteria,Bacteroidota,Bacteroidia,Cytophagales,Cyclobacteriaceae,Fulvivirga
asv0187,Bacteria,Bacteroidota,Bacteroidia,Cytophagales,Amoebophilaceae,Candidatus Amoebophilus
asv0188,Bacteria,Proteobacteria,Gammaproteobacteria,Enterobacterales,Pseudoalteromonadaceae,Pseudoalteromonas
asv0189,Bacteria,Proteobacteria,Gammaproteobacteria,Enterobacterales,Pseudoalteromonadaceae,Pseudoalteromonas
asv0190,Bacteria,Proteobacteria,Gammaproteobacteria,Enterobacterales,Vibrionaceae,Vibrio
asv0191,Bacteria,Proteobacteria,Gammaproteobacteria,Enterobacterales,Pseudoalteromonadaceae,Pseudoalteromonas
asv0192,Bacteria,Proteobacteria,Alphaproteobacteria,NA,NA,NA
asv0193,Bacteria,Proteobacteria,Gammaproteobacteria,Enterobacterales,Pseudoalteromonadaceae,Pseudoalteromonas
asv0194,Bacteria,Cyanobacteria,Cyanobacteriia,Phormidesmiales,Nodosilineaceae,NA
asv0195,Bacteria,Bacteroidota,Bacteroidia,Flavobacteriales,Flavobacteriaceae,Ochrovirga
asv0196,Bacteria,Proteobacteria,Gammaproteobacteria,Enterobacterales,Vibrionaceae,Vibrio
asv0197,Bacteria,Proteobacteria,Alphaproteobacteria,Rickettsiales,NA,NA
asv0198,Bacteria,Bacteroidota,Bacteroidia,Cytophagales,Cyclobacteriaceae,Fulvivirga
asv0199,Bacteria,Bacteroidota,Bacteroidia,Cytophagales,Cyclobacteriaceae,Fulvivirga
asv0200,Bacteria,NA,NA,NA,NA,NA
asv0201,Bacteria,Proteobacteria,Alphaproteobacteria,Kiloniellales,Kiloniellaceae,Tistlia
asv0202,Bacteria,Proteobacteria,Gammaproteobacteria,Enterobacterales,Vibrionaceae,Vibrio
asv0203,Bacteria,Proteobacteria,Gammaproteobacteria,Pseudomonadales,Marinomonadaceae,Marinomonas
asv0204,Bacteria,Proteobacteria,Gammaproteobacteria,Enterobacterales,Vibrionaceae,NA
asv0205,Bacteria,Bacteroidota,Bacteroidia,Cytophagales,Amoebophilaceae,Candidatus Amoebophilus
asv0206,Bacteria,Proteobacteria,Gammaproteobacteria,Enterobacterales,Vibrionaceae,Vibrio
asv0207,Bacteria,Proteobacteria,Alphaproteobacteria,Rhodobacterales,Rhodobacteraceae,Nautella
asv0208,Bacteria,Proteobacteria,Gammaproteobacteria,Enterobacterales,Pseudoalteromonadaceae,Algicola
asv0209,Bacteria,Proteobacteria,Alphaproteobacteria,Kiloniellales,Kiloniellaceae,Tistlia
asv0210,Bacteria,Bacteroidota,Bacteroidia,Flavobacteriales,Flavobacteriaceae,NA
asv0211,Bacteria,Cyanobacteria,Cyanobacteriia,Phormidesmiales,Nodosilineaceae,NA
asv0212,Bacteria,Proteobacteria,Gammaproteobacteria,Enterobacterales,Vibrionaceae,Catenococcus
asv0213,Bacteria,Proteobacteria,Gammaproteobacteria,Pseudomonadales,Marinomonadaceae,Marinomonas
asv0214,Bacteria,Proteobacteria,Alphaproteobacteria,Kiloniellales,Kiloniellaceae,Tistlia
asv0215,Bacteria,Cyanobacteria,Cyanobacteriia,Phormidesmiales,Nodosilineaceae,NA
asv0216,Bacteria,Proteobacteria,Gammaproteobacteria,Enterobacterales,Pseudoalteromonadaceae,Algicola
asv0217,Bacteria,Proteobacteria,Gammaproteobacteria,Enterobacterales,Pseudoalteromonadaceae,Algicola
asv0218,Bacteria,Proteobacteria,Gammaproteobacteria,Enterobacterales,Vibrionaceae,Vibrio
asv0219,Bacteria,Proteobacteria,Gammaproteobacteria,Enterobacterales,Pseudoalteromonadaceae,Pseudoalteromonas
asv0220,Bacteria,Proteobacteria,Alphaproteobacteria,Kiloniellales,Kiloniellaceae,Tistlia
asv0221,Bacteria,Proteobacteria,Gammaproteobacteria,Enterobacterales,Vibrionaceae,Vibrio
asv0222,Bacteria,Proteobacteria,Alphaproteobacteria,NA,NA,NA
asv0223,Bacteria,Proteobacteria,Gammaproteobacteria,Enterobacterales,Vibrionaceae,Catenococcus
asv0224,Bacteria,Proteobacteria,Gammaproteobacteria,Enterobacterales,Pseudoalteromonadaceae,Pseudoalteromonas
asv0225,Bacteria,Bacteroidota,Bacteroidia,Cytophagales,Amoebophilaceae,Candidatus Amoebophilus
asv0226,Bacteria,Proteobacteria,Gammaproteobacteria,Pseudomonadales,Endozoicomonadaceae,Endozoicomonas
asv0227,Bacteria,Bacteroidota,Bacteroidia,Cytophagales,Amoebophilaceae,Candidatus Amoebophilus
asv0228,Bacteria,Proteobacteria,Gammaproteobacteria,Pseudomonadales,Endozoicomonadaceae,Endozoicomonas
asv0229,Bacteria,Proteobacteria,Alphaproteobacteria,Rhodobacterales,Rhodobacteraceae,NA
asv0230,Bacteria,Proteobacteria,Gammaproteobacteria,Enterobacterales,Vibrionaceae,Vibrio
asv0231,Bacteria,Bacteroidota,Bacteroidia,Cytophagales,Cyclobacteriaceae,Fulvivirga
asv0232,Bacteria,Proteobacteria,Gammaproteobacteria,Pseudomonadales,Marinomonadaceae,Marinomonas
asv0233,Bacteria,Proteobacteria,Alphaproteobacteria,Rhodobacterales,Rhodobacteraceae,Nautella
asv0234,Bacteria,Cyanobacteria,Cyanobacteriia,Phormidesmiales,Nodosilineaceae,NA
asv0235,Bacteria,Cyanobacteria,Cyanobacteriia,Phormidesmiales,Nodosilineaceae,NA
asv0236,Bacteria,Bacteroidota,Bacteroidia,Flavobacteriales,Flavobacteriaceae,NA
asv0237,Bacteria,Proteobacteria,NA,NA,NA,NA
asv0238,Bacteria,Proteobacteria,Gammaproteobacteria,Pseudomonadales,Endozoicomonadaceae,Endozoicomonas
asv0239,Bacteria,Cyanobacteria,Cyanobacteriia,Synechococcales,Cyanobiaceae,Synechococcus CC9902
asv0240,Bacteria,Proteobacteria,Gammaproteobacteria,Enterobacterales,Pseudoalteromonadaceae,Algicola
asv0241,Bacteria,Proteobacteria,NA,NA,NA,NA
asv0242,Bacteria,Proteobacteria,Gammaproteobacteria,Enterobacterales,Pseudoalteromonadaceae,Algicola
asv0243,Bacteria,NA,NA,NA,NA,NA
asv0244,Bacteria,Proteobacteria,Gammaproteobacteria,Enterobacterales,Vibrionaceae,NA
asv0245,Bacteria,Proteobacteria,Gammaproteobacteria,Enterobacterales,Pseudoalteromonadaceae,Algicola
asv0246,Bacteria,Proteobacteria,Gammaproteobacteria,Pseudomonadales,Endozoicomonadaceae,Endozoicomonas
asv0247,Bacteria,Proteobacteria,Gammaproteobacteria,Enterobacterales,Pseudoalteromonadaceae,Pseudoalteromonas
asv0248,Bacteria,Cyanobacteria,Cyanobacteriia,Synechococcales,Cyanobiaceae,Synechococcus CC9902
asv0249,Bacteria,Proteobacteria,Gammaproteobacteria,Enterobacterales,Pseudoalteromonadaceae,Pseudoalteromonas
asv0250,Bacteria,Proteobacteria,Gammaproteobacteria,Enterobacterales,Pseudoalteromonadaceae,Algicola
asv0251,Bacteria,Proteobacteria,Gammaproteobacteria,Enterobacterales,Pseudoalteromonadaceae,Pseudoalteromonas
asv0252,Bacteria,Proteobacteria,Gammaproteobacteria,Enterobacterales,Vibrionaceae,Catenococcus
asv0253,Bacteria,NA,NA,NA,NA,NA
asv0254,Bacteria,Proteobacteria,NA,NA,NA,NA
asv0255,Bacteria,Proteobacteria,Alphaproteobacteria,Rickettsiales,NA,NA
asv0256,Bacteria,Proteobacteria,Gammaproteobacteria,Pseudomonadales,Marinomonadaceae,Marinomonas
asv0257,Bacteria,Proteobacteria,Gammaproteobacteria,Enterobacterales,Pseudoalteromonadaceae,Pseudoalteromonas
asv0258,Bacteria,Campylobacterota,Campylobacteria,Campylobacterales,Arcobacteraceae,Halarcobacter
asv0259,Bacteria,Bacteroidota,Bacteroidia,Cytophagales,Cyclobacteriaceae,Fulvivirga
asv0260,Bacteria,Campylobacterota,Campylobacteria,Campylobacterales,Arcobacteraceae,Halarcobacter
asv0261,Bacteria,Campylobacterota,Campylobacteria,Campylobacterales,Arcobacteraceae,Halarcobacter
asv0262,Bacteria,Proteobacteria,Gammaproteobacteria,Enterobacterales,Pseudoalteromonadaceae,Pseudoalteromonas
asv0263,Bacteria,Proteobacteria,Gammaproteobacteria,Enterobacterales,Pseudoalteromonadaceae,Algicola
asv0264,Bacteria,Proteobacteria,Gammaproteobacteria,Enterobacterales,Vibrionaceae,Vibrio
asv0265,Bacteria,Bacteroidota,Bacteroidia,Flavobacteriales,Flavobacteriaceae,Ochrovirga
asv0266,Bacteria,Campylobacterota,Campylobacteria,Campylobacterales,Arcobacteraceae,Halarcobacter
asv0267,Bacteria,Bacteroidota,Bacteroidia,Flavobacteriales,Flavobacteriaceae,Ochrovirga
asv0268,Bacteria,Proteobacteria,Alphaproteobacteria,Rhodobacterales,Rhodobacteraceae,Nautella
asv0269,Bacteria,Bacteroidota,Bacteroidia,Cytophagales,Cyclobacteriaceae,Fulvivirga
asv0270,Bacteria,Proteobacteria,Gammaproteobacteria,Enterobacterales,Pseudoalteromonadaceae,Algicola
asv0271,Bacteria,Proteobacteria,Gammaproteobacteria,Enterobacterales,Pseudoalteromonadaceae,Pseudoalteromonas
asv0272,Bacteria,Proteobacteria,Alphaproteobacteria,Rickettsiales,Fokiniaceae,MD3-55
asv0273,Bacteria,Proteobacteria,Gammaproteobacteria,Pseudomonadales,Endozoicomonadaceae,Endozoicomonas
asv0274,Bacteria,Cyanobacteria,Cyanobacteriia,Phormidesmiales,Nodosilineaceae,NA
asv0275,Bacteria,Proteobacteria,Alphaproteobacteria,Rhodobacterales,Rhodobacteraceae,Nautella
asv0276,Bacteria,Proteobacteria,Gammaproteobacteria,Enterobacterales,Pseudoalteromonadaceae,Pseudoalteromonas
asv0277,Bacteria,Proteobacteria,Gammaproteobacteria,Enterobacterales,Pseudoalteromonadaceae,Algicola
asv0278,Bacteria,Bacteroidota,Bacteroidia,Flavobacteriales,Flavobacteriaceae,Ochrovirga
asv0279,Bacteria,Proteobacteria,Gammaproteobacteria,Pseudomonadales,Endozoicomonadaceae,Endozoicomonas
asv0280,Bacteria,Proteobacteria,Gammaproteobacteria,Enterobacterales,Pseudoalteromonadaceae,Algicola
asv0281,Bacteria,Bacteroidota,Bacteroidia,Flavobacteriales,Flavobacteriaceae,NA
asv0282,Bacteria,Proteobacteria,Gammaproteobacteria,Enterobacterales,Vibrionaceae,Vibrio
asv0283,Bacteria,Proteobacteria,Gammaproteobacteria,Pseudomonadales,Marinomonadaceae,Marinomonas
asv0284,Bacteria,Proteobacteria,Alphaproteobacteria,Kiloniellales,Kiloniellaceae,Tistlia
asv0285,Bacteria,Proteobacteria,Gammaproteobacteria,Enterobacterales,Vibrionaceae,Vibrio
asv0286,Bacteria,Proteobacteria,Gammaproteobacteria,Enterobacterales,Vibrionaceae,Vibrio
asv0287,Bacteria,Proteobacteria,Gammaproteobacteria,Pseudomonadales,Endozoicomonadaceae,Endozoicomonas
asv0288,Bacteria,Proteobacteria,Gammaproteobacteria,Enterobacterales,Pseudoalteromonadaceae,Pseudoalteromonas
asv0289,Bacteria,Proteobacteria,Gammaproteobacteria,Enterobacterales,Vibrionaceae,Vibrio
asv0290,Bacteria,NA,NA,NA,NA,NA
asv0291,Bacteria,Proteobacteria,Alphaproteobacteria,Rhodobacterales,Rhodobacteraceae,Nautella
asv0292,Bacteria,Proteobacteria,Alphaproteobacteria,Rhodobacterales,Rhodobacteraceae,Nautella
asv0293,Bacteria,Proteobacteria,Gammaproteobacteria,Pseudomonadales,Endozoicomonadaceae,Endozoicomonas
asv0294,Bacteria,NA,NA,NA,NA,NA
asv0295,Bacteria,Proteobacteria,Gammaproteobacteria,Pseudomonadales,Endozoicomonadaceae,Endozoicomonas
asv0296,Bacteria,Proteobacteria,Alphaproteobacteria,Rickettsiales,Fokiniaceae,MD3-55
asv0297,Bacteria,Proteobacteria,Alphaproteobacteria,Rickettsiales,NA,NA
asv0298,Bacteria,Proteobacteria,Gammaproteobacteria,Enterobacterales,Colwelliaceae,Thalassotalea
asv0299,Bacteria,Bacteroidota,Bacteroidia,Flavobacteriales,Flavobacteriaceae,Ochrovirga
asv0300,Bacteria,Proteobacteria,Alphaproteobacteria,Kiloniellales,Kiloniellaceae,Tistlia
asv0301,Bacteria,Proteobacteria,Gammaproteobacteria,Enterobacterales,Pseudoalteromonadaceae,Algicola
asv0302,Bacteria,Proteobacteria,Gammaproteobacteria,Enterobacterales,Colwelliaceae,Thalassotalea
asv0303,Bacteria,Proteobacteria,Gammaproteobacteria,Enterobacterales,Pseudoalteromonadaceae,Pseudoalteromonas
asv0304,Bacteria,Proteobacteria,Gammaproteobacteria,Pseudomonadales,Marinomonadaceae,Marinomonas
asv0305,Bacteria,Proteobacteria,Gammaproteobacteria,Enterobacterales,Pseudoalteromonadaceae,Pseudoalteromonas
asv0306,Bacteria,Proteobacteria,Alphaproteobacteria,NA,NA,NA
asv0307,Bacteria,Proteobacteria,Alphaproteobacteria,Rhodobacterales,Rhodobacteraceae,Nautella
asv0308,Bacteria,Proteobacteria,NA,NA,NA,NA
asv0309,Bacteria,Cyanobacteria,Cyanobacteriia,Phormidesmiales,Nodosilineaceae,NA
asv0310,Bacteria,Proteobacteria,Gammaproteobacteria,Enterobacterales,Colwelliaceae,Thalassotalea
asv0311,Bacteria,Proteobacteria,Alphaproteobacteria,Rickettsiales,Fokiniaceae,MD3-55
asv0312,Bacteria,Proteobacteria,Gammaproteobacteria,Enterobacterales,Vibrionaceae,NA
asv0313,Bacteria,Proteobacteria,Alphaproteobacteria,Rickettsiales,Fokiniaceae,MD3-55
asv0314,Bacteria,Bacteroidota,Bacteroidia,Flavobacteriales,Flavobacteriaceae,Ochrovirga
asv0315,Bacteria,Cyanobacteria,Cyanobacteriia,Synechococcales,Cyanobiaceae,Synechococcus CC9902
asv0316,Bacteria,Proteobacteria,Gammaproteobacteria,Enterobacterales,Pseudoalteromonadaceae,Pseudoalteromonas
asv0317,Bacteria,Proteobacteria,Gammaproteobacteria,Enterobacterales,Pseudoalteromonadaceae,Pseudoalteromonas
asv0318,Bacteria,Proteobacteria,Gammaproteobacteria,Enterobacterales,Pseudoalteromonadaceae,Pseudoalteromonas
asv0319,Bacteria,Proteobacteria,Gammaproteobacteria,Enterobacterales,Pseudoalteromonadaceae,Pseudoalteromonas
asv0320,Bacteria,Proteobacteria,Gammaproteobacteria,Enterobacterales,Pseudoalteromonadaceae,Pseudoalteromonas
asv0321,Bacteria,Proteobacteria,Alphaproteobacteria,Kiloniellales,Kiloniellaceae,Tistlia
asv0322,Bacteria,Bacteroidota,Bacteroidia,Flavobacteriales,Flavobacteriaceae,Ochrovirga
asv0323,Bacteria,Proteobacteria,Alphaproteobacteria,Kiloniellales,Kiloniellaceae,Tistlia
asv0324,Bacteria,Proteobacteria,Alphaproteobacteria,Rickettsiales,Fokiniaceae,MD3-55
asv0325,Bacteria,Bacteroidota,Bacteroidia,Flavobacteriales,Flavobacteriaceae,NA
asv0326,Bacteria,Proteobacteria,Alphaproteobacteria,NA,NA,NA
asv0327,Bacteria,Proteobacteria,Alphaproteobacteria,Rickettsiales,Fokiniaceae,MD3-55
asv0328,Bacteria,Proteobacteria,Gammaproteobacteria,Enterobacterales,Pseudoalteromonadaceae,Pseudoalteromonas
asv0329,Bacteria,Proteobacteria,Alphaproteobacteria,NA,NA,NA
asv0330,Bacteria,Proteobacteria,Gammaproteobacteria,Enterobacterales,Pseudoalteromonadaceae,Pseudoalteromonas
asv0331,Bacteria,Proteobacteria,Gammaproteobacteria,Enterobacterales,Pseudoalteromonadaceae,Algicola
asv0332,Bacteria,Proteobacteria,Alphaproteobacteria,Rhodobacterales,Rhodobacteraceae,Nautella
asv0333,Bacteria,Proteobacteria,Alphaproteobacteria,Kiloniellales,Kiloniellaceae,Tistlia
asv0334,Bacteria,Proteobacteria,Gammaproteobacteria,Enterobacterales,Colwelliaceae,Thalassotalea
asv0335,Bacteria,Proteobacteria,Gammaproteobacteria,Pseudomonadales,Endozoicomonadaceae,Endozoicomonas
asv0336,Bacteria,Proteobacteria,Gammaproteobacteria,Enterobacterales,Alteromonadaceae,Aestuariibacter
asv0337,Bacteria,Campylobacterota,Campylobacteria,Campylobacterales,Arcobacteraceae,Halarcobacter
asv0338,Bacteria,Proteobacteria,Alphaproteobacteria,Rickettsiales,Fokiniaceae,MD3-55
asv0339,Bacteria,Proteobacteria,Alphaproteobacteria,NA,NA,NA
asv0340,Bacteria,Campylobacterota,Campylobacteria,Campylobacterales,Arcobacteraceae,Halarcobacter
asv0341,Bacteria,Proteobacteria,Alphaproteobacteria,Rhodobacterales,Rhodobacteraceae,Nautella
asv0342,Bacteria,Proteobacteria,Gammaproteobacteria,Pseudomonadales,Endozoicomonadaceae,Endozoicomonas
asv0343,Bacteria,Proteobacteria,Gammaproteobacteria,Enterobacterales,Pseudoalteromonadaceae,Pseudoalteromonas
asv0344,Bacteria,NA,NA,NA,NA,NA
asv0345,Bacteria,Proteobacteria,Alphaproteobacteria,Kiloniellales,Kiloniellaceae,Tistlia
asv0346,Bacteria,Proteobacteria,Gammaproteobacteria,Enterobacterales,NA,NA
asv0347,Bacteria,Campylobacterota,Campylobacteria,Campylobacterales,Arcobacteraceae,Halarcobacter
asv0348,Bacteria,Campylobacterota,Campylobacteria,Campylobacterales,Arcobacteraceae,Halarcobacter
asv0349,Bacteria,Proteobacteria,Alphaproteobacteria,Rhodobacterales,Rhodobacteraceae,NA
asv0350,Bacteria,Campylobacterota,Campylobacteria,Campylobacterales,Arcobacteraceae,Halarcobacter
asv0351,Bacteria,Campylobacterota,Campylobacteria,Campylobacterales,Arcobacteraceae,Halarcobacter
asv0352,Bacteria,Proteobacteria,Gammaproteobacteria,Enterobacterales,Vibrionaceae,Photobacterium
asv0353,Bacteria,Campylobacterota,Campylobacteria,Campylobacterales,Arcobacteraceae,Malaciobacter
asv0354,Bacteria,Proteobacteria,Alphaproteobacteria,Kiloniellales,Kiloniellaceae,Tistlia
asv0355,Bacteria,Proteobacteria,Alphaproteobacteria,Rickettsiales,Fokiniaceae,MD3-55
asv0356,Bacteria,Proteobacteria,Gammaproteobacteria,Pseudomonadales,Marinomonadaceae,Marinomonas
asv0357,Bacteria,Proteobacteria,Gammaproteobacteria,Burkholderiales,Burkholderiaceae,Ralstonia
asv0358,Bacteria,Campylobacterota,Campylobacteria,Campylobacterales,Arcobacteraceae,Halarcobacter
asv0359,Bacteria,Campylobacterota,Campylobacteria,Campylobacterales,Arcobacteraceae,NA
asv0360,Bacteria,Patescibacteria,Gracilibacteria,JGI 0000069-P22,NA,NA
asv0361,Bacteria,Campylobacterota,Campylobacteria,Campylobacterales,Arcobacteraceae,Halarcobacter
asv0362,Bacteria,Proteobacteria,Alphaproteobacteria,NA,NA,NA
asv0363,Bacteria,Proteobacteria,Gammaproteobacteria,Enterobacterales,Pseudoalteromonadaceae,Pseudoalteromonas
asv0364,Bacteria,Proteobacteria,Gammaproteobacteria,Enterobacterales,Colwelliaceae,Thalassotalea
asv0365,Bacteria,Cyanobacteria,Cyanobacteriia,Synechococcales,Cyanobiaceae,Synechococcus CC9902
asv0366,Bacteria,Proteobacteria,Gammaproteobacteria,Enterobacterales,Colwelliaceae,Thalassotalea
asv0367,Bacteria,Cyanobacteria,Cyanobacteriia,Phormidesmiales,Nodosilineaceae,NA
asv0368,Bacteria,Campylobacterota,Campylobacteria,Campylobacterales,Arcobacteraceae,Malaciobacter
asv0369,Bacteria,Proteobacteria,Alphaproteobacteria,Rickettsiales,Rickettsiaceae,Candidatus Megaira
asv0370,Bacteria,Proteobacteria,Gammaproteobacteria,Enterobacterales,Colwelliaceae,Thalassotalea
asv0371,Bacteria,Patescibacteria,Gracilibacteria,JGI 0000069-P22,NA,NA
asv0372,Bacteria,Proteobacteria,Gammaproteobacteria,Enterobacterales,Colwelliaceae,Thalassotalea
asv0373,Bacteria,Firmicutes,Bacilli,Exiguobacterales,Exiguobacteraceae,Exiguobacterium
asv0374,Bacteria,Firmicutes,Bacilli,Exiguobacterales,Exiguobacteraceae,Exiguobacterium
asv0375,Bacteria,Proteobacteria,Alphaproteobacteria,Rickettsiales,Fokiniaceae,MD3-55
asv0376,Bacteria,Proteobacteria,Alphaproteobacteria,Rickettsiales,Fokiniaceae,MD3-55
asv0377,Bacteria,Cyanobacteria,Cyanobacteriia,Synechococcales,Cyanobiaceae,Cyanobium PCC-6307
asv0378,Bacteria,Proteobacteria,Alphaproteobacteria,Rickettsiales,Fokiniaceae,MD3-55
asv0379,Bacteria,Proteobacteria,Gammaproteobacteria,Enterobacterales,Colwelliaceae,Thalassotalea
asv0380,Bacteria,Proteobacteria,Gammaproteobacteria,Enterobacterales,Pseudoalteromonadaceae,Algicola
asv0381,Bacteria,Bacteroidota,Bacteroidia,Cytophagales,Cyclobacteriaceae,NA
asv0382,Bacteria,Proteobacteria,Gammaproteobacteria,Enterobacterales,Vibrionaceae,Photobacterium
asv0383,Bacteria,Cyanobacteria,Cyanobacteriia,Synechococcales,Cyanobiaceae,Synechococcus CC9902
asv0384,Bacteria,Proteobacteria,Gammaproteobacteria,Enterobacterales,Pseudoalteromonadaceae,Pseudoalteromonas
asv0385,Bacteria,Proteobacteria,Gammaproteobacteria,Enterobacterales,Colwelliaceae,Thalassotalea
asv0386,Bacteria,Cyanobacteria,Cyanobacteriia,Synechococcales,Cyanobiaceae,Synechococcus CC9902
asv0387,Bacteria,Campylobacterota,Campylobacteria,Campylobacterales,Arcobacteraceae,Halarcobacter
asv0388,Bacteria,Proteobacteria,Alphaproteobacteria,Rickettsiales,Fokiniaceae,MD3-55
asv0389,Bacteria,Campylobacterota,Campylobacteria,Campylobacterales,Arcobacteraceae,Halarcobacter
asv0390,Bacteria,Proteobacteria,Alphaproteobacteria,Rhodobacterales,Rhodobacteraceae,Nautella
asv0391,Bacteria,Bacteroidota,Bacteroidia,Cytophagales,Cyclobacteriaceae,NA
asv0392,Bacteria,Proteobacteria,Alphaproteobacteria,Rhodobacterales,Rhodobacteraceae,Nautella
asv0393,Bacteria,Proteobacteria,Gammaproteobacteria,Francisellales,Francisellaceae,[Caedibacter] taeniospiralis group
asv0394,Bacteria,Proteobacteria,Gammaproteobacteria,Burkholderiales,Burkholderiaceae,Ralstonia
asv0395,Bacteria,Proteobacteria,Alphaproteobacteria,Rickettsiales,Fokiniaceae,MD3-55
asv0396,Bacteria,Proteobacteria,Gammaproteobacteria,Francisellales,Francisellaceae,[Caedibacter] taeniospiralis group
asv0397,Bacteria,Cyanobacteria,Cyanobacteriia,Synechococcales,Cyanobiaceae,Synechococcus CC9902
asv0398,Bacteria,Proteobacteria,Gammaproteobacteria,Enterobacterales,Pseudoalteromonadaceae,Algicola
asv0399,Bacteria,Proteobacteria,Gammaproteobacteria,Pseudomonadales,Pseudomonadaceae,Pseudomonas
asv0400,Bacteria,Proteobacteria,Gammaproteobacteria,Enterobacterales,Colwelliaceae,Thalassotalea
asv0401,Bacteria,Proteobacteria,Gammaproteobacteria,NA,NA,NA
asv0402,Bacteria,Proteobacteria,Alphaproteobacteria,Sphingomonadales,Sphingomonadaceae,Erythrobacter
asv0403,Bacteria,Proteobacteria,Gammaproteobacteria,Burkholderiales,Burkholderiaceae,Ralstonia
asv0404,Bacteria,Proteobacteria,Alphaproteobacteria,NA,NA,NA
asv0405,Bacteria,Proteobacteria,Gammaproteobacteria,Pseudomonadales,Nitrincolaceae,Amphritea
asv0406,Bacteria,Proteobacteria,Gammaproteobacteria,Enterobacterales,Pseudoalteromonadaceae,Algicola
asv0407,Bacteria,Patescibacteria,Gracilibacteria,JGI 0000069-P22,NA,NA
asv0408,Bacteria,Campylobacterota,Campylobacteria,Campylobacterales,Arcobacteraceae,Halarcobacter
asv0409,Bacteria,Proteobacteria,Gammaproteobacteria,Enterobacterales,Colwelliaceae,Thalassotalea
asv0410,Bacteria,Proteobacteria,Gammaproteobacteria,NA,NA,NA
asv0411,Bacteria,Proteobacteria,Gammaproteobacteria,Pseudomonadales,Nitrincolaceae,Amphritea
asv0412,Bacteria,Bacteroidota,Bacteroidia,Cytophagales,Cyclobacteriaceae,NA
asv0413,Bacteria,Cyanobacteria,Cyanobacteriia,Synechococcales,Cyanobiaceae,Synechococcus CC9902
asv0414,Bacteria,Proteobacteria,Gammaproteobacteria,Enterobacterales,Colwelliaceae,Thalassotalea
asv0415,Bacteria,Proteobacteria,Alphaproteobacteria,Rhodobacterales,Rhodobacteraceae,Yangia
asv0416,Bacteria,Proteobacteria,Alphaproteobacteria,Sphingomonadales,Sphingomonadaceae,Erythrobacter
asv0417,Bacteria,Campylobacterota,Campylobacteria,Campylobacterales,Arcobacteraceae,Halarcobacter
asv0418,Bacteria,Proteobacteria,Alphaproteobacteria,Rickettsiales,Fokiniaceae,MD3-55
asv0419,Bacteria,Proteobacteria,Gammaproteobacteria,Enterobacterales,Vibrionaceae,Catenococcus
asv0420,Bacteria,Bacteroidota,Bacteroidia,Cytophagales,Cyclobacteriaceae,NA
asv0421,Bacteria,Proteobacteria,Gammaproteobacteria,Pseudomonadales,Pseudomonadaceae,Pseudomonas
asv0422,Bacteria,Actinobacteriota,Actinobacteria,Micrococcales,Dermacoccaceae,Flexivirga
asv0423,Bacteria,Proteobacteria,Alphaproteobacteria,Rickettsiales,Fokiniaceae,MD3-55
asv0424,Bacteria,Firmicutes,Bacilli,Exiguobacterales,Exiguobacteraceae,Exiguobacterium
asv0425,Bacteria,Proteobacteria,Gammaproteobacteria,Enterobacterales,Shewanellaceae,Shewanella
asv0426,Bacteria,Firmicutes,Bacilli,Exiguobacterales,Exiguobacteraceae,Exiguobacterium
asv0427,Bacteria,Proteobacteria,Gammaproteobacteria,Burkholderiales,Burkholderiaceae,Ralstonia
asv0428,Bacteria,Proteobacteria,Gammaproteobacteria,Enterobacterales,Pseudoalteromonadaceae,Psychrosphaera
asv0429,Bacteria,Proteobacteria,Alphaproteobacteria,Rickettsiales,Fokiniaceae,MD3-55
asv0430,Bacteria,Patescibacteria,Gracilibacteria,JGI 0000069-P22,NA,NA
asv0431,Bacteria,Proteobacteria,Alphaproteobacteria,Sphingomonadales,Sphingomonadaceae,Erythrobacter
asv0432,Bacteria,Proteobacteria,Gammaproteobacteria,Pseudomonadales,Endozoicomonadaceae,Endozoicomonas
asv0433,Bacteria,Proteobacteria,Gammaproteobacteria,Enterobacterales,Pseudoalteromonadaceae,Algicola
asv0434,Bacteria,Proteobacteria,Alphaproteobacteria,Rhodobacterales,Rhodobacteraceae,NA
asv0435,Bacteria,Myxococcota,Myxococcia,Myxococcales,Myxococcaceae,P3OB-42
asv0436,Bacteria,Campylobacterota,Campylobacteria,Campylobacterales,Arcobacteraceae,Halarcobacter
asv0437,Bacteria,Proteobacteria,Gammaproteobacteria,Enterobacterales,Colwelliaceae,Thalassotalea
asv0438,Bacteria,Proteobacteria,Alphaproteobacteria,Rickettsiales,Fokiniaceae,MD3-55
asv0439,Bacteria,Proteobacteria,Gammaproteobacteria,NA,NA,NA
asv0440,Bacteria,Proteobacteria,Gammaproteobacteria,Enterobacterales,Pseudoalteromonadaceae,Pseudoalteromonas
asv0441,Bacteria,Bacteroidota,Bacteroidia,Cytophagales,Cyclobacteriaceae,NA
asv0442,Bacteria,Proteobacteria,Gammaproteobacteria,Pseudomonadales,Pseudomonadaceae,Pseudomonas
asv0443,Bacteria,Proteobacteria,Gammaproteobacteria,Burkholderiales,Burkholderiaceae,Ralstonia
asv0444,Bacteria,Firmicutes,Bacilli,Exiguobacterales,Exiguobacteraceae,Exiguobacterium
asv0445,Bacteria,Bacteroidota,Bacteroidia,Cytophagales,Cyclobacteriaceae,NA
asv0446,Bacteria,Proteobacteria,Alphaproteobacteria,Rickettsiales,Fokiniaceae,MD3-55
asv0447,Bacteria,Myxococcota,Myxococcia,Myxococcales,Myxococcaceae,P3OB-42
asv0448,Bacteria,Myxococcota,Myxococcia,Myxococcales,Myxococcaceae,P3OB-42
asv0449,Bacteria,Proteobacteria,Gammaproteobacteria,Enterobacterales,Colwelliaceae,Thalassotalea
asv0450,Bacteria,Proteobacteria,Gammaproteobacteria,Enterobacterales,Colwelliaceae,Thalassotalea
asv0451,Bacteria,Proteobacteria,Alphaproteobacteria,NA,NA,NA
asv0452,Bacteria,Proteobacteria,Alphaproteobacteria,Rhodobacterales,Rhodobacteraceae,Yangia
asv0453,Bacteria,Proteobacteria,Gammaproteobacteria,Enterobacterales,Pseudoalteromonadaceae,Algicola
asv0454,Bacteria,Myxococcota,Myxococcia,Myxococcales,Myxococcaceae,P3OB-42
asv0455,Bacteria,Proteobacteria,Gammaproteobacteria,Enterobacterales,Vibrionaceae,Photobacterium
asv0456,Bacteria,Proteobacteria,Alphaproteobacteria,Rhodobacterales,Rhodobacteraceae,Yangia
asv0457,Bacteria,Myxococcota,Myxococcia,Myxococcales,Myxococcaceae,P3OB-42
asv0458,Bacteria,Proteobacteria,Alphaproteobacteria,Rickettsiales,Fokiniaceae,MD3-55
asv0459,Bacteria,Proteobacteria,Gammaproteobacteria,Enterobacterales,Pseudoalteromonadaceae,Pseudoalteromonas
asv0460,Bacteria,Proteobacteria,Gammaproteobacteria,Enterobacterales,Colwelliaceae,Thalassotalea
asv0461,Bacteria,Proteobacteria,Gammaproteobacteria,Pseudomonadales,Nitrincolaceae,Amphritea
asv0462,Bacteria,Proteobacteria,Gammaproteobacteria,Pseudomonadales,Moraxellaceae,Acinetobacter
asv0463,Bacteria,Proteobacteria,Gammaproteobacteria,Enterobacterales,Alteromonadaceae,Aestuariibacter
asv0464,Bacteria,Proteobacteria,Alphaproteobacteria,Rhodobacterales,Rhodobacteraceae,Ruegeria
asv0465,Bacteria,Cyanobacteria,Cyanobacteriia,Phormidesmiales,Nodosilineaceae,NA
asv0466,Bacteria,Proteobacteria,Alphaproteobacteria,Rickettsiales,Fokiniaceae,MD3-55
asv0467,Bacteria,Proteobacteria,Gammaproteobacteria,Burkholderiales,Comamonadaceae,NA
asv0468,Bacteria,Proteobacteria,Alphaproteobacteria,Rickettsiales,Fokiniaceae,MD3-55
asv0469,Bacteria,Proteobacteria,Gammaproteobacteria,NA,NA,NA
asv0470,Bacteria,Proteobacteria,Gammaproteobacteria,Enterobacterales,Shewanellaceae,Shewanella
asv0471,Bacteria,Proteobacteria,Alphaproteobacteria,Rickettsiales,Fokiniaceae,MD3-55
asv0472,Bacteria,Proteobacteria,Gammaproteobacteria,Enterobacterales,Shewanellaceae,Shewanella
asv0473,Bacteria,Proteobacteria,Gammaproteobacteria,Enterobacterales,Pseudoalteromonadaceae,Pseudoalteromonas
asv0474,Bacteria,Proteobacteria,Alphaproteobacteria,Rhodobacterales,Rhodobacteraceae,Mameliella
asv0475,Bacteria,Proteobacteria,Gammaproteobacteria,Enterobacterales,Shewanellaceae,Shewanella
asv0476,Bacteria,Proteobacteria,Gammaproteobacteria,Enterobacterales,Vibrionaceae,Photobacterium
asv0477,Bacteria,Proteobacteria,Alphaproteobacteria,NA,NA,NA
asv0478,Bacteria,Proteobacteria,Gammaproteobacteria,Enterobacterales,Shewanellaceae,Shewanella
asv0479,Bacteria,Proteobacteria,Alphaproteobacteria,Rhodobacterales,Rhodobacteraceae,Ruegeria
asv0480,Bacteria,Firmicutes,Bacilli,Exiguobacterales,Exiguobacteraceae,Exiguobacterium
asv0481,Bacteria,Proteobacteria,Gammaproteobacteria,Enterobacterales,Colwelliaceae,Thalassotalea
asv0482,Bacteria,Proteobacteria,Alphaproteobacteria,Rickettsiales,Fokiniaceae,MD3-55
asv0483,Bacteria,Patescibacteria,Gracilibacteria,JGI 0000069-P22,NA,NA
asv0484,Bacteria,Proteobacteria,Gammaproteobacteria,Legionellales,Legionellaceae,Legionella
asv0485,Bacteria,Proteobacteria,Gammaproteobacteria,Enterobacterales,Pseudoalteromonadaceae,Algicola
asv0486,Bacteria,Proteobacteria,Gammaproteobacteria,Pseudomonadales,Moraxellaceae,Acinetobacter
asv0487,Bacteria,Proteobacteria,Gammaproteobacteria,Enterobacterales,Pseudoalteromonadaceae,Pseudoalteromonas
asv0488,Bacteria,Proteobacteria,Gammaproteobacteria,Enterobacterales,Alteromonadaceae,Aestuariibacter
asv0489,Bacteria,Proteobacteria,Gammaproteobacteria,NA,NA,NA
asv0490,Bacteria,Firmicutes,Bacilli,Entomoplasmatales,NA,NA
asv0491,Bacteria,Proteobacteria,Alphaproteobacteria,Rhodobacterales,Rhodobacteraceae,NA
asv0492,Bacteria,Firmicutes,Bacilli,Exiguobacterales,Exiguobacteraceae,Exiguobacterium
asv0493,Bacteria,Proteobacteria,Gammaproteobacteria,Enterobacterales,Vibrionaceae,Photobacterium
asv0494,Bacteria,Proteobacteria,Gammaproteobacteria,Pseudomonadales,Moraxellaceae,Acinetobacter
asv0495,Bacteria,Proteobacteria,Alphaproteobacteria,NA,NA,NA
asv0496,Bacteria,Proteobacteria,Alphaproteobacteria,Rickettsiales,Fokiniaceae,MD3-55
asv0497,Bacteria,Bdellovibrionota,Oligoflexia,Silvanigrellales,Silvanigrellaceae,NA
asv0498,Bacteria,Proteobacteria,Gammaproteobacteria,Enterobacterales,Alteromonadaceae,Aestuariibacter
asv0499,Bacteria,Firmicutes,Bacilli,Entomoplasmatales,NA,NA
asv0500,Bacteria,Proteobacteria,Gammaproteobacteria,Enterobacterales,Colwelliaceae,Thalassotalea
asv0501,Bacteria,Proteobacteria,Gammaproteobacteria,Francisellales,Francisellaceae,[Caedibacter] taeniospiralis group
asv0502,Bacteria,Proteobacteria,Gammaproteobacteria,Enterobacterales,Vibrionaceae,Photobacterium
asv0503,Bacteria,Cyanobacteria,Cyanobacteriia,Synechococcales,Cyanobiaceae,Synechococcus CC9902
asv0504,Bacteria,Proteobacteria,Alphaproteobacteria,NA,NA,NA
asv0505,Bacteria,Proteobacteria,Gammaproteobacteria,Enterobacterales,Pseudoalteromonadaceae,Algicola
asv0506,Bacteria,Proteobacteria,Gammaproteobacteria,Enterobacterales,Colwelliaceae,Thalassotalea
asv0507,Bacteria,Proteobacteria,Gammaproteobacteria,Enterobacterales,Vibrionaceae,Vibrio
asv0508,Bacteria,Proteobacteria,Gammaproteobacteria,Enterobacterales,Vibrionaceae,Grimontia
asv0509,Bacteria,Proteobacteria,Alphaproteobacteria,Rhodobacterales,Rhodobacteraceae,Donghicola
asv0510,Bacteria,Cyanobacteria,Cyanobacteriia,Synechococcales,Cyanobiaceae,Synechococcus CC9902
asv0511,Bacteria,Proteobacteria,Gammaproteobacteria,Enterobacterales,Colwelliaceae,Thalassotalea
asv0512,Bacteria,Proteobacteria,Alphaproteobacteria,Rickettsiales,Fokiniaceae,MD3-55
asv0513,Bacteria,Proteobacteria,Gammaproteobacteria,Pseudomonadales,Nitrincolaceae,Marinobacterium
asv0514,Bacteria,Proteobacteria,Alphaproteobacteria,NA,NA,NA
asv0515,Bacteria,Proteobacteria,Gammaproteobacteria,Enterobacterales,Shewanellaceae,Shewanella
asv0516,Bacteria,Proteobacteria,Gammaproteobacteria,Enterobacterales,Shewanellaceae,Shewanella
asv0517,Bacteria,Proteobacteria,Gammaproteobacteria,Enterobacterales,Shewanellaceae,Shewanella
asv0518,Bacteria,Proteobacteria,Alphaproteobacteria,Rickettsiales,Fokiniaceae,MD3-55
asv0519,Bacteria,Proteobacteria,Alphaproteobacteria,Rhodobacterales,Rhodobacteraceae,Yangia
asv0520,Bacteria,Proteobacteria,Alphaproteobacteria,Rickettsiales,AB1,NA
asv0521,Bacteria,Proteobacteria,Alphaproteobacteria,Rickettsiales,Fokiniaceae,MD3-55
asv0522,Bacteria,Proteobacteria,Gammaproteobacteria,Enterobacterales,Pseudoalteromonadaceae,Psychrosphaera
asv0523,Bacteria,Proteobacteria,Gammaproteobacteria,Enterobacterales,Vibrionaceae,Catenococcus
asv0524,Bacteria,Proteobacteria,Gammaproteobacteria,Enterobacterales,Colwelliaceae,Thalassotalea
asv0525,Bacteria,Proteobacteria,Gammaproteobacteria,Pseudomonadales,Pseudomonadaceae,Pseudomonas
asv0526,Bacteria,Proteobacteria,Gammaproteobacteria,Enterobacterales,Vibrionaceae,Photobacterium
asv0527,Bacteria,Proteobacteria,Alphaproteobacteria,Rickettsiales,AB1,NA
asv0528,Bacteria,Proteobacteria,Alphaproteobacteria,Rhodobacterales,Rhodobacteraceae,Donghicola
asv0529,Bacteria,Proteobacteria,Alphaproteobacteria,Rhodobacterales,Rhodobacteraceae,Paracoccus
asv0530,Bacteria,Cyanobacteria,Cyanobacteriia,Synechococcales,Cyanobiaceae,Synechococcus CC9902
asv0531,Bacteria,Proteobacteria,Gammaproteobacteria,Enterobacterales,Colwelliaceae,Thalassotalea
asv0532,Bacteria,Proteobacteria,Gammaproteobacteria,Pseudomonadales,Pseudomonadaceae,Pseudomonas
asv0533,Bacteria,Firmicutes,Bacilli,Exiguobacterales,Exiguobacteraceae,Exiguobacterium
asv0534,Bacteria,Cyanobacteria,Cyanobacteriia,Synechococcales,Cyanobiaceae,Cyanobium PCC-6307
asv0535,Bacteria,Proteobacteria,Alphaproteobacteria,Rhodobacterales,Rhodobacteraceae,NA
asv0536,Bacteria,Proteobacteria,Gammaproteobacteria,NA,NA,NA
asv0537,Bacteria,Proteobacteria,Gammaproteobacteria,Enterobacterales,Pseudoalteromonadaceae,Pseudoalteromonas
asv0538,Bacteria,Proteobacteria,Gammaproteobacteria,Enterobacterales,Vibrionaceae,Photobacterium
asv0539,Bacteria,Proteobacteria,Alphaproteobacteria,Rhodobacterales,Rhodobacteraceae,NA
asv0540,Bacteria,Proteobacteria,Alphaproteobacteria,Sphingomonadales,Sphingomonadaceae,Erythrobacter
asv0541,Bacteria,Proteobacteria,Gammaproteobacteria,Enterobacterales,Shewanellaceae,Shewanella
asv0542,Bacteria,Cyanobacteria,Cyanobacteriia,Synechococcales,Cyanobiaceae,Cyanobium PCC-6307
asv0543,Bacteria,Proteobacteria,Gammaproteobacteria,Enterobacterales,Colwelliaceae,Thalassotalea
asv0544,Bacteria,Proteobacteria,Gammaproteobacteria,Enterobacterales,Alteromonadaceae,Aestuariibacter
asv0545,Bacteria,Firmicutes,Bacilli,Exiguobacterales,Exiguobacteraceae,Exiguobacterium
asv0546,Bacteria,Proteobacteria,Alphaproteobacteria,Rhodobacterales,Rhodobacteraceae,NA
asv0547,Bacteria,Actinobacteriota,Actinobacteria,Micrococcales,Dermacoccaceae,Flexivirga
asv0548,Bacteria,Proteobacteria,Gammaproteobacteria,Enterobacterales,Colwelliaceae,Thalassotalea
asv0549,Bacteria,Proteobacteria,Gammaproteobacteria,Pseudomonadales,Nitrincolaceae,Amphritea
asv0550,Bacteria,Proteobacteria,Alphaproteobacteria,Rhodobacterales,Rhodobacteraceae,Yangia
asv0551,Bacteria,NA,NA,NA,NA,NA
asv0552,Bacteria,Spirochaetota,Spirochaetia,Spirochaetales,Spirochaetaceae,Spirochaeta 2
asv0553,Bacteria,Proteobacteria,Gammaproteobacteria,Enterobacterales,Vibrionaceae,Photobacterium
asv0554,Bacteria,Proteobacteria,Alphaproteobacteria,Rhodobacterales,Rhodobacteraceae,Yangia
asv0555,Bacteria,Proteobacteria,Alphaproteobacteria,NA,NA,NA
asv0556,Bacteria,Proteobacteria,Alphaproteobacteria,Rhodobacterales,Rhodobacteraceae,NA
asv0557,Bacteria,Proteobacteria,Alphaproteobacteria,Rhodobacterales,Rhodobacteraceae,NA
asv0558,Bacteria,Proteobacteria,Gammaproteobacteria,Enterobacterales,Shewanellaceae,Shewanella
asv0559,Bacteria,Proteobacteria,Alphaproteobacteria,Rhodobacterales,Rhodobacteraceae,NA
asv0560,Bacteria,Proteobacteria,Gammaproteobacteria,Enterobacterales,Pseudoalteromonadaceae,Psychrosphaera
asv0561,Bacteria,Proteobacteria,Alphaproteobacteria,NA,NA,NA
asv0562,Bacteria,Proteobacteria,Alphaproteobacteria,Micavibrionales,Micavibrionaceae,NA
asv0563,Bacteria,Proteobacteria,Gammaproteobacteria,Enterobacterales,Colwelliaceae,Thalassotalea
asv0564,Bacteria,Proteobacteria,Alphaproteobacteria,Rhodobacterales,Rhodobacteraceae,NA
asv0565,Bacteria,Proteobacteria,Alphaproteobacteria,Rhodobacterales,Rhodobacteraceae,Yangia
asv0566,Bacteria,Proteobacteria,Gammaproteobacteria,Enterobacterales,Aeromonadaceae,Aeromonas
asv0567,Bacteria,Proteobacteria,Alphaproteobacteria,NA,NA,NA
asv0568,Bacteria,Proteobacteria,Gammaproteobacteria,Burkholderiales,Burkholderiaceae,Ralstonia
asv0569,Bacteria,Proteobacteria,Gammaproteobacteria,Enterobacterales,Colwelliaceae,Thalassotalea
asv0570,Bacteria,Proteobacteria,Gammaproteobacteria,Enterobacterales,Pseudoalteromonadaceae,Algicola
asv0571,Bacteria,Proteobacteria,Alphaproteobacteria,Caulobacterales,Parvularculaceae,NA
asv0572,Bacteria,Proteobacteria,Alphaproteobacteria,Rickettsiales,Fokiniaceae,MD3-55
asv0573,Bacteria,Proteobacteria,Gammaproteobacteria,Pseudomonadales,Nitrincolaceae,Amphritea
asv0574,Bacteria,Proteobacteria,Gammaproteobacteria,Enterobacterales,Pseudoalteromonadaceae,Algicola
asv0575,Bacteria,Cyanobacteria,Cyanobacteriia,Synechococcales,Cyanobiaceae,Synechococcus CC9902
asv0576,Bacteria,Proteobacteria,Alphaproteobacteria,Rhodobacterales,Rhodobacteraceae,Mameliella
asv0577,Bacteria,Proteobacteria,Gammaproteobacteria,Pseudomonadales,Moraxellaceae,Acinetobacter
asv0578,Bacteria,Proteobacteria,Gammaproteobacteria,Burkholderiales,Burkholderiaceae,Ralstonia
asv0579,Bacteria,Proteobacteria,Gammaproteobacteria,Pseudomonadales,Halomonadaceae,Chromohalobacter
asv0580,Bacteria,Proteobacteria,Alphaproteobacteria,Rickettsiales,Fokiniaceae,MD3-55
asv0581,Bacteria,Proteobacteria,Gammaproteobacteria,Enterobacterales,Colwelliaceae,Thalassotalea
asv0582,Bacteria,Proteobacteria,Gammaproteobacteria,Enterobacterales,Alteromonadaceae,Rheinheimera
asv0583,Bacteria,Proteobacteria,Gammaproteobacteria,NA,NA,NA
asv0584,Bacteria,Proteobacteria,Alphaproteobacteria,Sphingomonadales,Sphingomonadaceae,Novosphingobium
asv0585,Bacteria,Proteobacteria,Gammaproteobacteria,Burkholderiales,Burkholderiaceae,Ralstonia
asv0586,Bacteria,Proteobacteria,Alphaproteobacteria,Rickettsiales,Rickettsiaceae,NA
asv0587,Bacteria,Proteobacteria,Gammaproteobacteria,Enterobacterales,Alteromonadaceae,Alteromonas
asv0588,Bacteria,Proteobacteria,Gammaproteobacteria,Francisellales,Francisellaceae,[Caedibacter] taeniospiralis group
asv0589,Bacteria,Proteobacteria,Alphaproteobacteria,Rhodobacterales,Rhodobacteraceae,Paracoccus
asv0590,Bacteria,Proteobacteria,Alphaproteobacteria,Rickettsiales,Rickettsiaceae,NA
asv0591,Bacteria,Proteobacteria,Gammaproteobacteria,NA,NA,NA
asv0592,Bacteria,Proteobacteria,Alphaproteobacteria,Rickettsiales,Fokiniaceae,MD3-55
asv0593,Bacteria,Fusobacteriota,Fusobacteriia,Fusobacteriales,Fusobacteriaceae,Cetobacterium
asv0594,Bacteria,Proteobacteria,Gammaproteobacteria,Francisellales,Francisellaceae,[Caedibacter] taeniospiralis group
asv0595,Bacteria,Proteobacteria,Gammaproteobacteria,Enterobacterales,Pseudoalteromonadaceae,Psychrosphaera
asv0596,Bacteria,Proteobacteria,Gammaproteobacteria,Enterobacterales,Colwelliaceae,Thalassotalea
asv0597,Bacteria,Proteobacteria,Alphaproteobacteria,Rhodobacterales,Rhodobacteraceae,NA
asv0598,Bacteria,Proteobacteria,Alphaproteobacteria,Rhodobacterales,Rhodobacteraceae,NA
asv0599,Bacteria,Proteobacteria,Gammaproteobacteria,Burkholderiales,Comamonadaceae,NA
asv0600,Bacteria,Proteobacteria,Alphaproteobacteria,Rhodobacterales,Rhodobacteraceae,NA
asv0601,Bacteria,Proteobacteria,Gammaproteobacteria,Burkholderiales,Burkholderiaceae,Ralstonia
asv0602,Bacteria,Proteobacteria,Gammaproteobacteria,Enterobacterales,Alteromonadaceae,Aestuariibacter
asv0603,Bacteria,Proteobacteria,Alphaproteobacteria,Rhodobacterales,Rhodobacteraceae,HIMB11
asv0604,Bacteria,Proteobacteria,Gammaproteobacteria,Pseudomonadales,Saccharospirillaceae,Thalassolituus
asv0605,Bacteria,Spirochaetota,Spirochaetia,Spirochaetales,Spirochaetaceae,Spirochaeta 2
asv0606,Bacteria,Proteobacteria,Gammaproteobacteria,Enterobacterales,Colwelliaceae,Thalassotalea
asv0607,Bacteria,Proteobacteria,Alphaproteobacteria,Rhodobacterales,Rhodobacteraceae,NA
asv0608,Bacteria,Proteobacteria,Gammaproteobacteria,Pseudomonadales,Halomonadaceae,Cobetia
asv0609,Bacteria,Cyanobacteria,Cyanobacteriia,Synechococcales,Cyanobiaceae,Cyanobium PCC-6307
asv0610,Bacteria,Cyanobacteria,Cyanobacteriia,Synechococcales,Cyanobiaceae,Cyanobium PCC-6307
asv0611,Bacteria,Proteobacteria,Gammaproteobacteria,NA,NA,NA
asv0612,Bacteria,Proteobacteria,Alphaproteobacteria,Rickettsiales,Rickettsiaceae,Candidatus Megaira
asv0613,Bacteria,Proteobacteria,Gammaproteobacteria,Pseudomonadales,Pseudomonadaceae,Pseudomonas
asv0614,Bacteria,Proteobacteria,Gammaproteobacteria,Enterobacterales,Vibrionaceae,Catenococcus
asv0615,Bacteria,Proteobacteria,Alphaproteobacteria,Rickettsiales,Fokiniaceae,MD3-55
asv0616,Bacteria,Proteobacteria,Gammaproteobacteria,Burkholderiales,Burkholderiaceae,Ralstonia
asv0617,Bacteria,Proteobacteria,Gammaproteobacteria,Enterobacterales,Colwelliaceae,Thalassotalea
asv0618,Bacteria,Proteobacteria,Alphaproteobacteria,Rhodobacterales,Rhodobacteraceae,Epibacterium
asv0619,Bacteria,Fusobacteriota,Fusobacteriia,Fusobacteriales,Fusobacteriaceae,Cetobacterium
asv0620,Bacteria,Proteobacteria,Gammaproteobacteria,Enterobacterales,Alteromonadaceae,Alteromonas
asv0621,Bacteria,NA,NA,NA,NA,NA
asv0622,Bacteria,Proteobacteria,Gammaproteobacteria,NA,NA,NA
asv0623,Bacteria,Proteobacteria,Alphaproteobacteria,Rhodobacterales,Rhodobacteraceae,Paracoccus
asv0624,Bacteria,Proteobacteria,Alphaproteobacteria,Rickettsiales,Fokiniaceae,MD3-55
asv0625,Bacteria,Proteobacteria,Alphaproteobacteria,Rhizobiales,Stappiaceae,Labrenzia
asv0626,Bacteria,Proteobacteria,NA,NA,NA,NA
asv0627,Bacteria,Proteobacteria,Alphaproteobacteria,Rhodospirillales,NA,NA
asv0628,Bacteria,Proteobacteria,Gammaproteobacteria,Enterobacterales,Colwelliaceae,Thalassotalea
asv0629,Bacteria,Proteobacteria,Gammaproteobacteria,Pseudomonadales,Moraxellaceae,Psychrobacter
asv0630,Bacteria,Proteobacteria,Alphaproteobacteria,Rickettsiales,Fokiniaceae,MD3-55
asv0631,Bacteria,Proteobacteria,Alphaproteobacteria,Rhodobacterales,Rhodobacteraceae,Yangia
asv0632,Bacteria,Proteobacteria,Gammaproteobacteria,Enterobacterales,Colwelliaceae,Thalassotalea
asv0633,Bacteria,Proteobacteria,Gammaproteobacteria,Enterobacterales,Vibrionaceae,Photobacterium
asv0634,Bacteria,Proteobacteria,Alphaproteobacteria,Rickettsiales,Rickettsiaceae,Candidatus Megaira
asv0635,Bacteria,Proteobacteria,Gammaproteobacteria,Enterobacterales,Colwelliaceae,Thalassotalea
asv0636,Bacteria,Bacteroidota,Bacteroidia,Flavobacteriales,Crocinitomicaceae,Fluviicola
asv0637,Bacteria,Proteobacteria,Gammaproteobacteria,Legionellales,Legionellaceae,Legionella
asv0638,Bacteria,Cyanobacteria,Cyanobacteriia,Phormidesmiales,Phormidesmiaceae,NA
asv0639,Bacteria,Proteobacteria,Gammaproteobacteria,Enterobacterales,Pseudoalteromonadaceae,Algicola
asv0640,Bacteria,Proteobacteria,Gammaproteobacteria,Pseudomonadales,Moraxellaceae,Acinetobacter
asv0641,Bacteria,Proteobacteria,Gammaproteobacteria,Pseudomonadales,Moraxellaceae,Acinetobacter
asv0642,Bacteria,Proteobacteria,Gammaproteobacteria,Enterobacterales,Vibrionaceae,Grimontia
asv0643,Bacteria,Cyanobacteria,Cyanobacteriia,Synechococcales,Cyanobiaceae,Cyanobium PCC-6307
asv0644,Bacteria,Proteobacteria,Gammaproteobacteria,Enterobacterales,Vibrionaceae,Vibrio
asv0645,Bacteria,Proteobacteria,Alphaproteobacteria,Rickettsiales,Fokiniaceae,MD3-55
asv0646,Bacteria,Proteobacteria,Gammaproteobacteria,Enterobacterales,Colwelliaceae,Thalassotalea
asv0647,Bacteria,Patescibacteria,Gracilibacteria,JGI 0000069-P22,NA,NA
asv0648,Bacteria,Proteobacteria,Alphaproteobacteria,Rhodobacterales,Rhodobacteraceae,NA
asv0649,Bacteria,Proteobacteria,Gammaproteobacteria,Enterobacterales,Pseudoalteromonadaceae,Pseudoalteromonas
asv0650,Bacteria,Proteobacteria,Gammaproteobacteria,Pseudomonadales,Nitrincolaceae,Neptunomonas
asv0651,Bacteria,Proteobacteria,Gammaproteobacteria,Enterobacterales,Pseudoalteromonadaceae,Pseudoalteromonas
asv0652,Bacteria,Proteobacteria,Gammaproteobacteria,Pseudomonadales,Nitrincolaceae,Marinobacterium
asv0653,Bacteria,Proteobacteria,Gammaproteobacteria,Enterobacterales,Pseudoalteromonadaceae,Algicola
asv0654,Bacteria,Proteobacteria,Gammaproteobacteria,Burkholderiales,Comamonadaceae,Comamonas
asv0655,Bacteria,Bacteroidota,Bacteroidia,Flavobacteriales,Flavobacteriaceae,Leeuwenhoekiella
asv0656,Bacteria,Proteobacteria,Gammaproteobacteria,Enterobacterales,Vibrionaceae,NA
asv0657,Bacteria,Bacteroidota,Bacteroidia,Flavobacteriales,Flavobacteriaceae,Leeuwenhoekiella
asv0658,Bacteria,Proteobacteria,Gammaproteobacteria,Enterobacterales,Alteromonadaceae,Rheinheimera
asv0659,Bacteria,Proteobacteria,Gammaproteobacteria,Francisellales,Francisellaceae,[Caedibacter] taeniospiralis group
asv0660,Bacteria,Fusobacteriota,Fusobacteriia,Fusobacteriales,Fusobacteriaceae,Cetobacterium
asv0661,Bacteria,Proteobacteria,Gammaproteobacteria,Pseudomonadales,Moraxellaceae,Acinetobacter
asv0662,Bacteria,Planctomycetota,Planctomycetes,Pirellulales,Pirellulaceae,NA
asv0663,Bacteria,Proteobacteria,Gammaproteobacteria,Enterobacterales,Pseudoalteromonadaceae,Psychrosphaera
asv0664,Bacteria,Proteobacteria,Gammaproteobacteria,Burkholderiales,Chromobacteriaceae,Vogesella
asv0665,Bacteria,Proteobacteria,Alphaproteobacteria,Rhodobacterales,Rhodobacteraceae,NA
asv0666,Bacteria,Proteobacteria,Gammaproteobacteria,Enterobacterales,Pseudoalteromonadaceae,Pseudoalteromonas
asv0667,Bacteria,Proteobacteria,Gammaproteobacteria,Pseudomonadales,Nitrincolaceae,NA
asv0668,Bacteria,Proteobacteria,Gammaproteobacteria,Burkholderiales,Burkholderiaceae,Ralstonia
asv0669,Bacteria,Campylobacterota,Campylobacteria,Campylobacterales,Arcobacteraceae,Malaciobacter
asv0670,Bacteria,Proteobacteria,Gammaproteobacteria,Burkholderiales,Alcaligenaceae,NA
asv0671,Bacteria,Bacteroidota,Bacteroidia,Flavobacteriales,Flavobacteriaceae,Leeuwenhoekiella
asv0672,Bacteria,Spirochaetota,Spirochaetia,Spirochaetales,Spirochaetaceae,Spirochaeta 2
asv0673,Bacteria,Proteobacteria,Gammaproteobacteria,Pseudomonadales,Cellvibrionaceae,Maricurvus
asv0674,Bacteria,Proteobacteria,Gammaproteobacteria,Pseudomonadales,Saccharospirillaceae,Oleibacter
asv0675,Bacteria,Proteobacteria,Gammaproteobacteria,Burkholderiales,Comamonadaceae,Curvibacter
asv0676,Bacteria,Proteobacteria,Gammaproteobacteria,Enterobacterales,Pseudoalteromonadaceae,Pseudoalteromonas
asv0677,Bacteria,Cyanobacteria,Cyanobacteriia,Phormidesmiales,Nodosilineaceae,NA
asv0678,Bacteria,NA,NA,NA,NA,NA
asv0679,Bacteria,Proteobacteria,Gammaproteobacteria,NA,NA,NA
asv0680,Bacteria,Proteobacteria,Gammaproteobacteria,Legionellales,Legionellaceae,Legionella
asv0681,Bacteria,Proteobacteria,Gammaproteobacteria,Enterobacterales,Alteromonadaceae,NA
asv0682,Bacteria,Proteobacteria,Gammaproteobacteria,Legionellales,Legionellaceae,Legionella
asv0683,Bacteria,Proteobacteria,Gammaproteobacteria,Enterobacterales,Pseudoalteromonadaceae,Pseudoalteromonas
asv0684,Bacteria,Proteobacteria,Gammaproteobacteria,Enterobacterales,Vibrionaceae,Catenococcus
asv0685,Bacteria,Proteobacteria,Gammaproteobacteria,Pseudomonadales,Saccharospirillaceae,Thalassolituus
asv0686,Bacteria,Proteobacteria,Gammaproteobacteria,Enterobacterales,Vibrionaceae,Grimontia
asv0687,Bacteria,Proteobacteria,Gammaproteobacteria,Enterobacterales,Alteromonadaceae,NA
asv0688,Bacteria,Proteobacteria,Alphaproteobacteria,Rhodobacterales,Rhodobacteraceae,NA
asv0689,Bacteria,Proteobacteria,Alphaproteobacteria,Rhodobacterales,Rhodobacteraceae,NA
asv0690,Bacteria,Proteobacteria,Gammaproteobacteria,Pseudomonadales,SAR86 clade,NA
asv0691,Bacteria,Cyanobacteria,Cyanobacteriia,Synechococcales,Cyanobiaceae,Cyanobium PCC-6307
asv0692,Bacteria,Proteobacteria,Gammaproteobacteria,Enterobacterales,Vibrionaceae,Catenococcus
asv0693,Bacteria,Proteobacteria,Gammaproteobacteria,Pseudomonadales,Moraxellaceae,Psychrobacter
asv0694,Bacteria,Proteobacteria,Gammaproteobacteria,Enterobacterales,Alteromonadaceae,Alteromonas
asv0695,Bacteria,Proteobacteria,Gammaproteobacteria,Enterobacterales,Pseudoalteromonadaceae,Algicola
asv0696,Bacteria,Proteobacteria,Gammaproteobacteria,Pseudomonadales,Nitrincolaceae,Profundimonas
asv0697,Bacteria,Planctomycetota,Planctomycetes,Pirellulales,Pirellulaceae,Pirellula
asv0698,Bacteria,Proteobacteria,Gammaproteobacteria,Pseudomonadales,Moraxellaceae,Acinetobacter
asv0699,Bacteria,Proteobacteria,Alphaproteobacteria,Rickettsiales,Rickettsiaceae,NA
asv0700,Bacteria,Proteobacteria,Alphaproteobacteria,Rickettsiales,Rickettsiaceae,NA
asv0701,Bacteria,Proteobacteria,Alphaproteobacteria,Thalassobaculales,NA,NA
asv0702,Bacteria,Planctomycetota,Planctomycetes,Pirellulales,Pirellulaceae,NA
asv0703,Bacteria,Cyanobacteria,Cyanobacteriia,Synechococcales,Cyanobiaceae,Synechococcus CC9902
asv0704,Bacteria,Proteobacteria,Gammaproteobacteria,Pseudomonadales,Halomonadaceae,Cobetia
asv0705,Bacteria,Proteobacteria,Gammaproteobacteria,Enterobacterales,Colwelliaceae,Thalassotalea
asv0706,Bacteria,Cyanobacteria,Cyanobacteriia,Synechococcales,Cyanobiaceae,Cyanobium PCC-6307
asv0707,Bacteria,Proteobacteria,Gammaproteobacteria,Enterobacterales,Vibrionaceae,Vibrio
asv0708,Bacteria,Proteobacteria,Gammaproteobacteria,Enterobacterales,Vibrionaceae,NA
asv0709,Bacteria,Fusobacteriota,Fusobacteriia,Fusobacteriales,Fusobacteriaceae,Cetobacterium
asv0710,Bacteria,Proteobacteria,Gammaproteobacteria,Enterobacterales,Aeromonadaceae,Aeromonas
asv0711,Bacteria,Proteobacteria,Gammaproteobacteria,Pseudomonadales,Moraxellaceae,Acinetobacter
asv0712,Bacteria,Firmicutes,Bacilli,NA,NA,NA
asv0713,Bacteria,Proteobacteria,Alphaproteobacteria,Rhodobacterales,Rhodobacteraceae,NA
asv0714,Bacteria,Proteobacteria,Gammaproteobacteria,Enterobacterales,Pseudoalteromonadaceae,Pseudoalteromonas
asv0715,Bacteria,Actinobacteriota,Actinobacteria,Micrococcales,Dermacoccaceae,Flexivirga
asv0716,Bacteria,Cyanobacteria,Cyanobacteriia,Synechococcales,Cyanobiaceae,Cyanobium PCC-6307
asv0717,Bacteria,NA,NA,NA,NA,NA
asv0718,Bacteria,Proteobacteria,Gammaproteobacteria,Enterobacterales,Alteromonadaceae,Rheinheimera
asv0719,Bacteria,Proteobacteria,Alphaproteobacteria,NA,NA,NA
asv0720,Bacteria,Proteobacteria,Alphaproteobacteria,Rhodobacterales,Rhodobacteraceae,NA
asv0721,Bacteria,Proteobacteria,Gammaproteobacteria,Enterobacterales,Vibrionaceae,Grimontia
asv0722,Bacteria,Proteobacteria,Gammaproteobacteria,Enterobacterales,Alteromonadaceae,NA
asv0723,Bacteria,Proteobacteria,Alphaproteobacteria,Rickettsiales,Rickettsiaceae,NA
asv0724,Bacteria,Proteobacteria,Gammaproteobacteria,Pseudomonadales,Nitrincolaceae,Amphritea
asv0725,Bacteria,Proteobacteria,Gammaproteobacteria,Enterobacterales,Pseudoalteromonadaceae,Algicola
asv0726,Bacteria,Proteobacteria,Gammaproteobacteria,Enterobacterales,Vibrionaceae,Vibrio
asv0727,Bacteria,Proteobacteria,Alphaproteobacteria,Rhodobacterales,Rhodobacteraceae,Mameliella
asv0728,Bacteria,Proteobacteria,Alphaproteobacteria,Parvibaculales,PS1 clade,NA
asv0729,Bacteria,Proteobacteria,Gammaproteobacteria,Pseudomonadales,Moraxellaceae,Acinetobacter
asv0730,Bacteria,Proteobacteria,Gammaproteobacteria,Enterobacterales,Vibrionaceae,Catenococcus
asv0731,Bacteria,Spirochaetota,Spirochaetia,Spirochaetales,Spirochaetaceae,Spirochaeta 2
asv0732,Bacteria,Bdellovibrionota,Oligoflexia,Silvanigrellales,Silvanigrellaceae,NA
asv0733,Bacteria,Proteobacteria,Alphaproteobacteria,Rhizobiales,Xanthobacteraceae,Bradyrhizobium
asv0734,Bacteria,Bacteroidota,Bacteroidia,Flavobacteriales,Crocinitomicaceae,Fluviicola
asv0735,Bacteria,Proteobacteria,Alphaproteobacteria,Rhodospirillales,NA,NA
asv0736,Bacteria,Proteobacteria,Gammaproteobacteria,Pseudomonadales,Moraxellaceae,Acinetobacter
asv0737,Bacteria,Cyanobacteria,Cyanobacteriia,Phormidesmiales,Phormidesmiaceae,NA
asv0738,Bacteria,Proteobacteria,Gammaproteobacteria,Enterobacterales,Pseudoalteromonadaceae,Algicola
asv0739,Bacteria,Proteobacteria,Alphaproteobacteria,Rhodobacterales,Rhodobacteraceae,Paracoccus
asv0740,Bacteria,Proteobacteria,Gammaproteobacteria,Enterobacterales,Vibrionaceae,Vibrio
asv0741,Bacteria,Proteobacteria,Gammaproteobacteria,Enterobacterales,Pseudoalteromonadaceae,Pseudoalteromonas
asv0742,Bacteria,Proteobacteria,Gammaproteobacteria,Pseudomonadales,Nitrincolaceae,Profundimonas
asv0743,Bacteria,Proteobacteria,Gammaproteobacteria,Pseudomonadales,Moraxellaceae,Acinetobacter
asv0744,Bacteria,Proteobacteria,Gammaproteobacteria,Pseudomonadales,Nitrincolaceae,Marinobacterium
asv0745,Bacteria,Proteobacteria,Gammaproteobacteria,Pseudomonadales,SAR86 clade,NA
asv0746,Bacteria,Proteobacteria,Gammaproteobacteria,Enterobacterales,Vibrionaceae,Grimontia
asv0747,Bacteria,Firmicutes,Bacilli,Lactobacillales,Streptococcaceae,Streptococcus
asv0748,Bacteria,Proteobacteria,Alphaproteobacteria,Rickettsiales,Fokiniaceae,MD3-55
asv0749,Bacteria,Proteobacteria,Alphaproteobacteria,NA,NA,NA
asv0750,Bacteria,Proteobacteria,Gammaproteobacteria,Enterobacterales,Alteromonadaceae,Rheinheimera
asv0751,Bacteria,Proteobacteria,Gammaproteobacteria,Enterobacterales,Pseudoalteromonadaceae,Algicola
asv0752,Bacteria,Proteobacteria,Gammaproteobacteria,Enterobacterales,Alteromonadaceae,NA
asv0753,Bacteria,Proteobacteria,Alphaproteobacteria,Rhodobacterales,Rhodobacteraceae,NA
asv0754,Bacteria,Proteobacteria,Gammaproteobacteria,Enterobacterales,Shewanellaceae,Shewanella
asv0755,Bacteria,Proteobacteria,Gammaproteobacteria,Burkholderiales,MWH-UniP1 aquatic group,NA
asv0756,Bacteria,Proteobacteria,Gammaproteobacteria,Burkholderiales,Alcaligenaceae,Verticiella
asv0757,Bacteria,Proteobacteria,Gammaproteobacteria,Enterobacterales,Alteromonadaceae,Aestuariibacter
asv0758,Bacteria,Bacteroidota,Bacteroidia,Cytophagales,Cyclobacteriaceae,Fulvivirga
asv0759,Bacteria,Proteobacteria,Alphaproteobacteria,Rickettsiales,Rickettsiaceae,Candidatus Megaira
asv0760,Bacteria,Proteobacteria,Alphaproteobacteria,Rickettsiales,Rickettsiaceae,Candidatus Megaira
asv0761,Bacteria,Proteobacteria,Gammaproteobacteria,Pseudomonadales,Marinomonadaceae,Marinomonas
asv0762,Bacteria,SAR324 clade(Marine group B),NA,NA,NA,NA
asv0763,Bacteria,Bacteroidota,Bacteroidia,Cytophagales,Amoebophilaceae,Candidatus Amoebophilus
asv0764,Bacteria,Proteobacteria,Gammaproteobacteria,Pseudomonadales,Moraxellaceae,Acinetobacter
asv0765,Bacteria,Proteobacteria,Gammaproteobacteria,Enterobacterales,Alteromonadaceae,Alteromonas
asv0766,Bacteria,Firmicutes,Bacilli,Brevibacillales,Brevibacillaceae,Brevibacillus
asv0767,Bacteria,Proteobacteria,Gammaproteobacteria,Pseudomonadales,Moraxellaceae,Acinetobacter
asv0768,Bacteria,Proteobacteria,Alphaproteobacteria,Rickettsiales,AB1,NA
asv0769,Bacteria,Proteobacteria,Alphaproteobacteria,Rhizobiales,Stappiaceae,NA
asv0770,Bacteria,Proteobacteria,Alphaproteobacteria,Rickettsiales,AB1,NA
asv0771,Bacteria,Proteobacteria,Gammaproteobacteria,Pseudomonadales,Endozoicomonadaceae,Endozoicomonas
asv0772,Bacteria,Proteobacteria,Alphaproteobacteria,Caulobacterales,Caulobacteraceae,NA
asv0773,Bacteria,Bacteroidota,Bacteroidia,Chitinophagales,NA,NA
asv0774,Bacteria,Proteobacteria,Alphaproteobacteria,Rhizobiales,Rhizobiaceae,Hoeflea
asv0775,Bacteria,Proteobacteria,Gammaproteobacteria,Pseudomonadales,Saccharospirillaceae,Oleibacter
asv0776,Bacteria,Proteobacteria,Gammaproteobacteria,Burkholderiales,Comamonadaceae,Comamonas
asv0777,Bacteria,Proteobacteria,Gammaproteobacteria,Pseudomonadales,Nitrincolaceae,Amphritea
asv0778,Bacteria,Proteobacteria,Alphaproteobacteria,Rhodobacterales,Rhodobacteraceae,Donghicola
asv0779,Bacteria,Proteobacteria,Gammaproteobacteria,Pseudomonadales,Spongiibacteraceae,NA
asv0780,Bacteria,Cyanobacteria,Cyanobacteriia,Phormidesmiales,Phormidesmiaceae,NA
asv0781,Bacteria,Proteobacteria,Alphaproteobacteria,Rhizobiales,Stappiaceae,NA
asv0782,Bacteria,Cyanobacteria,Cyanobacteriia,Phormidesmiales,Phormidesmiaceae,NA
asv0783,Bacteria,Cyanobacteria,Cyanobacteriia,Leptolyngbyales,Leptolyngbyaceae,NA
asv0784,Bacteria,Proteobacteria,Gammaproteobacteria,Enterobacterales,Shewanellaceae,Shewanella
asv0785,Bacteria,Proteobacteria,Alphaproteobacteria,Rhodobacterales,Rhodobacteraceae,NA
asv0786,Bacteria,Proteobacteria,Alphaproteobacteria,Rhodobacterales,Rhodobacteraceae,NA
asv0787,Bacteria,Proteobacteria,Alphaproteobacteria,Rhodobacterales,Rhodobacteraceae,Donghicola
asv0788,Bacteria,Proteobacteria,Gammaproteobacteria,Enterobacterales,Colwelliaceae,Thalassotalea
asv0789,Bacteria,Proteobacteria,Gammaproteobacteria,Enterobacterales,Shewanellaceae,Shewanella
asv0790,Bacteria,Planctomycetota,Planctomycetes,Pirellulales,Pirellulaceae,Rubripirellula
asv0791,Bacteria,Bacteroidota,Bacteroidia,Chitinophagales,Chitinophagaceae,Puia
asv0792,Bacteria,Proteobacteria,Alphaproteobacteria,Rickettsiales,Rickettsiaceae,NA
asv0793,Bacteria,Bacteroidota,Bacteroidia,Flavobacteriales,NS9 marine group,NA
asv0794,Bacteria,Proteobacteria,Gammaproteobacteria,Enterobacterales,Vibrionaceae,Photobacterium
asv0795,Bacteria,Bacteroidota,Bacteroidia,Cytophagales,Cyclobacteriaceae,NA
asv0796,Bacteria,Proteobacteria,Gammaproteobacteria,Enterobacterales,Alteromonadaceae,Salinimonas
asv0797,Bacteria,Proteobacteria,Gammaproteobacteria,Enterobacterales,Pasteurellaceae,Haemophilus
asv0798,Bacteria,Fusobacteriota,Fusobacteriia,Fusobacteriales,Fusobacteriaceae,Propionigenium
asv0799,Bacteria,Proteobacteria,Gammaproteobacteria,Enterobacterales,Shewanellaceae,Shewanella
asv0800,Bacteria,Proteobacteria,Gammaproteobacteria,Enterobacterales,Vibrionaceae,Grimontia
asv0801,Bacteria,Proteobacteria,Alphaproteobacteria,Rhodospirillales,NA,NA
asv0802,Bacteria,Proteobacteria,Gammaproteobacteria,Pseudomonadales,Nitrincolaceae,Amphritea
asv0803,Bacteria,Proteobacteria,Alphaproteobacteria,Rhodobacterales,Rhodobacteraceae,NA
asv0804,Bacteria,Proteobacteria,Alphaproteobacteria,NA,NA,NA
asv0805,Bacteria,Planctomycetota,Planctomycetes,Pirellulales,Pirellulaceae,Rubripirellula
asv0806,Bacteria,Myxococcota,Myxococcia,Myxococcales,Myxococcaceae,P3OB-42
asv0807,Bacteria,Proteobacteria,Alphaproteobacteria,Rhodobacterales,Rhodobacteraceae,NA
asv0808,Bacteria,Proteobacteria,Alphaproteobacteria,Rhodobacterales,Rhodobacteraceae,Donghicola
asv0809,Bacteria,Proteobacteria,Gammaproteobacteria,Pseudomonadales,Halomonadaceae,Cobetia
asv0810,Bacteria,Proteobacteria,Gammaproteobacteria,Enterobacterales,Shewanellaceae,Shewanella
asv0811,Bacteria,Proteobacteria,Gammaproteobacteria,Enterobacterales,Alteromonadaceae,Aliiglaciecola
asv0812,Bacteria,Proteobacteria,Alphaproteobacteria,Kiloniellales,Kiloniellaceae,Pelagibius
asv0813,Bacteria,Proteobacteria,Alphaproteobacteria,Rickettsiales,Fokiniaceae,MD3-55
asv0814,Bacteria,Fusobacteriota,Fusobacteriia,Fusobacteriales,Fusobacteriaceae,Cetobacterium
asv0815,Bacteria,Proteobacteria,Alphaproteobacteria,Caulobacterales,Caulobacteraceae,NA
asv0816,Bacteria,Cyanobacteria,Cyanobacteriia,Phormidesmiales,Phormidesmiaceae,Phormidium MBIC10003
asv0817,Bacteria,Proteobacteria,Gammaproteobacteria,Enterobacterales,Alteromonadaceae,NA
asv0818,Bacteria,Proteobacteria,Gammaproteobacteria,Enterobacterales,Shewanellaceae,Ferrimonas
asv0819,Bacteria,Proteobacteria,Gammaproteobacteria,Pseudomonadales,Moraxellaceae,Acinetobacter
asv0820,Bacteria,Proteobacteria,Gammaproteobacteria,Enterobacterales,Vibrionaceae,Grimontia
asv0821,Bacteria,Proteobacteria,Gammaproteobacteria,Enterobacterales,Colwelliaceae,Thalassotalea
asv0822,Bacteria,Fusobacteriota,Fusobacteriia,Fusobacteriales,Fusobacteriaceae,Cetobacterium
asv0823,Bacteria,Proteobacteria,Gammaproteobacteria,Pseudomonadales,Moraxellaceae,Acinetobacter
asv0824,Bacteria,Proteobacteria,Gammaproteobacteria,Burkholderiales,Rhodocyclaceae,Methyloversatilis
asv0825,Bacteria,Proteobacteria,Gammaproteobacteria,Enterobacterales,Pseudoalteromonadaceae,Algicola
asv0826,Bacteria,Proteobacteria,Alphaproteobacteria,Thalassobaculales,NA,NA
asv0827,Bacteria,Cyanobacteria,Cyanobacteriia,Phormidesmiales,Phormidesmiaceae,NA
asv0828,Bacteria,Proteobacteria,Alphaproteobacteria,Rhodobacterales,Rhodobacteraceae,NA
asv0829,Bacteria,Proteobacteria,Gammaproteobacteria,Enterobacterales,Pseudoalteromonadaceae,Pseudoalteromonas
asv0830,Bacteria,Proteobacteria,Gammaproteobacteria,Pseudomonadales,Moraxellaceae,Acinetobacter
asv0831,Bacteria,Firmicutes,Bacilli,Entomoplasmatales,NA,NA
asv0832,Bacteria,Proteobacteria,Gammaproteobacteria,Pseudomonadales,Moraxellaceae,Psychrobacter
asv0833,Bacteria,Proteobacteria,Alphaproteobacteria,Rhizobiales,Stappiaceae,NA
asv0834,Bacteria,Proteobacteria,Gammaproteobacteria,Enterobacterales,Alteromonadaceae,NA
asv0835,Bacteria,Proteobacteria,Alphaproteobacteria,Rickettsiales,Rickettsiaceae,NA
asv0836,Bacteria,Planctomycetota,Phycisphaerae,Phycisphaerales,Phycisphaeraceae,SM1A02
asv0837,Bacteria,Proteobacteria,Gammaproteobacteria,Enterobacterales,Shewanellaceae,Ferrimonas
asv0838,Bacteria,Proteobacteria,Gammaproteobacteria,Pseudomonadales,Endozoicomonadaceae,Endozoicomonas
asv0839,Bacteria,Proteobacteria,Gammaproteobacteria,NA,NA,NA
asv0840,Bacteria,Bacteroidota,Bacteroidia,Flavobacteriales,Flavobacteriaceae,Frondibacter
asv0841,Bacteria,Proteobacteria,Gammaproteobacteria,Pseudomonadales,Pseudomonadaceae,NA
asv0842,Bacteria,Proteobacteria,Gammaproteobacteria,Pseudomonadales,Nitrincolaceae,Marinobacterium
asv0843,Bacteria,Proteobacteria,Gammaproteobacteria,Enterobacterales,Pseudoalteromonadaceae,Pseudoalteromonas
asv0844,Bacteria,Proteobacteria,Gammaproteobacteria,Enterobacterales,Alteromonadaceae,NA
asv0845,Bacteria,Proteobacteria,Gammaproteobacteria,Pseudomonadales,Nitrincolaceae,Neptuniibacter
asv0846,Bacteria,Proteobacteria,Gammaproteobacteria,Enterobacterales,Pseudoalteromonadaceae,Pseudoalteromonas
asv0847,Bacteria,Proteobacteria,Gammaproteobacteria,Enterobacterales,Vibrionaceae,Photobacterium
asv0848,Bacteria,Planctomycetota,Planctomycetes,Pirellulales,Pirellulaceae,NA
asv0849,Bacteria,Proteobacteria,Alphaproteobacteria,Rhodobacterales,Rhodobacteraceae,NA
asv0850,Bacteria,Proteobacteria,Gammaproteobacteria,Enterobacterales,Pseudoalteromonadaceae,Psychrosphaera
asv0851,Bacteria,Proteobacteria,Alphaproteobacteria,Caulobacterales,Caulobacteraceae,NA
asv0852,Bacteria,Proteobacteria,Alphaproteobacteria,Rickettsiales,AB1,NA
asv0853,Bacteria,Proteobacteria,Alphaproteobacteria,Rhodobacterales,Rhodobacteraceae,Cognatishimia
asv0854,Bacteria,Proteobacteria,Alphaproteobacteria,Rickettsiales,Rickettsiaceae,Candidatus Megaira
asv0855,Bacteria,Proteobacteria,Alphaproteobacteria,Caulobacterales,Hyphomonadaceae,NA
asv0856,Bacteria,Proteobacteria,Gammaproteobacteria,Pseudomonadales,Porticoccaceae,Porticoccus
asv0857,Bacteria,Proteobacteria,Gammaproteobacteria,Enterobacterales,Colwelliaceae,Thalassotalea
asv0858,Bacteria,Proteobacteria,Gammaproteobacteria,Enterobacterales,Shewanellaceae,Psychrobium
asv0859,Bacteria,Proteobacteria,Gammaproteobacteria,Enterobacterales,Vibrionaceae,Vibrio
asv0860,Bacteria,Proteobacteria,Gammaproteobacteria,Burkholderiales,Alcaligenaceae,NA
asv0861,Bacteria,Proteobacteria,Alphaproteobacteria,NA,NA,NA
asv0862,Bacteria,Proteobacteria,Gammaproteobacteria,Enterobacterales,Pseudoalteromonadaceae,Pseudoalteromonas
asv0863,Bacteria,Proteobacteria,Gammaproteobacteria,Enterobacterales,Shewanellaceae,Shewanella
asv0864,Bacteria,Proteobacteria,Gammaproteobacteria,Pseudomonadales,Halomonadaceae,Halomonas
asv0865,Bacteria,Proteobacteria,Gammaproteobacteria,Pseudomonadales,Nitrincolaceae,Marinobacterium
asv0866,Bacteria,Proteobacteria,Alphaproteobacteria,Rickettsiales,AB1,NA
asv0867,Bacteria,Proteobacteria,Gammaproteobacteria,Pseudomonadales,Marinomonadaceae,Marinomonas
asv0868,Bacteria,Proteobacteria,Gammaproteobacteria,Pseudomonadales,Pseudomonadaceae,Pseudomonas
asv0869,Bacteria,Proteobacteria,Alphaproteobacteria,Caulobacterales,Hyphomonadaceae,Hyphomonas
asv0870,Bacteria,Proteobacteria,Alphaproteobacteria,Rhodobacterales,Rhodobacteraceae,Ascidiaceihabitans
asv0871,Bacteria,Bacteroidota,Bacteroidia,Cytophagales,Cyclobacteriaceae,NA
asv0872,Bacteria,Bacteroidota,Bacteroidia,Flavobacteriales,NS9 marine group,NA
asv0873,Bacteria,Cyanobacteria,Cyanobacteriia,Synechococcales,Cyanobiaceae,Cyanobium PCC-6307
asv0874,Bacteria,Proteobacteria,Gammaproteobacteria,Pseudomonadales,Moraxellaceae,Psychrobacter
asv0875,Bacteria,Planctomycetota,Planctomycetes,Pirellulales,Pirellulaceae,Blastopirellula
asv0876,Bacteria,Bacteroidota,Bacteroidia,Chitinophagales,Saprospiraceae,NA
asv0877,Bacteria,Bacteroidota,Bacteroidia,Flavobacteriales,NS7 marine group,NA
asv0878,Bacteria,Planctomycetota,Phycisphaerae,Phycisphaerales,Phycisphaeraceae,CL500-3
asv0879,Bacteria,Proteobacteria,Alphaproteobacteria,Kordiimonadales,Kordiimonadaceae,Kordiimonas
asv0880,Bacteria,Proteobacteria,Gammaproteobacteria,Enterobacterales,Shewanellaceae,Shewanella
asv0881,Bacteria,Cyanobacteria,Cyanobacteriia,Synechococcales,Cyanobiaceae,Synechococcus CC9902
asv0882,Bacteria,Proteobacteria,Gammaproteobacteria,Pseudomonadales,Nitrincolaceae,Neptunomonas
asv0883,Bacteria,Proteobacteria,Alphaproteobacteria,Micavibrionales,Micavibrionaceae,NA
asv0884,Bacteria,Proteobacteria,Gammaproteobacteria,Enterobacterales,Alteromonadaceae,Rheinheimera
asv0885,Bacteria,Proteobacteria,Gammaproteobacteria,Pseudomonadales,Marinobacteraceae,Marinobacter
asv0886,Bacteria,Proteobacteria,Gammaproteobacteria,Enterobacterales,Alteromonadaceae,Rheinheimera
asv0887,Bacteria,Firmicutes,Clostridia,Peptostreptococcales-Tissierellales,Peptostreptococcaceae,Romboutsia
asv0888,Bacteria,Proteobacteria,Alphaproteobacteria,Rhodobacterales,Rhodobacteraceae,NA
asv0889,Bacteria,Proteobacteria,Gammaproteobacteria,Pseudomonadales,SAR86 clade,NA
asv0890,Bacteria,Proteobacteria,Gammaproteobacteria,Pseudomonadales,Moraxellaceae,Acinetobacter
asv0891,Bacteria,Proteobacteria,Alphaproteobacteria,Rhizobiales,Stappiaceae,NA
asv0892,Bacteria,Bacteroidota,Bacteroidia,Chitinophagales,NA,NA
asv0893,Bacteria,Proteobacteria,Gammaproteobacteria,Enterobacterales,Alteromonadaceae,Alteromonas
asv0894,Bacteria,Proteobacteria,Gammaproteobacteria,Enterobacterales,Alteromonadaceae,Aliiglaciecola
asv0895,Bacteria,Proteobacteria,Gammaproteobacteria,Pseudomonadales,Halomonadaceae,Cobetia
asv0896,Bacteria,Cyanobacteria,Cyanobacteriia,Phormidesmiales,Phormidesmiaceae,NA
asv0897,Bacteria,Proteobacteria,Gammaproteobacteria,Pseudomonadales,Moraxellaceae,Enhydrobacter
asv0898,Bacteria,Proteobacteria,Alphaproteobacteria,Rhizobiales,Stappiaceae,NA
asv0899,Bacteria,Bacteroidota,Bacteroidia,Cytophagales,Cyclobacteriaceae,Roseivirga
asv0900,Bacteria,Proteobacteria,Gammaproteobacteria,Enterobacterales,Alteromonadaceae,NA
asv0901,Bacteria,Proteobacteria,Alphaproteobacteria,NA,NA,NA
asv0902,Bacteria,Proteobacteria,Gammaproteobacteria,Enterobacterales,Alteromonadaceae,Aestuariibacter
asv0903,Bacteria,Proteobacteria,Gammaproteobacteria,Enterobacterales,Alteromonadaceae,Rheinheimera
asv0904,Bacteria,Planctomycetota,Planctomycetes,Pirellulales,Pirellulaceae,Pir4 lineage
asv0905,Bacteria,Proteobacteria,Alphaproteobacteria,Rhizobiales,Rhizobiaceae,NA
asv0906,Bacteria,Proteobacteria,Gammaproteobacteria,Xanthomonadales,Xanthomonadaceae,Stenotrophomonas
asv0907,Bacteria,Proteobacteria,Gammaproteobacteria,Burkholderiales,Alcaligenaceae,Verticiella
asv0908,Bacteria,Bacteroidota,Bacteroidia,Cytophagales,Cyclobacteriaceae,Fabibacter
asv0909,Bacteria,Proteobacteria,Alphaproteobacteria,Kiloniellales,Kiloniellaceae,Tistlia
asv0910,Bacteria,Proteobacteria,Alphaproteobacteria,Sphingomonadales,Sphingomonadaceae,Novosphingobium
asv0911,Bacteria,Proteobacteria,Gammaproteobacteria,Enterobacterales,Vibrionaceae,Photobacterium
asv0912,Bacteria,Proteobacteria,Alphaproteobacteria,Rhodobacterales,Rhodobacteraceae,NA
asv0913,Bacteria,Proteobacteria,Gammaproteobacteria,Burkholderiales,Alcaligenaceae,NA
asv0914,Bacteria,Proteobacteria,Alphaproteobacteria,Caulobacterales,Hyphomonadaceae,NA
asv0915,Bacteria,Proteobacteria,Gammaproteobacteria,Legionellales,Legionellaceae,NA
asv0916,Bacteria,Proteobacteria,Gammaproteobacteria,Enterobacterales,Colwelliaceae,Thalassotalea
asv0917,Bacteria,Bdellovibrionota,Bdellovibrionia,Bacteriovoracales,Bacteriovoracaceae,Peredibacter
asv0918,Bacteria,Bacteroidota,Bacteroidia,Cytophagales,Cyclobacteriaceae,Fulvivirga
asv0919,Bacteria,NA,NA,NA,NA,NA
asv0920,Bacteria,Planctomycetota,Phycisphaerae,Phycisphaerales,Phycisphaeraceae,CL500-3
asv0921,Bacteria,Proteobacteria,Alphaproteobacteria,Rhizobiales,Stappiaceae,NA
asv0922,Bacteria,WPS-2,NA,NA,NA,NA
asv0923,Bacteria,Proteobacteria,Gammaproteobacteria,Enterobacterales,Pseudoalteromonadaceae,Psychrosphaera
asv0924,Bacteria,Proteobacteria,Alphaproteobacteria,Thalassobaculales,NA,NA
asv0925,Bacteria,Proteobacteria,Alphaproteobacteria,Rickettsiales,AB1,NA
asv0926,Bacteria,Proteobacteria,Gammaproteobacteria,Enterobacterales,Alteromonadaceae,Alteromonas
asv0927,Bacteria,Campylobacterota,Campylobacteria,Campylobacterales,Arcobacteraceae,Malaciobacter
asv0928,Bacteria,Proteobacteria,Gammaproteobacteria,Francisellales,Francisellaceae,Francisella
asv0929,Bacteria,Cyanobacteria,Cyanobacteriia,Cyanobacteriales,Paraspirulinaceae,Spirulina DRTO-55.2
asv0930,Bacteria,Fusobacteriota,Fusobacteriia,Fusobacteriales,Fusobacteriaceae,Cetobacterium
asv0931,Bacteria,Cyanobacteria,Cyanobacteriia,Synechococcales,Cyanobiaceae,Cyanobium PCC-6307
asv0932,Bacteria,Proteobacteria,Gammaproteobacteria,Pseudomonadales,Halieaceae,NA
asv0933,Bacteria,Proteobacteria,Gammaproteobacteria,Enterobacterales,Alteromonadaceae,NA
asv0934,Bacteria,Proteobacteria,Gammaproteobacteria,Enterobacterales,Alteromonadaceae,NA
asv0935,Bacteria,Bacteroidota,Bacteroidia,Cytophagales,Cyclobacteriaceae,Marinoscillum
asv0936,Bacteria,Cyanobacteria,Cyanobacteriia,Synechococcales,Cyanobiaceae,Synechococcus CC9902
asv0937,Bacteria,Proteobacteria,Gammaproteobacteria,NA,NA,NA
asv0938,Bacteria,Proteobacteria,Gammaproteobacteria,Pseudomonadales,Moraxellaceae,Acinetobacter
asv0939,Bacteria,Proteobacteria,Gammaproteobacteria,Enterobacterales,Alteromonadaceae,NA
asv0940,Bacteria,Proteobacteria,Gammaproteobacteria,Pseudomonadales,Moraxellaceae,Enhydrobacter
asv0941,Bacteria,Proteobacteria,Gammaproteobacteria,Coxiellales,Coxiellaceae,Coxiella
asv0942,Bacteria,Bacteroidota,Bacteroidia,Chitinophagales,Saprospiraceae,Lewinella
asv0943,Bacteria,Bacteroidota,Bacteroidia,Flavobacteriales,Flavobacteriaceae,Frondibacter
asv0944,Bacteria,Proteobacteria,Gammaproteobacteria,Enterobacterales,Vibrionaceae,NA
asv0945,Bacteria,Proteobacteria,Alphaproteobacteria,Alphaproteobacteria Incertae Sedis,Unknown Family,Acuticoccus
asv0946,Bacteria,Proteobacteria,Alphaproteobacteria,Rhodobacterales,Rhodobacteraceae,NA
asv0947,Bacteria,Proteobacteria,Gammaproteobacteria,Pseudomonadales,Pseudomonadaceae,Pseudomonas
asv0948,Bacteria,Bdellovibrionota,Oligoflexia,Silvanigrellales,Silvanigrellaceae,NA
asv0949,Bacteria,Proteobacteria,Alphaproteobacteria,NA,NA,NA
asv0950,Bacteria,Firmicutes,Clostridia,Peptostreptococcales-Tissierellales,Peptostreptococcaceae,Paraclostridium
asv0951,Bacteria,Proteobacteria,Alphaproteobacteria,Kordiimonadales,Kordiimonadales Incertae Sedis,Eilatimonas
asv0952,Bacteria,Proteobacteria,Gammaproteobacteria,Pseudomonadales,Nitrincolaceae,Neptuniibacter
asv0953,Bacteria,Proteobacteria,Gammaproteobacteria,Burkholderiales,Alcaligenaceae,NA
asv0954,Bacteria,Proteobacteria,Gammaproteobacteria,Pseudomonadales,Nitrincolaceae,Amphritea
asv0955,Bacteria,Cyanobacteria,Cyanobacteriia,Phormidesmiales,Phormidesmiaceae,NA
asv0956,Bacteria,Proteobacteria,Alphaproteobacteria,Caulobacterales,Hyphomonadaceae,Hyphomonas
asv0957,Bacteria,Proteobacteria,Gammaproteobacteria,Pseudomonadales,Nitrincolaceae,Neptuniibacter
asv0958,Bacteria,Proteobacteria,Gammaproteobacteria,Enterobacterales,Vibrionaceae,Vibrio
asv0959,Bacteria,Proteobacteria,Alphaproteobacteria,Rickettsiales,S25-593,NA
asv0960,Bacteria,Bacteroidota,Bacteroidia,Cytophagales,Cyclobacteriaceae,Ekhidna
asv0961,Bacteria,Fusobacteriota,Fusobacteriia,Fusobacteriales,Fusobacteriaceae,Propionigenium
asv0962,Bacteria,Proteobacteria,Alphaproteobacteria,Sphingomonadales,Sphingomonadaceae,Novosphingobium
asv0963,Bacteria,Proteobacteria,Alphaproteobacteria,Rhizobiales,NA,NA
asv0964,Bacteria,Proteobacteria,Alphaproteobacteria,Rhizobiales,Stappiaceae,Labrenzia
asv0965,Bacteria,Proteobacteria,Gammaproteobacteria,Coxiellales,Coxiellaceae,Coxiella
asv0966,Bacteria,Proteobacteria,Alphaproteobacteria,Sphingomonadales,Sphingomonadaceae,Novosphingobium
asv0967,Bacteria,Proteobacteria,Gammaproteobacteria,Enterobacterales,Colwelliaceae,NA
asv0968,Bacteria,Proteobacteria,Gammaproteobacteria,Pseudomonadales,Moraxellaceae,Psychrobacter
asv0969,Bacteria,Proteobacteria,Gammaproteobacteria,Enterobacterales,Pseudoalteromonadaceae,Psychrosphaera
asv0970,Bacteria,Proteobacteria,Alphaproteobacteria,Rickettsiales,Rickettsiaceae,Candidatus Megaira
asv0971,Bacteria,Bacteroidota,Bacteroidia,Chitinophagales,Saprospiraceae,NA
asv0972,Bacteria,Proteobacteria,Alphaproteobacteria,Rhodobacterales,Rhodobacteraceae,NA
asv0973,Bacteria,Campylobacterota,Campylobacteria,Campylobacterales,Arcobacteraceae,NA
asv0974,Bacteria,Proteobacteria,Gammaproteobacteria,NA,NA,NA
asv0975,Bacteria,Cyanobacteria,Cyanobacteriia,Phormidesmiales,Phormidesmiaceae,NA
asv0976,Bacteria,Proteobacteria,Gammaproteobacteria,Enterobacterales,Pseudoalteromonadaceae,Pseudoalteromonas
asv0977,Bacteria,Proteobacteria,Gammaproteobacteria,Pseudomonadales,SAR86 clade,NA
asv0978,Bacteria,Bacteroidota,Bacteroidia,Flavobacteriales,Flavobacteriaceae,Meridianimaribacter
asv0979,Bacteria,Bdellovibrionota,Oligoflexia,Oligoflexales,Oligoflexaceae,Pseudobacteriovorax
asv0980,Bacteria,Proteobacteria,Gammaproteobacteria,Burkholderiales,Neisseriaceae,NA
asv0981,Bacteria,Proteobacteria,Gammaproteobacteria,Pseudomonadales,Pseudomonadaceae,Pseudomonas
asv0982,Bacteria,Proteobacteria,Alphaproteobacteria,Kordiimonadales,Kordiimonadaceae,Kordiimonas
asv0983,Bacteria,Proteobacteria,Alphaproteobacteria,NA,NA,NA
asv0984,Bacteria,Proteobacteria,Alphaproteobacteria,Rhizobiales,Rhizobiaceae,NA
asv0985,Bacteria,Proteobacteria,Alphaproteobacteria,Rhizobiales,Rhizobiaceae,Brucella
asv0986,Bacteria,Cyanobacteria,Cyanobacteriia,Phormidesmiales,Nodosilineaceae,MBIC10086
asv0987,Bacteria,Proteobacteria,Alphaproteobacteria,Kordiimonadales,Kordiimonadales Incertae Sedis,Eilatimonas
asv0988,Bacteria,Bacteroidota,Bacteroidia,Cytophagales,Cyclobacteriaceae,Imperialibacter
asv0989,Bacteria,Proteobacteria,Gammaproteobacteria,Enterobacterales,Alteromonadaceae,Aestuariibacter
asv0990,Bacteria,Proteobacteria,Gammaproteobacteria,Enterobacterales,Pseudoalteromonadaceae,NA
asv0991,Bacteria,Proteobacteria,Alphaproteobacteria,Rhodobacterales,Rhodobacteraceae,HIMB11
asv0992,Bacteria,Proteobacteria,Alphaproteobacteria,Reyranellales,Reyranellaceae,Reyranella
asv0993,Bacteria,Proteobacteria,Gammaproteobacteria,Pseudomonadales,Moraxellaceae,Acinetobacter
asv0994,Bacteria,Proteobacteria,Alphaproteobacteria,Rhodobacterales,Rhodobacteraceae,NA
asv0995,Bacteria,Proteobacteria,Alphaproteobacteria,Rhizobiales,Rhizobiaceae,NA
asv0996,Bacteria,Proteobacteria,Alphaproteobacteria,Puniceispirillales,SAR116 clade,NA
asv0997,Bacteria,Proteobacteria,Gammaproteobacteria,Enterobacterales,Vibrionaceae,NA
asv0998,Bacteria,Planctomycetota,Planctomycetes,Pirellulales,Pirellulaceae,NA
asv0999,Bacteria,Bacteroidota,Bacteroidia,Cytophagales,Cyclobacteriaceae,NA
asv1000,Bacteria,Bacteroidota,Bacteroidia,Flavobacteriales,Flavobacteriaceae,NA
asv1001,Bacteria,Proteobacteria,Alphaproteobacteria,Rhodobacterales,Rhodobacteraceae,NA
asv1002,Bacteria,Proteobacteria,Alphaproteobacteria,Reyranellales,Reyranellaceae,Reyranella
asv1003,Bacteria,Proteobacteria,Alphaproteobacteria,Rhodobacterales,Rhodobacteraceae,NA
asv1004,Bacteria,Proteobacteria,Gammaproteobacteria,Pseudomonadales,Litoricolaceae,Litoricola
asv1005,Bacteria,Proteobacteria,Alphaproteobacteria,Rhizobiales,Rhizobiaceae,NA
asv1006,Bacteria,Proteobacteria,Gammaproteobacteria,Enterobacterales,Vibrionaceae,Vibrio
asv1007,Bacteria,Proteobacteria,Gammaproteobacteria,Pseudomonadales,Saccharospirillaceae,Thalassolituus
asv1008,Bacteria,Proteobacteria,Alphaproteobacteria,Rhodobacterales,Rhodobacteraceae,Paracoccus
asv1009,Bacteria,Proteobacteria,Gammaproteobacteria,NA,NA,NA
asv1010,Bacteria,Proteobacteria,Gammaproteobacteria,Burkholderiales,Alcaligenaceae,Achromobacter
asv1011,Bacteria,Proteobacteria,Gammaproteobacteria,Enterobacterales,Vibrionaceae,Vibrio
asv1012,Bacteria,Bacteroidota,Bacteroidia,Cytophagales,Cyclobacteriaceae,Ekhidna
asv1013,Bacteria,Proteobacteria,Gammaproteobacteria,Enterobacterales,Alteromonadaceae,NA
asv1014,Bacteria,Proteobacteria,Gammaproteobacteria,NA,NA,NA
asv1015,Bacteria,Proteobacteria,Gammaproteobacteria,Burkholderiales,Burkholderiaceae,Burkholderia-Caballeronia-Paraburkholderia
asv1016,Bacteria,Desulfobacterota,Desulfobulbia,Desulfobulbales,Desulfobulbaceae,NA
asv1017,Bacteria,Bacteroidota,Bacteroidia,Flavobacteriales,Flavobacteriaceae,Mesoflavibacter
asv1018,Bacteria,Proteobacteria,Alphaproteobacteria,Rhizobiales,Rhizobiaceae,Roseitalea
asv1019,Bacteria,Proteobacteria,Gammaproteobacteria,Burkholderiales,Comamonadaceae,Pseudacidovorax
asv1020,Bacteria,Planctomycetota,Phycisphaerae,Phycisphaerales,Phycisphaeraceae,CL500-3
asv1021,Bacteria,Bacteroidota,Bacteroidia,Cytophagales,Cyclobacteriaceae,Fulvivirga
asv1022,Bacteria,Firmicutes,Bacilli,Bacillales,Marinococcaceae,Marinococcus
asv1023,Bacteria,Proteobacteria,Alphaproteobacteria,Rhizobiales,Stappiaceae,Pseudovibrio
asv1024,Bacteria,Planctomycetota,Planctomycetes,Pirellulales,Pirellulaceae,Blastopirellula
asv1025,Bacteria,Planctomycetota,Planctomycetes,Pirellulales,Pirellulaceae,Pirellula
asv1026,Bacteria,Proteobacteria,Alphaproteobacteria,Rhodobacterales,Rhodobacteraceae,Ascidiaceihabitans
asv1027,Bacteria,Planctomycetota,NA,NA,NA,NA
asv1028,Bacteria,Proteobacteria,Gammaproteobacteria,Enterobacterales,Pseudoalteromonadaceae,Psychrosphaera
asv1029,Bacteria,Proteobacteria,Alphaproteobacteria,Acetobacterales,Acetobacteraceae,Roseomonas
asv1030,Bacteria,Proteobacteria,Alphaproteobacteria,Rhodobacterales,Rhodobacteraceae,NA
asv1031,Bacteria,Proteobacteria,Alphaproteobacteria,Rhizobiales,Stappiaceae,Roseibium
asv1032,Bacteria,Proteobacteria,Gammaproteobacteria,Pseudomonadales,Oleiphilaceae,Oleiphilus
asv1033,Bacteria,Proteobacteria,Alphaproteobacteria,Rhodobacterales,Rhodobacteraceae,Cognatishimia
asv1034,Bacteria,Proteobacteria,Gammaproteobacteria,Enterobacterales,Shewanellaceae,Shewanella
asv1035,Bacteria,Actinobacteriota,Acidimicrobiia,Actinomarinales,Actinomarinaceae,Candidatus Actinomarina
asv1036,Bacteria,Proteobacteria,Alphaproteobacteria,Rickettsiales,S25-593,NA
asv1037,Bacteria,Proteobacteria,Gammaproteobacteria,Pseudomonadales,Pseudomonadaceae,Pseudomonas
asv1038,Bacteria,Planctomycetota,Planctomycetes,Pirellulales,Pirellulaceae,Blastopirellula
asv1039,Bacteria,Bacteroidota,Bacteroidia,Chitinophagales,Chitinophagaceae,Vibrionimonas
asv1040,Bacteria,Proteobacteria,Gammaproteobacteria,Enterobacterales,Vibrionaceae,Vibrio
asv1041,Bacteria,Proteobacteria,Alphaproteobacteria,Thalassobaculales,NA,NA
asv1042,Bacteria,Proteobacteria,Gammaproteobacteria,Pseudomonadales,Halomonadaceae,Chromohalobacter
asv1043,Bacteria,Proteobacteria,Gammaproteobacteria,Enterobacterales,Vibrionaceae,Photobacterium
asv1044,Bacteria,Proteobacteria,Gammaproteobacteria,Pseudomonadales,Nitrincolaceae,Marinobacterium
asv1045,Bacteria,Desulfobacterota,Desulfovibrionia,Desulfovibrionales,NA,NA
asv1046,Bacteria,Proteobacteria,Alphaproteobacteria,Micavibrionales,Micavibrionaceae,NA
asv1047,Bacteria,Proteobacteria,Alphaproteobacteria,Rhodobacterales,Rhodobacteraceae,NA
asv1048,Bacteria,Proteobacteria,Gammaproteobacteria,Xanthomonadales,Xanthomonadaceae,Stenotrophomonas
asv1049,Bacteria,Proteobacteria,Alphaproteobacteria,Rhodobacterales,Rhodobacteraceae,Pseudooceanicola
asv1050,Bacteria,Proteobacteria,Gammaproteobacteria,Burkholderiales,Burkholderiaceae,Burkholderia-Caballeronia-Paraburkholderia
asv1051,Bacteria,Proteobacteria,Alphaproteobacteria,Kiloniellales,Kiloniellaceae,Pelagibius
asv1052,Bacteria,Proteobacteria,Gammaproteobacteria,Enterobacterales,Alteromonadaceae,Aliiglaciecola
asv1053,Bacteria,Proteobacteria,Gammaproteobacteria,Enterobacterales,Pseudoalteromonadaceae,Psychrosphaera
asv1054,Bacteria,Proteobacteria,Alphaproteobacteria,Thalassobaculales,NA,NA
asv1055,Bacteria,Proteobacteria,Alphaproteobacteria,Rhodobacterales,Rhodobacteraceae,Paracoccus
asv1056,Bacteria,Campylobacterota,Campylobacteria,Campylobacterales,Arcobacteraceae,NA
asv1057,Bacteria,Proteobacteria,Gammaproteobacteria,Tenderiales,Tenderiaceae,Candidatus Tenderia
asv1058,Bacteria,Proteobacteria,Gammaproteobacteria,Pseudomonadales,Halomonadaceae,Chromohalobacter
asv1059,Bacteria,Proteobacteria,Gammaproteobacteria,Enterobacterales,Vibrionaceae,Photobacterium
asv1060,Bacteria,Proteobacteria,Gammaproteobacteria,Enterobacterales,Shewanellaceae,Shewanella
asv1061,Bacteria,Proteobacteria,Alphaproteobacteria,Kiloniellales,Kiloniellaceae,Pelagibius
asv1062,Bacteria,Acidobacteriota,Thermoanaerobaculia,Thermoanaerobaculales,Thermoanaerobaculaceae,Subgroup 10
asv1063,Bacteria,Proteobacteria,Alphaproteobacteria,Rhizobiales,Rhizobiaceae,Phyllobacterium
asv1064,Bacteria,Proteobacteria,Gammaproteobacteria,Pseudomonadales,Marinomonadaceae,Marinomonas
asv1065,Bacteria,Proteobacteria,Gammaproteobacteria,Burkholderiales,Alcaligenaceae,NA
asv1066,Bacteria,Proteobacteria,Alphaproteobacteria,Rhodobacterales,Rhodobacteraceae,Epibacterium
asv1067,Bacteria,Proteobacteria,Gammaproteobacteria,Pseudomonadales,Pseudomonadaceae,NA
asv1068,Bacteria,Proteobacteria,Alphaproteobacteria,Caulobacterales,Caulobacteraceae,Brevundimonas
asv1069,Bacteria,Cyanobacteria,Cyanobacteriia,Phormidesmiales,Phormidesmiaceae,NA
asv1070,Bacteria,Proteobacteria,Alphaproteobacteria,Caulobacterales,Hyphomonadaceae,Hyphomonas
asv1071,Bacteria,Bacteroidota,Bacteroidia,Flavobacteriales,Flavobacteriaceae,NA
asv1072,Bacteria,Proteobacteria,Gammaproteobacteria,Enterobacterales,Pseudoalteromonadaceae,Pseudoalteromonas
asv1073,Bacteria,Bacteroidota,Bacteroidia,Flavobacteriales,NS9 marine group,NA
asv1074,Bacteria,Proteobacteria,Gammaproteobacteria,Pseudomonadales,SAR86 clade,NA
asv1075,Bacteria,Planctomycetota,Phycisphaerae,Phycisphaerales,Phycisphaeraceae,FS140-16B-02 marine group
asv1076,Bacteria,Cyanobacteria,Cyanobacteriia,Phormidesmiales,Phormidesmiaceae,NA
asv1077,Bacteria,Proteobacteria,Gammaproteobacteria,Enterobacterales,Vibrionaceae,Photobacterium
asv1078,Bacteria,Proteobacteria,Gammaproteobacteria,Pseudomonadales,Pseudomonadaceae,Pseudomonas
asv1079,Bacteria,Proteobacteria,Gammaproteobacteria,Burkholderiales,Oxalobacteraceae,Rugamonas
asv1080,Bacteria,Bacteroidota,Bacteroidia,Flavobacteriales,Flavobacteriaceae,NS2b marine group
asv1081,Bacteria,Proteobacteria,Gammaproteobacteria,Xanthomonadales,Xanthomonadaceae,Stenotrophomonas
asv1082,Bacteria,Proteobacteria,Alphaproteobacteria,Rhizobiales,NA,NA
asv1083,Bacteria,Proteobacteria,Gammaproteobacteria,Pseudomonadales,Pseudomonadaceae,Pseudomonas
asv1084,Bacteria,Proteobacteria,Alphaproteobacteria,Sphingomonadales,Sphingomonadaceae,Sphingomicrobium
asv1085,Bacteria,Proteobacteria,Alphaproteobacteria,NA,NA,NA
asv1086,Bacteria,Proteobacteria,Alphaproteobacteria,Caulobacterales,Hyphomonadaceae,Hirschia
asv1087,Bacteria,Dependentiae,Babeliae,Babeliales,NA,NA
asv1088,Bacteria,Proteobacteria,Alphaproteobacteria,Rhodobacterales,Rhodobacteraceae,NA
asv1089,Bacteria,Proteobacteria,Gammaproteobacteria,Pseudomonadales,Moraxellaceae,Psychrobacter
asv1090,Bacteria,Proteobacteria,Gammaproteobacteria,Pseudomonadales,Moraxellaceae,Psychrobacter
asv1091,Bacteria,Proteobacteria,Alphaproteobacteria,Rhodobacterales,Rhodobacteraceae,Ascidiaceihabitans
asv1092,Bacteria,Bacteroidota,Bacteroidia,Flavobacteriales,Flavobacteriaceae,NS4 marine group
asv1093,Bacteria,Bacteroidota,Bacteroidia,Flavobacteriales,Flavobacteriaceae,NA
asv1094,Bacteria,Proteobacteria,Alphaproteobacteria,Rhizobiales,Rhizobiaceae,NA
asv1095,Bacteria,Proteobacteria,Gammaproteobacteria,Pseudomonadales,Marinomonadaceae,Marinomonas
asv1096,Bacteria,Proteobacteria,Alphaproteobacteria,Rhodobacterales,Rhodobacteraceae,NA
asv1097,Bacteria,Cyanobacteria,Cyanobacteriia,Phormidesmiales,Phormidesmiaceae,NA
asv1098,Bacteria,Proteobacteria,Alphaproteobacteria,Rhodobacterales,Rhodobacteraceae,Ascidiaceihabitans
asv1099,Bacteria,Proteobacteria,Alphaproteobacteria,Rhodospirillales,Magnetospiraceae,NA
asv1100,Bacteria,Verrucomicrobiota,Verrucomicrobiae,Verrucomicrobiales,Rubritaleaceae,Luteolibacter
asv1101,Bacteria,Armatimonadota,Fimbriimonadia,Fimbriimonadales,Fimbriimonadaceae,NA
asv1102,Bacteria,Proteobacteria,Alphaproteobacteria,Sphingomonadales,Sphingomonadaceae,Erythrobacter
asv1103,Bacteria,Proteobacteria,Gammaproteobacteria,Pseudomonadales,Marinomonadaceae,Marinomonas
asv1104,Bacteria,Proteobacteria,Gammaproteobacteria,NA,NA,NA
asv1105,Bacteria,Proteobacteria,Gammaproteobacteria,Enterobacterales,Colwelliaceae,Thalassotalea
asv1106,Bacteria,Proteobacteria,Gammaproteobacteria,NA,NA,NA
asv1107,Bacteria,Proteobacteria,Gammaproteobacteria,NA,NA,NA
asv1108,Bacteria,Proteobacteria,Alphaproteobacteria,Thalassobaculales,NA,NA
asv1109,Bacteria,Bacteroidota,Rhodothermia,Rhodothermales,Rhodothermaceae,NA
asv1110,Bacteria,Planctomycetota,Planctomycetes,Pirellulales,Pirellulaceae,Rubripirellula
asv1111,Bacteria,Proteobacteria,Gammaproteobacteria,Enterobacterales,Shewanellaceae,Shewanella
asv1112,Bacteria,Proteobacteria,Gammaproteobacteria,Burkholderiales,Comamonadaceae,NA
asv1113,Bacteria,Proteobacteria,Gammaproteobacteria,Enterobacterales,Vibrionaceae,Catenococcus
asv1114,Bacteria,Proteobacteria,Gammaproteobacteria,Burkholderiales,Burkholderiaceae,Burkholderia-Caballeronia-Paraburkholderia
asv1115,Bacteria,Verrucomicrobiota,Verrucomicrobiae,Verrucomicrobiales,Rubritaleaceae,Luteolibacter
asv1116,Bacteria,Bacteroidota,Bacteroidia,Cytophagales,Cyclobacteriaceae,NA
asv1117,Bacteria,Proteobacteria,Gammaproteobacteria,Pseudomonadales,Pseudomonadaceae,NA
asv1118,Bacteria,Proteobacteria,Alphaproteobacteria,Kiloniellales,Kiloniellaceae,Pelagibius
asv1119,Bacteria,Proteobacteria,Gammaproteobacteria,Enterobacterales,Vibrionaceae,Vibrio
asv1120,Bacteria,Proteobacteria,Alphaproteobacteria,Rhizobiales,Rhizobiaceae,Cohaesibacter
asv1121,Bacteria,Cyanobacteria,Cyanobacteriia,Phormidesmiales,Phormidesmiaceae,Phormidium MBIC10003
asv1122,Bacteria,Proteobacteria,Gammaproteobacteria,Pseudomonadales,Alcanivoracaceae,Ketobacter
asv1123,Bacteria,Proteobacteria,Alphaproteobacteria,Puniceispirillales,SAR116 clade,NA
asv1124,Bacteria,Proteobacteria,Alphaproteobacteria,Puniceispirillales,SAR116 clade,NA
asv1125,Bacteria,Proteobacteria,Alphaproteobacteria,Rhodobacterales,Rhodobacteraceae,NA
asv1126,Bacteria,Proteobacteria,Gammaproteobacteria,Enterobacterales,Vibrionaceae,Vibrio
asv1127,Bacteria,Planctomycetota,vadinHA49,NA,NA,NA
asv1128,Bacteria,Proteobacteria,Alphaproteobacteria,Rhizobiales,Rhizobiaceae,Aureimonas
asv1129,Bacteria,Proteobacteria,Gammaproteobacteria,NA,NA,NA
asv1130,Bacteria,Proteobacteria,Gammaproteobacteria,Enterobacterales,Alteromonadaceae,Aestuariibacter
asv1131,Bacteria,Proteobacteria,Gammaproteobacteria,Enterobacterales,Alteromonadaceae,Aestuariibacter
asv1132,Bacteria,Proteobacteria,Alphaproteobacteria,Rickettsiales,Rickettsiaceae,NA
asv1133,Bacteria,Proteobacteria,Alphaproteobacteria,NA,NA,NA
asv1134,Bacteria,Proteobacteria,Alphaproteobacteria,NA,NA,NA
asv1135,Bacteria,Proteobacteria,Gammaproteobacteria,Enterobacterales,Alteromonadaceae,Glaciecola
asv1136,Bacteria,Proteobacteria,Gammaproteobacteria,Enterobacterales,Idiomarinaceae,Idiomarina
asv1137,Bacteria,NA,NA,NA,NA,NA
asv1138,Bacteria,Proteobacteria,Gammaproteobacteria,Pseudomonadales,Marinomonadaceae,Marinomonas
asv1139,Bacteria,Proteobacteria,Gammaproteobacteria,Pseudomonadales,Saccharospirillaceae,Oleibacter
asv1140,Bacteria,Planctomycetota,Phycisphaerae,Phycisphaerales,Phycisphaeraceae,Phycisphaera
asv1141,Bacteria,Cyanobacteria,Cyanobacteriia,Synechococcales,Cyanobiaceae,Synechococcus CC9902
asv1142,Bacteria,Cyanobacteria,Cyanobacteriia,NA,NA,NA
asv1143,Bacteria,Cyanobacteria,Cyanobacteriia,NA,NA,NA
asv1144,Bacteria,Proteobacteria,Gammaproteobacteria,Enterobacterales,Alteromonadaceae,Aestuariibacter
asv1145,Bacteria,Proteobacteria,Alphaproteobacteria,Parvibaculales,Parvibaculaceae,Tepidicaulis
asv1146,Bacteria,Proteobacteria,Alphaproteobacteria,Rickettsiales,S25-593,NA
asv1147,Bacteria,Proteobacteria,Alphaproteobacteria,Rhodobacterales,Rhodobacteraceae,NA
asv1148,Bacteria,Proteobacteria,Alphaproteobacteria,Thalassobaculales,NA,NA
asv1149,Bacteria,Proteobacteria,Alphaproteobacteria,Sphingomonadales,Sphingomonadaceae,Altererythrobacter
asv1150,Bacteria,SAR324 clade(Marine group B),NA,NA,NA,NA
asv1151,Bacteria,Cyanobacteria,Cyanobacteriia,Phormidesmiales,Nodosilineaceae,NA
asv1152,Bacteria,Bacteroidota,Bacteroidia,Cytophagales,Amoebophilaceae,Candidatus Amoebophilus
asv1153,Bacteria,Proteobacteria,Gammaproteobacteria,Enterobacterales,Vibrionaceae,Vibrio
asv1154,Bacteria,Planctomycetota,Planctomycetes,Pirellulales,Pirellulaceae,Blastopirellula
asv1155,Bacteria,Bacteroidota,Bacteroidia,Flavobacteriales,Flavobacteriaceae,NA
asv1156,Bacteria,Proteobacteria,Alphaproteobacteria,Rhodobacterales,Rhodobacteraceae,Citreicella
asv1157,Bacteria,Proteobacteria,Gammaproteobacteria,Pseudomonadales,Marinomonadaceae,Marinomonas
asv1158,Bacteria,Bdellovibrionota,Bdellovibrionia,Bdellovibrionales,Bdellovibrionaceae,OM27 clade
asv1159,Bacteria,Fusobacteriota,Fusobacteriia,Fusobacteriales,Fusobacteriaceae,Propionigenium
asv1160,Bacteria,Proteobacteria,Gammaproteobacteria,Burkholderiales,Comamonadaceae,NA
asv1161,Bacteria,Proteobacteria,Gammaproteobacteria,Burkholderiales,Burkholderiaceae,Ralstonia
asv1162,Bacteria,Proteobacteria,Alphaproteobacteria,Rhizobiales,Stappiaceae,NA
asv1163,Bacteria,Proteobacteria,Alphaproteobacteria,Thalassobaculales,NA,NA
asv1164,Bacteria,WPS-2,NA,NA,NA,NA
asv1165,Bacteria,Bacteroidota,Bacteroidia,Flavobacteriales,Flavobacteriaceae,NS5 marine group
asv1166,Bacteria,Proteobacteria,Gammaproteobacteria,Pseudomonadales,SAR86 clade,NA
asv1167,Bacteria,Proteobacteria,Gammaproteobacteria,Enterobacterales,Vibrionaceae,Catenococcus
asv1168,Bacteria,Proteobacteria,Gammaproteobacteria,NA,NA,NA
asv1169,Bacteria,Proteobacteria,Alphaproteobacteria,Rhizobiales,Rhizobiaceae,NA
asv1170,Bacteria,Planctomycetota,Planctomycetes,Pirellulales,Pirellulaceae,Pir4 lineage
asv1171,Bacteria,Cyanobacteria,Cyanobacteriia,Phormidesmiales,Phormidesmiaceae,NA
asv1172,Bacteria,Cyanobacteria,Cyanobacteriia,Phormidesmiales,Phormidesmiaceae,NA
asv1173,Bacteria,Proteobacteria,Alphaproteobacteria,Rhizobiales,Stappiaceae,Labrenzia
asv1174,Bacteria,Planctomycetota,Planctomycetes,Pirellulales,Pirellulaceae,Blastopirellula
asv1175,Bacteria,Proteobacteria,Gammaproteobacteria,Pseudomonadales,Spongiibacteraceae,BD1-7 clade
asv1176,Bacteria,Proteobacteria,Alphaproteobacteria,Rhizobiales,Rhizobiales Incertae Sedis,Anderseniella
asv1177,Bacteria,Proteobacteria,Gammaproteobacteria,Pseudomonadales,Moraxellaceae,Psychrobacter
asv1178,Bacteria,Bacteroidota,Bacteroidia,Flavobacteriales,Flavobacteriaceae,Frondibacter
asv1179,Bacteria,Proteobacteria,Gammaproteobacteria,Pseudomonadales,Nitrincolaceae,Neptuniibacter
asv1180,Bacteria,Proteobacteria,Alphaproteobacteria,Puniceispirillales,NA,NA
asv1181,Bacteria,Cyanobacteria,Cyanobacteriia,Synechococcales,Cyanobiaceae,Synechococcus CC9902
asv1182,Bacteria,Planctomycetota,Planctomycetes,Pirellulales,Pirellulaceae,NA
asv1183,Bacteria,Proteobacteria,Alphaproteobacteria,SAR11 clade,Clade IV,NA
asv1184,Bacteria,Proteobacteria,Alphaproteobacteria,Thalassobaculales,NA,NA
asv1185,Bacteria,Proteobacteria,Alphaproteobacteria,Thalassobaculales,NA,NA
asv1186,Bacteria,Proteobacteria,Alphaproteobacteria,Caulobacterales,Hyphomonadaceae,Algimonas
asv1187,Bacteria,Bacteroidota,Bacteroidia,Flavobacteriales,Cryomorphaceae,NA
asv1188,Bacteria,Firmicutes,Bacilli,Staphylococcales,Staphylococcaceae,Staphylococcus
asv1189,Bacteria,Proteobacteria,Alphaproteobacteria,Caulobacterales,Caulobacteraceae,Brevundimonas
asv1190,Bacteria,Proteobacteria,Alphaproteobacteria,Kiloniellales,Kiloniellaceae,Pelagibius
asv1191,Bacteria,Proteobacteria,Alphaproteobacteria,Rhodobacterales,Rhodobacteraceae,Yangia
asv1192,Bacteria,Proteobacteria,Alphaproteobacteria,Rhodobacterales,Rhodobacteraceae,NA
asv1193,Bacteria,Proteobacteria,Gammaproteobacteria,Enterobacterales,Alteromonadaceae,Aliiglaciecola
asv1194,Bacteria,Proteobacteria,Gammaproteobacteria,Enterobacterales,Pseudoalteromonadaceae,Pseudoalteromonas
asv1195,Bacteria,Proteobacteria,Gammaproteobacteria,Enterobacterales,Pseudoalteromonadaceae,Pseudoalteromonas
asv1196,Bacteria,Proteobacteria,Alphaproteobacteria,Kiloniellales,Kiloniellaceae,Pelagibius
asv1197,Bacteria,Proteobacteria,Alphaproteobacteria,Kiloniellales,Kiloniellaceae,Pelagibius
asv1198,Bacteria,Proteobacteria,Gammaproteobacteria,Pseudomonadales,Halieaceae,NA
asv1199,Bacteria,Proteobacteria,Gammaproteobacteria,Enterobacterales,Alteromonadaceae,Aliiglaciecola
asv1200,Bacteria,Proteobacteria,Alphaproteobacteria,Rhizobiales,NA,NA
asv1201,Bacteria,Proteobacteria,Gammaproteobacteria,Enterobacterales,Enterobacteriaceae,Cedecea
asv1202,Bacteria,Proteobacteria,Gammaproteobacteria,Enterobacterales,Shewanellaceae,Shewanella
asv1203,Bacteria,Proteobacteria,Gammaproteobacteria,Burkholderiales,Alcaligenaceae,Verticiella
asv1204,Bacteria,Proteobacteria,Alphaproteobacteria,Caulobacterales,Hyphomonadaceae,Oceanicaulis
asv1205,Bacteria,Proteobacteria,Gammaproteobacteria,Pseudomonadales,Alcanivoracaceae1,Alcanivorax
asv1206,Bacteria,Proteobacteria,Gammaproteobacteria,Pseudomonadales,SAR86 clade,NA
asv1207,Bacteria,Bdellovibrionota,Oligoflexia,Oligoflexales,Oligoflexaceae,NA
asv1208,Bacteria,Proteobacteria,Gammaproteobacteria,Pseudomonadales,SAR86 clade,NA
asv1209,Bacteria,Proteobacteria,Gammaproteobacteria,Pseudomonadales,Halomonadaceae,Halomonas
asv1210,Bacteria,Proteobacteria,Alphaproteobacteria,Rhodobacterales,Rhodobacteraceae,Paracoccus
asv1211,Bacteria,Proteobacteria,Alphaproteobacteria,Thalassobaculales,NA,NA
asv1212,Bacteria,Proteobacteria,Alphaproteobacteria,Sphingomonadales,Sphingomonadaceae,Croceicoccus
asv1213,Bacteria,Proteobacteria,Gammaproteobacteria,Enterobacterales,Vibrionaceae,Vibrio
asv1214,Bacteria,Proteobacteria,Gammaproteobacteria,Enterobacterales,Alteromonadaceae,Alteromonas
asv1215,Bacteria,Proteobacteria,Gammaproteobacteria,Enterobacterales,Colwelliaceae,Thalassotalea
asv1216,Bacteria,Proteobacteria,Alphaproteobacteria,Rhodobacterales,Rhodobacteraceae,NA
asv1217,Bacteria,Proteobacteria,Gammaproteobacteria,Pseudomonadales,Pseudomonadaceae,Pseudomonas
asv1218,Bacteria,Proteobacteria,Alphaproteobacteria,Rhodobacterales,Rhodobacteraceae,NA
asv1219,Bacteria,Proteobacteria,Gammaproteobacteria,Pseudomonadales,Marinomonadaceae,Marinomonas
asv1220,Bacteria,Bacteroidota,Bacteroidia,Flavobacteriales,Crocinitomicaceae,Fluviicola
asv1221,Bacteria,Proteobacteria,Gammaproteobacteria,Burkholderiales,Nitrosomonadaceae,oc32
asv1222,Bacteria,Proteobacteria,Gammaproteobacteria,Pseudomonadales,Saccharospirillaceae,Thalassolituus
asv1223,Bacteria,Proteobacteria,Alphaproteobacteria,Rhodobacterales,Rhodobacteraceae,NA
asv1224,Bacteria,Proteobacteria,Gammaproteobacteria,Pseudomonadales,Halomonadaceae,Cobetia
asv1225,Bacteria,Proteobacteria,Alphaproteobacteria,Caulobacterales,Caulobacteraceae,Caulobacter
asv1226,Bacteria,Proteobacteria,Gammaproteobacteria,Pseudomonadales,Marinomonadaceae,Marinomonas
asv1227,Bacteria,Proteobacteria,Alphaproteobacteria,Rickettsiales,S25-593,NA
asv1228,Bacteria,Proteobacteria,Gammaproteobacteria,Pseudomonadales,Nitrincolaceae,Marinobacterium
asv1229,Bacteria,Proteobacteria,Gammaproteobacteria,Enterobacterales,Aeromonadaceae,Aeromonas
asv1230,Bacteria,Bacteroidota,Bacteroidia,Flavobacteriales,Flavobacteriaceae,Flavobacterium
asv1231,Bacteria,Proteobacteria,Alphaproteobacteria,Rhodospirillales,NA,NA
asv1232,Bacteria,Proteobacteria,Alphaproteobacteria,Rhizobiales,Stappiaceae,Roseibium
asv1233,Bacteria,Proteobacteria,Alphaproteobacteria,Rickettsiales,Fokiniaceae,MD3-55
asv1234,Bacteria,Proteobacteria,Gammaproteobacteria,Pseudomonadales,Halieaceae,Congregibacter
asv1235,Bacteria,Bdellovibrionota,Bdellovibrionia,Bacteriovoracales,Bacteriovoracaceae,Peredibacter
asv1236,Bacteria,Planctomycetota,OM190,NA,NA,NA
asv1237,Bacteria,Proteobacteria,Alphaproteobacteria,Puniceispirillales,SAR116 clade,NA
asv1238,Bacteria,Firmicutes,Bacilli,Bacillales,Bacillaceae,Anoxybacillus
asv1239,Bacteria,Proteobacteria,Gammaproteobacteria,HOC36,NA,NA
asv1240,Bacteria,Proteobacteria,Alphaproteobacteria,NA,NA,NA
asv1241,Bacteria,Firmicutes,Clostridia,Peptostreptococcales-Tissierellales,Peptostreptococcaceae,Romboutsia
asv1242,Bacteria,Proteobacteria,Gammaproteobacteria,Enterobacterales,Colwelliaceae,Thalassotalea
asv1243,Bacteria,Proteobacteria,Alphaproteobacteria,Rhodobacterales,Rhodobacteraceae,NA
asv1244,Bacteria,Proteobacteria,Alphaproteobacteria,Sphingomonadales,Sphingomonadaceae,Erythrobacter
asv1245,Bacteria,Proteobacteria,Gammaproteobacteria,Pseudomonadales,Pseudomonadaceae,Pseudomonas
asv1246,Bacteria,Proteobacteria,Alphaproteobacteria,Rhodospirillales,Terasakiellaceae,NA
asv1247,Bacteria,Planctomycetota,Phycisphaerae,Phycisphaerales,Phycisphaeraceae,SM1A02
asv1248,Bacteria,Proteobacteria,Gammaproteobacteria,Enterobacterales,Pseudoalteromonadaceae,Psychrosphaera
asv1249,Bacteria,Proteobacteria,Alphaproteobacteria,Kiloniellales,Kiloniellaceae,Pelagibius
asv1250,Bacteria,Myxococcota,Myxococcia,Myxococcales,Myxococcaceae,P3OB-42
asv1251,Bacteria,Proteobacteria,Alphaproteobacteria,Rhodobacterales,Rhodobacteraceae,Thalassobius
asv1252,Bacteria,Proteobacteria,Gammaproteobacteria,Enterobacterales,Vibrionaceae,Vibrio
asv1253,Bacteria,Proteobacteria,Gammaproteobacteria,Enterobacterales,Vibrionaceae,Photobacterium
asv1254,Bacteria,Planctomycetota,Phycisphaerae,Phycisphaerales,Phycisphaeraceae,Urania-1B-19 marine sediment group
asv1255,Bacteria,Bacteroidota,Bacteroidia,Flavobacteriales,Crocinitomicaceae,Fluviicola
asv1256,Bacteria,Cyanobacteria,Cyanobacteriia,Phormidesmiales,Phormidesmiaceae,NA
asv1257,Bacteria,Proteobacteria,Gammaproteobacteria,Pseudomonadales,Halomonadaceae,Salinicola
asv1258,Bacteria,Bacteroidota,Bacteroidia,Flavobacteriales,Flavobacteriaceae,Frondibacter
asv1259,Bacteria,Proteobacteria,Alphaproteobacteria,Rhodobacterales,Rhodobacteraceae,Pelagibaca
asv1260,Bacteria,Proteobacteria,Gammaproteobacteria,Burkholderiales,Burkholderiaceae,Burkholderia-Caballeronia-Paraburkholderia
asv1261,Bacteria,Proteobacteria,Gammaproteobacteria,Enterobacterales,Vibrionaceae,Enterovibrio
asv1262,Bacteria,Planctomycetota,Phycisphaerae,Phycisphaerales,Phycisphaeraceae,CL500-3
asv1263,Bacteria,Proteobacteria,Alphaproteobacteria,Micavibrionales,Micavibrionaceae,NA
asv1264,Bacteria,Bacteroidota,Bacteroidia,Flavobacteriales,Flavobacteriaceae,Tenacibaculum
asv1265,Bacteria,Bacteroidota,Bacteroidia,Flavobacteriales,Flavobacteriaceae,Wenyingzhuangia
asv1266,Bacteria,Bacteroidota,Bacteroidia,Cytophagales,Cyclobacteriaceae,Reichenbachiella
asv1267,Bacteria,Planctomycetota,Planctomycetes,Pirellulales,Pirellulaceae,Blastopirellula
asv1268,Bacteria,Actinobacteriota,Actinobacteria,Micrococcales,Dermacoccaceae,Flexivirga
asv1269,Bacteria,Proteobacteria,Gammaproteobacteria,Pseudomonadales,Nitrincolaceae,Marinobacterium
asv1270,Bacteria,Cyanobacteria,Cyanobacteriia,Synechococcales,Cyanobiaceae,Cyanobium PCC-6307
asv1271,Bacteria,Proteobacteria,Gammaproteobacteria,Burkholderiales,Burkholderiaceae,Burkholderia-Caballeronia-Paraburkholderia
asv1272,Bacteria,Firmicutes,Clostridia,Clostridiales,Clostridiaceae,NA
asv1273,Bacteria,Proteobacteria,Alphaproteobacteria,NA,NA,NA
asv1274,Bacteria,Proteobacteria,Gammaproteobacteria,Enterobacterales,Alteromonadaceae,Aestuariibacter
asv1275,Bacteria,Proteobacteria,Gammaproteobacteria,Enterobacterales,Pseudoalteromonadaceae,Pseudoalteromonas
asv1276,Bacteria,Proteobacteria,Alphaproteobacteria,NA,NA,NA
asv1277,Bacteria,Bacteroidota,Bacteroidia,Flavobacteriales,Flavobacteriaceae,Frondibacter
asv1278,Bacteria,Actinobacteriota,Actinobacteria,Micrococcales,Dermacoccaceae,Flexivirga
asv1279,Bacteria,Cyanobacteria,Cyanobacteriia,Synechococcales,Cyanobiaceae,Synechococcus CC9902
asv1280,Bacteria,Bacteroidota,Bacteroidia,Cytophagales,Amoebophilaceae,Candidatus Amoebophilus
asv1281,Bacteria,Proteobacteria,Gammaproteobacteria,Enterobacterales,Vibrionaceae,Vibrio
asv1282,Bacteria,Proteobacteria,Gammaproteobacteria,Pseudomonadales,Pseudomonadaceae,Pseudomonas
asv1283,Bacteria,Proteobacteria,Gammaproteobacteria,Tenderiales,Tenderiaceae,Candidatus Tenderia
asv1284,Bacteria,Proteobacteria,Alphaproteobacteria,Holosporales,Holosporaceae,NA
asv1285,Bacteria,Proteobacteria,Gammaproteobacteria,Pseudomonadales,Marinomonadaceae,Marinomonas
asv1286,Bacteria,Proteobacteria,Gammaproteobacteria,Enterobacterales,Vibrionaceae,Catenococcus
asv1287,Bacteria,Proteobacteria,Gammaproteobacteria,Enterobacterales,Aeromonadaceae,Aeromonas
asv1288,Bacteria,Proteobacteria,Gammaproteobacteria,NA,NA,NA
asv1289,Bacteria,Proteobacteria,Alphaproteobacteria,Rhodobacterales,Rhodobacteraceae,Epibacterium
asv1290,Bacteria,Firmicutes,Clostridia,Peptostreptococcales-Tissierellales,Fusibacteraceae,Fusibacter
asv1291,Bacteria,Verrucomicrobiota,Kiritimatiellae,Kiritimatiellales,Kiritimatiellaceae,R76-B128
asv1292,Bacteria,Proteobacteria,Alphaproteobacteria,Rhodobacterales,Rhodobacteraceae,Pseudoruegeria
asv1293,Bacteria,Proteobacteria,Gammaproteobacteria,Pseudomonadales,Pseudomonadaceae,Pseudomonas
asv1294,Bacteria,Proteobacteria,Gammaproteobacteria,Enterobacterales,Pseudoalteromonadaceae,Pseudoalteromonas
asv1295,Bacteria,Proteobacteria,Gammaproteobacteria,Pseudomonadales,SAR86 clade,NA
asv1296,Bacteria,Myxococcota,Polyangia,Polyangiales,Sandaracinaceae,NA
asv1297,Bacteria,Proteobacteria,Gammaproteobacteria,Enterobacterales,Pseudoalteromonadaceae,Pseudoalteromonas
asv1298,Bacteria,Proteobacteria,Alphaproteobacteria,Rhodobacterales,Rhodobacteraceae,WDS1C4
asv1299,Bacteria,Actinobacteriota,Acidimicrobiia,Microtrichales,Microtrichaceae,Sva0996 marine group
asv1300,Bacteria,Proteobacteria,Alphaproteobacteria,Sphingomonadales,Sphingomonadaceae,Novosphingobium
asv1301,Bacteria,Proteobacteria,Gammaproteobacteria,Burkholderiales,Comamonadaceae,NA
asv1302,Bacteria,Proteobacteria,Gammaproteobacteria,Enterobacterales,Vibrionaceae,Grimontia
asv1303,Bacteria,Proteobacteria,Gammaproteobacteria,Enterobacterales,Pseudoalteromonadaceae,Algicola
asv1304,Bacteria,Campylobacterota,Campylobacteria,Campylobacterales,Arcobacteraceae,Malaciobacter
asv1305,Bacteria,Cyanobacteria,Cyanobacteriia,Phormidesmiales,Phormidesmiaceae,NA
asv1306,Bacteria,Bacteroidota,Bacteroidia,Flavobacteriales,Flavobacteriaceae,Neptunitalea
asv1307,Bacteria,Proteobacteria,Gammaproteobacteria,Pseudomonadales,Halieaceae,NA
asv1308,Bacteria,Planctomycetota,Planctomycetes,Pirellulales,Pirellulaceae,Blastopirellula
asv1309,Bacteria,Myxococcota,Myxococcia,Myxococcales,Myxococcaceae,P3OB-42
asv1310,Bacteria,Proteobacteria,Alphaproteobacteria,NA,NA,NA
asv1311,Bacteria,Verrucomicrobiota,Omnitrophia,NA,NA,NA
asv1312,Bacteria,Planctomycetota,Phycisphaerae,Phycisphaerales,Phycisphaeraceae,CL500-3
asv1313,Bacteria,Cyanobacteria,Cyanobacteriia,Phormidesmiales,Nodosilineaceae,MBIC10086
asv1314,Bacteria,Bacteroidota,Bacteroidia,Flavobacteriales,Flavobacteriaceae,Mesoflavibacter
asv1315,Bacteria,Proteobacteria,Gammaproteobacteria,Enterobacterales,Enterobacteriaceae,NA
asv1316,Bacteria,Proteobacteria,Alphaproteobacteria,NA,NA,NA
asv1317,Bacteria,Proteobacteria,Alphaproteobacteria,Sphingomonadales,Sphingomonadaceae,Altererythrobacter
asv1318,Bacteria,Proteobacteria,Alphaproteobacteria,Caulobacterales,Hyphomonadaceae,Oceanicaulis
asv1319,Bacteria,Proteobacteria,Gammaproteobacteria,UBA10353 marine group,NA,NA
asv1320,Bacteria,Proteobacteria,Gammaproteobacteria,NA,NA,NA
asv1321,Bacteria,Campylobacterota,Campylobacteria,Campylobacterales,Arcobacteraceae,Malaciobacter
asv1322,Bacteria,Proteobacteria,Alphaproteobacteria,Thalassobaculales,NA,NA
asv1323,Bacteria,Proteobacteria,Gammaproteobacteria,Pseudomonadales,Moraxellaceae,Psychrobacter
asv1324,Bacteria,Proteobacteria,Gammaproteobacteria,Enterobacterales,Aeromonadaceae,Aeromonas
asv1325,Bacteria,Proteobacteria,Gammaproteobacteria,Pseudomonadales,Moraxellaceae,Acinetobacter
asv1326,Bacteria,Proteobacteria,Alphaproteobacteria,Caulobacterales,Hyphomonadaceae,Maricaulis
asv1327,Bacteria,Bacteroidota,Bacteroidia,Cytophagales,Cyclobacteriaceae,Marinoscillum
asv1328,Bacteria,Proteobacteria,Alphaproteobacteria,Caulobacterales,Caulobacteraceae,NA
asv1329,Bacteria,Bacteroidota,Bacteroidia,Cytophagales,Cyclobacteriaceae,Algoriphagus
asv1330,Bacteria,Bacteroidota,Bacteroidia,Flavobacteriales,Flavobacteriaceae,Actibacter
asv1331,Bacteria,Proteobacteria,Gammaproteobacteria,Enterobacterales,Pseudoalteromonadaceae,Pseudoalteromonas
asv1332,Bacteria,Proteobacteria,Alphaproteobacteria,Rickettsiales,NA,NA
asv1333,Bacteria,Proteobacteria,Alphaproteobacteria,Sphingomonadales,Sphingomonadaceae,Novosphingobium
asv1334,Bacteria,Proteobacteria,Alphaproteobacteria,Rhodobacterales,Rhodobacteraceae,Cognatishimia
asv1335,Bacteria,Bacteroidota,Bacteroidia,Flavobacteriales,Flavobacteriaceae,Aureicoccus
asv1336,Bacteria,Proteobacteria,Gammaproteobacteria,Enterobacterales,Alteromonadaceae,Rheinheimera
asv1337,Bacteria,NA,NA,NA,NA,NA
asv1338,Bacteria,Proteobacteria,Alphaproteobacteria,Thalassobaculales,NA,NA
asv1339,Bacteria,Proteobacteria,Gammaproteobacteria,Burkholderiales,Oxalobacteraceae,NA
asv1340,Bacteria,Proteobacteria,Alphaproteobacteria,Rhodospirillales,NA,NA
asv1341,Bacteria,Proteobacteria,Alphaproteobacteria,Sphingomonadales,Sphingomonadaceae,Erythrobacter
asv1342,Bacteria,Proteobacteria,Alphaproteobacteria,Rhodobacterales,Rhodobacteraceae,Pseudooceanicola
asv1343,Bacteria,Proteobacteria,Alphaproteobacteria,Rhodobacterales,Rhodobacteraceae,Cognatishimia
asv1344,Bacteria,Proteobacteria,Alphaproteobacteria,Caulobacterales,Hyphomonadaceae,Oceanicaulis
asv1345,Bacteria,Proteobacteria,Gammaproteobacteria,Gammaproteobacteria Incertae Sedis,Unknown Family,Marinicella
asv1346,Bacteria,Proteobacteria,Gammaproteobacteria,Enterobacterales,Vibrionaceae,Catenococcus
asv1347,Bacteria,Proteobacteria,Alphaproteobacteria,Sphingomonadales,Sphingomonadaceae,Erythrobacter
asv1348,Bacteria,Proteobacteria,Alphaproteobacteria,Thalassobaculales,NA,NA
asv1349,Bacteria,Proteobacteria,Gammaproteobacteria,Pseudomonadales,Marinomonadaceae,Marinomonas
asv1350,Bacteria,Proteobacteria,Gammaproteobacteria,Enterobacterales,Colwelliaceae,Thalassotalea
asv1351,Bacteria,Proteobacteria,Gammaproteobacteria,Enterobacterales,Vibrionaceae,Catenococcus
asv1352,Bacteria,Proteobacteria,Alphaproteobacteria,Rhodobacterales,Rhodobacteraceae,Pelagibaca
asv1353,Bacteria,Cyanobacteria,Cyanobacteriia,Synechococcales,Cyanobiaceae,Synechococcus CC9902
asv1354,Bacteria,Proteobacteria,Alphaproteobacteria,Caulobacterales,Hyphomonadaceae,NA
asv1355,Bacteria,Planctomycetota,Planctomycetes,Pirellulales,Pirellulaceae,Bythopirellula
asv1356,Bacteria,Proteobacteria,Alphaproteobacteria,Rhodobacterales,Rhodobacteraceae,NA
asv1357,Bacteria,Proteobacteria,Gammaproteobacteria,Enterobacterales,Shewanellaceae,Shewanella
asv1358,Bacteria,Proteobacteria,Gammaproteobacteria,Legionellales,Legionellaceae,Legionella
asv1359,Bacteria,Proteobacteria,Alphaproteobacteria,Rhodobacterales,Rhodobacteraceae,NA
asv1360,Bacteria,Fusobacteriota,Fusobacteriia,Fusobacteriales,Fusobacteriaceae,Cetobacterium
asv1361,Bacteria,Bacteroidota,Bacteroidia,Flavobacteriales,Flavobacteriaceae,NA
asv1362,Bacteria,Proteobacteria,Alphaproteobacteria,Rhodobacterales,Rhodobacteraceae,Paracoccus
asv1363,Bacteria,Proteobacteria,Alphaproteobacteria,Rickettsiales,Fokiniaceae,MD3-55
asv1364,Bacteria,Proteobacteria,Alphaproteobacteria,Rickettsiales,S25-593,NA
asv1365,Bacteria,Bacteroidota,Bacteroidia,Flavobacteriales,Crocinitomicaceae,Salinirepens
asv1366,Bacteria,Proteobacteria,Alphaproteobacteria,Rhodospirillales,Terasakiellaceae,Aestuariispira
asv1367,Bacteria,Dependentiae,Babeliae,Babeliales,NA,NA
asv1368,Bacteria,Proteobacteria,Alphaproteobacteria,Rhodobacterales,Rhodobacteraceae,NA
asv1369,Bacteria,Bacteroidota,Bacteroidia,Cytophagales,Cyclobacteriaceae,NA
asv1370,Bacteria,Proteobacteria,Gammaproteobacteria,Pseudomonadales,Marinomonadaceae,Marinomonas
asv1371,Bacteria,Proteobacteria,Gammaproteobacteria,Pseudomonadales,Moraxellaceae,Acinetobacter
asv1372,Bacteria,Proteobacteria,Gammaproteobacteria,NA,NA,NA
asv1373,Bacteria,Proteobacteria,Gammaproteobacteria,Pseudomonadales,Pseudomonadaceae,Pseudomonas
asv1374,Bacteria,Proteobacteria,Alphaproteobacteria,Rickettsiales,Fokiniaceae,MD3-55
asv1375,Bacteria,Proteobacteria,Alphaproteobacteria,Rhizobiales,Rhizobiaceae,NA
asv1376,Bacteria,Proteobacteria,Alphaproteobacteria,Kiloniellales,Kiloniellaceae,Pelagibius
asv1377,Bacteria,Proteobacteria,Alphaproteobacteria,Rhodobacterales,Rhodobacteraceae,Pseudooceanicola
asv1378,Bacteria,Bacteroidota,Bacteroidia,Flavobacteriales,Cryomorphaceae,Owenweeksia
asv1379,Bacteria,Myxococcota,Polyangia,Polyangiales,Sandaracinaceae,NA
asv1380,Bacteria,Proteobacteria,Gammaproteobacteria,Pseudomonadales,Saccharospirillaceae,Oleibacter
asv1381,Bacteria,Planctomycetota,Phycisphaerae,Phycisphaerales,Phycisphaeraceae,Urania-1B-19 marine sediment group
asv1382,Bacteria,Proteobacteria,Alphaproteobacteria,Puniceispirillales,SAR116 clade,Candidatus Puniceispirillum
asv1383,Bacteria,Proteobacteria,Gammaproteobacteria,Arenicellales,Arenicellaceae,Arenicella
asv1384,Bacteria,Proteobacteria,Gammaproteobacteria,Enterobacterales,Shewanellaceae,Shewanella
asv1385,Bacteria,Proteobacteria,Gammaproteobacteria,Coxiellales,Coxiellaceae,Coxiella
asv1386,Bacteria,Proteobacteria,Gammaproteobacteria,Enterobacterales,Alteromonadaceae,Rheinheimera
asv1387,Bacteria,Planctomycetota,Phycisphaerae,Phycisphaerales,Phycisphaeraceae,FS140-16B-02 marine group
asv1388,Bacteria,Proteobacteria,Gammaproteobacteria,Francisellales,Francisellaceae,NA
asv1389,Bacteria,Spirochaetota,Spirochaetia,Spirochaetales,Spirochaetaceae,Spirochaeta 2
asv1390,Bacteria,Bdellovibrionota,Oligoflexia,Silvanigrellales,Silvanigrellaceae,NA
asv1391,Bacteria,Proteobacteria,Alphaproteobacteria,Sphingomonadales,Sphingomonadaceae,Erythrobacter
asv1392,Bacteria,Cyanobacteria,Cyanobacteriia,Cyanobacteriales,Xenococcaceae,NA
asv1393,Bacteria,Planctomycetota,Planctomycetes,Pirellulales,Pirellulaceae,Blastopirellula
asv1394,Bacteria,Fusobacteriota,Fusobacteriia,Fusobacteriales,Fusobacteriaceae,Cetobacterium
asv1395,Bacteria,Actinobacteriota,Acidimicrobiia,Microtrichales,Microtrichaceae,Sva0996 marine group
asv1396,Bacteria,Proteobacteria,Gammaproteobacteria,Enterobacterales,Colwelliaceae,Thalassotalea
asv1397,Bacteria,Proteobacteria,Alphaproteobacteria,Rhodospirillales,Magnetospiraceae,NA
asv1398,Bacteria,Proteobacteria,Alphaproteobacteria,Rhizobiales,Rhizobiales Incertae Sedis,Bauldia
asv1399,Bacteria,Proteobacteria,Gammaproteobacteria,Pseudomonadales,Pseudomonadaceae,Pseudomonas
asv1400,Bacteria,Cyanobacteria,Cyanobacteriia,Phormidesmiales,Nodosilineaceae,MBIC10086
asv1401,Bacteria,Proteobacteria,Gammaproteobacteria,Pseudomonadales,Pseudomonadaceae,Pseudomonas
asv1402,Bacteria,Proteobacteria,Gammaproteobacteria,Enterobacterales,Pseudoalteromonadaceae,Psychrosphaera
asv1403,Bacteria,Proteobacteria,Gammaproteobacteria,Coxiellales,Coxiellaceae,Coxiella
asv1404,Bacteria,Proteobacteria,Gammaproteobacteria,Enterobacterales,Alteromonadaceae,Salinimonas
asv1405,Bacteria,Proteobacteria,Alphaproteobacteria,Caulobacterales,Hyphomonadaceae,Hyphomonas
asv1406,Bacteria,Proteobacteria,Gammaproteobacteria,Pseudomonadales,Nitrincolaceae,Marinobacterium
asv1407,Bacteria,Bacteroidota,Bacteroidia,Chitinophagales,Saprospiraceae,Lewinella
asv1408,Bacteria,Proteobacteria,Gammaproteobacteria,Salinisphaerales,Salinisphaeraceae,Salinisphaera
asv1409,Bacteria,Proteobacteria,Gammaproteobacteria,Pseudomonadales,Moraxellaceae,Acinetobacter
asv1410,Bacteria,Proteobacteria,Gammaproteobacteria,Pseudomonadales,Halomonadaceae,Halomonas
asv1411,Bacteria,Proteobacteria,Gammaproteobacteria,Enterobacterales,Colwelliaceae,Thalassotalea
asv1412,Bacteria,Proteobacteria,Alphaproteobacteria,Kiloniellales,Kiloniellaceae,Tistlia
asv1413,Bacteria,Bacteroidota,Bacteroidia,Chitinophagales,Chitinophagaceae,Edaphobaculum
asv1414,Bacteria,Proteobacteria,Gammaproteobacteria,Pseudomonadales,SAR86 clade,NA
asv1415,Bacteria,Proteobacteria,Gammaproteobacteria,Enterobacterales,Alteromonadaceae,Aestuariibacter
asv1416,Bacteria,Proteobacteria,Gammaproteobacteria,Enterobacterales,Colwelliaceae,Thalassotalea
asv1417,Bacteria,Proteobacteria,Alphaproteobacteria,Caulobacterales,Hyphomonadaceae,Hyphomonas
asv1418,Bacteria,Proteobacteria,Gammaproteobacteria,Pseudomonadales,Moraxellaceae,Psychrobacter
asv1419,Bacteria,Proteobacteria,Gammaproteobacteria,Pseudomonadales,Pseudomonadaceae,NA
asv1420,Bacteria,Proteobacteria,Gammaproteobacteria,Xanthomonadales,Xanthomonadaceae,Stenotrophomonas
asv1421,Bacteria,Proteobacteria,Gammaproteobacteria,Pseudomonadales,SAR86 clade,NA
asv1422,Bacteria,Proteobacteria,Alphaproteobacteria,Rickettsiales,AB1,NA
asv1423,Bacteria,Proteobacteria,Gammaproteobacteria,Enterobacterales,Pseudoalteromonadaceae,Algicola
asv1424,Bacteria,Cyanobacteria,Cyanobacteriia,Phormidesmiales,Nodosilineaceae,MBIC10086
asv1425,Bacteria,Bacteroidota,Bacteroidia,Cytophagales,Cyclobacteriaceae,Fulvivirga
asv1426,Bacteria,Proteobacteria,Gammaproteobacteria,Pseudomonadales,Moraxellaceae,Psychrobacter
asv1427,Bacteria,Proteobacteria,Alphaproteobacteria,Rhodobacterales,Rhodobacteraceae,NA
asv1428,Bacteria,Proteobacteria,Gammaproteobacteria,Pseudomonadales,Nitrincolaceae,Marinobacterium
asv1429,Bacteria,Planctomycetota,Planctomycetes,Pirellulales,Pirellulaceae,Pirellula
asv1430,Bacteria,Proteobacteria,Gammaproteobacteria,Pseudomonadales,Halieaceae,Pseudohaliea
asv1431,Bacteria,Proteobacteria,Alphaproteobacteria,Rhizobiales,Stappiaceae,NA
asv1432,Bacteria,Proteobacteria,Gammaproteobacteria,BD7-8,NA,NA
asv1433,Bacteria,Proteobacteria,Gammaproteobacteria,Enterobacterales,Colwelliaceae,Thalassotalea
asv1434,Bacteria,Proteobacteria,Gammaproteobacteria,UBA10353 marine group,NA,NA
asv1435,Bacteria,Proteobacteria,Alphaproteobacteria,NA,NA,NA
asv1436,Bacteria,Proteobacteria,Alphaproteobacteria,Rhizobiales,NA,NA
asv1437,Bacteria,Proteobacteria,Alphaproteobacteria,Caulobacterales,Parvularculaceae,Hyphococcus
asv1438,Bacteria,Bacteroidota,Bacteroidia,Flavobacteriales,NS9 marine group,NA
asv1439,Bacteria,Proteobacteria,Gammaproteobacteria,Enterobacterales,Colwelliaceae,Thalassotalea
asv1440,Bacteria,Verrucomicrobiota,Omnitrophia,NA,NA,NA
asv1441,Bacteria,Proteobacteria,Gammaproteobacteria,Enterobacterales,Alteromonadaceae,NA
asv1442,Bacteria,Planctomycetota,Planctomycetes,Gemmatales,Gemmataceae,Gemmata
asv1443,Bacteria,Fusobacteriota,Fusobacteriia,Fusobacteriales,Fusobacteriaceae,Cetobacterium
asv1444,Bacteria,Proteobacteria,Alphaproteobacteria,Rickettsiales,Fokiniaceae,MD3-55
asv1445,Bacteria,Proteobacteria,Alphaproteobacteria,Caulobacterales,Hyphomonadaceae,Maricaulis
asv1446,Bacteria,Proteobacteria,Gammaproteobacteria,Pseudomonadales,Saccharospirillaceae,Oleibacter
asv1447,Bacteria,Proteobacteria,Gammaproteobacteria,Enterobacterales,Colwelliaceae,Thalassotalea
asv1448,Bacteria,Proteobacteria,Gammaproteobacteria,Coxiellales,Coxiellaceae,Coxiella
asv1449,Bacteria,Bacteroidota,Bacteroidia,Flavobacteriales,Flavobacteriaceae,Aureicoccus
asv1450,Bacteria,Proteobacteria,Gammaproteobacteria,Enterobacterales,Vibrionaceae,NA
asv1451,Bacteria,Proteobacteria,Gammaproteobacteria,Enterobacterales,Alteromonadaceae,Alteromonas
asv1452,Bacteria,Proteobacteria,Alphaproteobacteria,Rickettsiales,Fokiniaceae,MD3-55
asv1453,Bacteria,Proteobacteria,Alphaproteobacteria,Rhizobiales,Stappiaceae,Pseudovibrio
asv1454,Bacteria,Proteobacteria,Alphaproteobacteria,Caulobacterales,Hyphomonadaceae,Maricaulis
asv1455,Bacteria,Proteobacteria,Gammaproteobacteria,Pseudomonadales,Pseudomonadaceae,Pseudomonas
asv1456,Bacteria,Proteobacteria,Alphaproteobacteria,Rhodobacterales,Rhodobacteraceae,NA
asv1457,Bacteria,Planctomycetota,Planctomycetes,Pirellulales,Pirellulaceae,Rubripirellula
asv1458,Bacteria,Bacteroidota,Bacteroidia,Cytophagales,Cyclobacteriaceae,Fulvivirga
asv1459,Bacteria,Bdellovibrionota,Bdellovibrionia,Bacteriovoracales,Bacteriovoracaceae,Peredibacter
asv1460,Bacteria,Spirochaetota,Spirochaetia,Spirochaetales,Spirochaetaceae,Spirochaeta 2
asv1461,Bacteria,Planctomycetota,Planctomycetes,Pirellulales,Pirellulaceae,Pirellula
asv1462,Bacteria,Proteobacteria,Gammaproteobacteria,Pseudomonadales,Nitrincolaceae,Neptunomonas
asv1463,Bacteria,Cyanobacteria,Cyanobacteriia,Synechococcales,Cyanobiaceae,Cyanobium PCC-6307
asv1464,Bacteria,Firmicutes,Bacilli,Bacillales,Bacillaceae,Bacillus
asv1465,Bacteria,Proteobacteria,Gammaproteobacteria,Pseudomonadales,Pseudomonadaceae,Pseudomonas
asv1466,Bacteria,Proteobacteria,Alphaproteobacteria,Rhodobacterales,Rhodobacteraceae,NA
asv1467,Bacteria,Actinobacteriota,Acidimicrobiia,Actinomarinales,Actinomarinaceae,Candidatus Actinomarina
asv1468,Bacteria,Proteobacteria,Alphaproteobacteria,Rhizobiales,Xanthobacteraceae,Bradyrhizobium
asv1469,Bacteria,Proteobacteria,Gammaproteobacteria,EPR3968-O8a-Bc78,NA,NA
asv1470,Bacteria,Proteobacteria,Alphaproteobacteria,Rhodobacterales,Rhodobacteraceae,NA
asv1471,Bacteria,Proteobacteria,Gammaproteobacteria,Enterobacterales,Vibrionaceae,Enterovibrio
asv1472,Bacteria,Actinobacteriota,Actinobacteria,Micrococcales,Micrococcaceae,Kocuria
asv1473,Bacteria,Proteobacteria,Gammaproteobacteria,Burkholderiales,Comamonadaceae,NA
asv1474,Bacteria,Planctomycetota,Phycisphaerae,Phycisphaerales,Phycisphaeraceae,CL500-3
asv1475,Bacteria,Proteobacteria,Gammaproteobacteria,Enterobacterales,Alteromonadaceae,Aestuariibacter
asv1476,Bacteria,Bacteroidota,Bacteroidia,Cytophagales,Amoebophilaceae,Candidatus Amoebophilus
asv1477,Bacteria,Bdellovibrionota,Bdellovibrionia,Bacteriovoracales,Bacteriovoracaceae,Peredibacter
asv1478,Bacteria,Proteobacteria,Gammaproteobacteria,Enterobacterales,Pseudoalteromonadaceae,Pseudoalteromonas
asv1479,Bacteria,Myxococcota,Polyangia,Blfdi19,NA,NA
asv1480,Bacteria,Proteobacteria,Gammaproteobacteria,Enterobacterales,Vibrionaceae,Vibrio
asv1481,Bacteria,Proteobacteria,Gammaproteobacteria,Pseudomonadales,Halomonadaceae,Cobetia
asv1482,Bacteria,Firmicutes,Bacilli,Lactobacillales,Carnobacteriaceae,Granulicatella
asv1483,Bacteria,Proteobacteria,Alphaproteobacteria,Rhizobiales,Stappiaceae,Pseudovibrio
asv1484,Bacteria,Proteobacteria,Alphaproteobacteria,Caulobacterales,Hyphomonadaceae,NA
asv1485,Bacteria,Bacteroidota,Bacteroidia,Cytophagales,Cyclobacteriaceae,Roseivirga
asv1486,Bacteria,NA,NA,NA,NA,NA
asv1487,Bacteria,Proteobacteria,Alphaproteobacteria,Kiloniellales,Kiloniellaceae,Pelagibius
asv1488,Bacteria,Proteobacteria,Gammaproteobacteria,Burkholderiales,Methylophilaceae,OM43 clade
asv1489,Bacteria,Proteobacteria,Gammaproteobacteria,Pseudomonadales,Pseudomonadaceae,Pseudomonas
asv1490,Bacteria,Bacteroidota,Bacteroidia,Cytophagales,Amoebophilaceae,Candidatus Amoebophilus
asv1491,Bacteria,Bacteroidota,Bacteroidia,Flavobacteriales,Crocinitomicaceae,Crocinitomix
asv1492,Bacteria,Cyanobacteria,Cyanobacteriia,Synechococcales,Cyanobiaceae,Synechococcus CC9902
asv1493,Bacteria,Proteobacteria,Gammaproteobacteria,Enterobacterales,Colwelliaceae,Thalassotalea
asv1494,Bacteria,Planctomycetota,Planctomycetes,Pirellulales,Pirellulaceae,Rhodopirellula
asv1495,Bacteria,WPS-2,NA,NA,NA,NA
asv1496,Bacteria,Bacteroidota,Bacteroidia,Cytophagales,Cyclobacteriaceae,NA
asv1497,Bacteria,Desulfobacterota,Desulfuromonadia,Desulfuromonadales,Geopsychrobacteraceae,Desulfuromusa
asv1498,Bacteria,Proteobacteria,Gammaproteobacteria,Enterobacterales,Alteromonadaceae,NA
asv1499,Bacteria,Cyanobacteria,Cyanobacteriia,Phormidesmiales,Nodosilineaceae,MBIC10086
asv1500,Bacteria,Proteobacteria,Alphaproteobacteria,Rhodobacterales,Rhodobacteraceae,HIMB11
asv1501,Bacteria,Proteobacteria,Gammaproteobacteria,Pseudomonadales,Halieaceae,NA
asv1502,Bacteria,Proteobacteria,Gammaproteobacteria,NA,NA,NA
asv1503,Bacteria,Proteobacteria,Alphaproteobacteria,Sphingomonadales,Sphingomonadaceae,Altererythrobacter
asv1504,Bacteria,Planctomycetota,Planctomycetes,Planctomycetales,Rubinisphaeraceae,SH-PL14
asv1505,Bacteria,Proteobacteria,Gammaproteobacteria,Enterobacterales,Vibrionaceae,NA
asv1506,Bacteria,Proteobacteria,Alphaproteobacteria,Rhodobacterales,Rhodobacteraceae,Amaricoccus
asv1507,Bacteria,Proteobacteria,Gammaproteobacteria,Enterobacterales,NA,NA
asv1508,Bacteria,Proteobacteria,Alphaproteobacteria,Rhizobiales,NA,NA
asv1509,Bacteria,Proteobacteria,Alphaproteobacteria,Caulobacterales,Hyphomonadaceae,Oceanicaulis
asv1510,Bacteria,Proteobacteria,Alphaproteobacteria,Rhodobacterales,Rhodobacteraceae,HIMB11
asv1511,Bacteria,Cyanobacteria,Cyanobacteriia,Synechococcales,Cyanobiaceae,Cyanobium PCC-6307
asv1512,Bacteria,Bacteroidota,Rhodothermia,Rhodothermales,Rhodothermaceae,Rubrivirga
asv1513,Bacteria,Proteobacteria,Gammaproteobacteria,Enterobacterales,Shewanellaceae,Shewanella
asv1514,Bacteria,Actinobacteriota,Actinobacteria,Micrococcales,Micrococcaceae,Micrococcus
asv1515,Bacteria,Proteobacteria,Alphaproteobacteria,Sphingomonadales,Sphingomonadaceae,Croceicoccus
asv1516,Bacteria,Spirochaetota,Spirochaetia,Spirochaetales,Spirochaetaceae,Alkalispirochaeta
asv1517,Bacteria,Bacteroidota,Bacteroidia,Flavobacteriales,Flavobacteriaceae,Leeuwenhoekiella
asv1518,Bacteria,Proteobacteria,Gammaproteobacteria,Enterobacterales,Alteromonadaceae,Salinimonas
asv1519,Bacteria,Proteobacteria,Alphaproteobacteria,Rickettsiales,Fokiniaceae,MD3-55
asv1520,Bacteria,Proteobacteria,Alphaproteobacteria,Rhodobacterales,Rhodobacteraceae,NA
asv1521,Bacteria,Bacteroidota,Bacteroidia,Flavobacteriales,Flavobacteriaceae,Aquimarina
asv1522,Bacteria,Proteobacteria,Gammaproteobacteria,Pseudomonadales,Halieaceae,Halioglobus
asv1523,Bacteria,Proteobacteria,Gammaproteobacteria,Enterobacterales,NA,NA
asv1524,Bacteria,Planctomycetota,Planctomycetes,Pirellulales,Pirellulaceae,Rhodopirellula
asv1525,Bacteria,Proteobacteria,Alphaproteobacteria,Rhodobacterales,Rhodobacteraceae,Limimaricola
asv1526,Bacteria,Verrucomicrobiota,Verrucomicrobiae,Opitutales,Puniceicoccaceae,Coraliomargarita
asv1527,Bacteria,Proteobacteria,Alphaproteobacteria,Rickettsiales,Rickettsiaceae,Candidatus Cryptoprodotis
asv1528,Bacteria,Proteobacteria,Gammaproteobacteria,Enterobacterales,Vibrionaceae,Photobacterium
asv1529,Bacteria,Proteobacteria,Gammaproteobacteria,Enterobacterales,Alteromonadaceae,NA
asv1530,Bacteria,Proteobacteria,Gammaproteobacteria,Enterobacterales,Alteromonadaceae,NA
asv1531,Bacteria,Bacteroidota,Bacteroidia,Chitinophagales,Chitinophagaceae,Puia
asv1532,Bacteria,Proteobacteria,Alphaproteobacteria,Rickettsiales,Rickettsiaceae,NA
asv1533,Bacteria,Proteobacteria,Alphaproteobacteria,Micavibrionales,Micavibrionaceae,NA
asv1534,Bacteria,Bacteroidota,Bacteroidia,Chitinophagales,Saprospiraceae,NA
asv1535,Bacteria,Bdellovibrionota,Bdellovibrionia,Bdellovibrionales,Bdellovibrionaceae,OM27 clade
asv1536,Bacteria,Bacteroidota,Bacteroidia,Flavobacteriales,Flavobacteriaceae,NA
asv1537,Bacteria,Proteobacteria,Alphaproteobacteria,Rhodobacterales,Rhodobacteraceae,NA
asv1538,Bacteria,Proteobacteria,Alphaproteobacteria,NA,NA,NA
asv1539,Bacteria,Fusobacteriota,Fusobacteriia,Fusobacteriales,Fusobacteriaceae,Cetobacterium
asv1540,Bacteria,Proteobacteria,Gammaproteobacteria,Enterobacterales,Shewanellaceae,Psychrobium
asv1541,Bacteria,Proteobacteria,Gammaproteobacteria,Pseudomonadales,Moraxellaceae,Psychrobacter
asv1542,Bacteria,Proteobacteria,Alphaproteobacteria,Rhodobacterales,Rhodobacteraceae,Paracoccus
asv1543,Bacteria,Proteobacteria,Gammaproteobacteria,Pseudomonadales,Halomonadaceae,Cobetia
asv1544,Bacteria,Bacteroidota,Bacteroidia,Cytophagales,Flammeovirgaceae,Flexithrix
asv1545,Bacteria,Proteobacteria,Gammaproteobacteria,Enterobacterales,Pseudoalteromonadaceae,Pseudoalteromonas
asv1546,Bacteria,Proteobacteria,Gammaproteobacteria,EPR3968-O8a-Bc78,NA,NA
asv1547,Bacteria,Planctomycetota,Planctomycetes,Pirellulales,Pirellulaceae,Rubripirellula
asv1548,Bacteria,Proteobacteria,Alphaproteobacteria,Rhodobacterales,Rhodobacteraceae,Pelagibaca
asv1549,Bacteria,Proteobacteria,Alphaproteobacteria,Rhodobacterales,Rhodobacteraceae,NA
asv1550,Bacteria,Proteobacteria,Gammaproteobacteria,Pseudomonadales,Halomonadaceae,Halomonas
asv1551,Bacteria,Proteobacteria,Gammaproteobacteria,Pseudomonadales,Saccharospirillaceae,Thalassolituus
asv1552,Bacteria,Proteobacteria,Gammaproteobacteria,Enterobacterales,Pseudoalteromonadaceae,Psychrosphaera
asv1553,Bacteria,Proteobacteria,Alphaproteobacteria,Rickettsiales,Fokiniaceae,MD3-55
asv1554,Bacteria,Proteobacteria,Alphaproteobacteria,Rhizobiales,Xanthobacteraceae,Rhodoplanes
asv1555,Bacteria,Bacteroidota,Bacteroidia,Chitinophagales,Saprospiraceae,NA
asv1556,Bacteria,Planctomycetota,OM190,NA,NA,NA
asv1557,Bacteria,Proteobacteria,Gammaproteobacteria,Pseudomonadales,Halieaceae,OM60(NOR5) clade
asv1558,Bacteria,Bacteroidota,Bacteroidia,Chitinophagales,NA,NA
asv1559,Bacteria,Proteobacteria,Gammaproteobacteria,Pseudomonadales,Moraxellaceae,Enhydrobacter
asv1560,Bacteria,Proteobacteria,Gammaproteobacteria,Burkholderiales,Oxalobacteraceae,Rugamonas
asv1561,Bacteria,Firmicutes,Clostridia,Peptostreptococcales-Tissierellales,Fusibacteraceae,Fusibacter
asv1562,Bacteria,Bacteroidota,Bacteroidia,Cytophagales,Cyclobacteriaceae,Ekhidna
asv1563,Bacteria,Proteobacteria,Alphaproteobacteria,Rhodobacterales,Rhodobacteraceae,Citreicella
asv1564,Bacteria,Bacteroidota,Bacteroidia,Flavobacteriales,Flavobacteriaceae,Aureicoccus
asv1565,Bacteria,Proteobacteria,Alphaproteobacteria,Parvibaculales,Parvibaculaceae,NA
asv1566,Bacteria,Proteobacteria,Alphaproteobacteria,Rhodobacterales,Rhodobacteraceae,NA
asv1567,Bacteria,Proteobacteria,Gammaproteobacteria,Arenicellales,Arenicellaceae,HTCC5015
asv1568,Bacteria,Planctomycetota,Planctomycetes,Pirellulales,Pirellulaceae,NA
asv1569,Bacteria,Proteobacteria,Gammaproteobacteria,Coxiellales,Coxiellaceae,Coxiella
asv1570,Bacteria,Proteobacteria,Alphaproteobacteria,Kiloniellales,Kiloniellaceae,Kiloniella
asv1571,Bacteria,Proteobacteria,Alphaproteobacteria,Reyranellales,Reyranellaceae,Reyranella
asv1572,Bacteria,Proteobacteria,Alphaproteobacteria,Rhizobiales,Beijerinckiaceae,1174-901-12
asv1573,Bacteria,Armatimonadota,Fimbriimonadia,Fimbriimonadales,Fimbriimonadaceae,NA
asv1574,Bacteria,Proteobacteria,Alphaproteobacteria,Rhodobacterales,Rhodobacteraceae,NA
asv1575,Bacteria,NA,NA,NA,NA,NA
asv1576,Bacteria,Proteobacteria,Gammaproteobacteria,Pseudomonadales,Halieaceae,Parahaliea
asv1577,Bacteria,Proteobacteria,Gammaproteobacteria,Pseudomonadales,Halieaceae,Pseudohaliea
asv1578,Bacteria,Bdellovibrionota,Bdellovibrionia,Bacteriovoracales,Bacteriovoracaceae,Halobacteriovorax
asv1579,Bacteria,Proteobacteria,Gammaproteobacteria,Pseudomonadales,Nitrincolaceae,Marinobacterium
asv1580,Bacteria,Proteobacteria,Alphaproteobacteria,Rickettsiales,Fokiniaceae,MD3-55
asv1581,Bacteria,Proteobacteria,Gammaproteobacteria,Pseudomonadales,Pseudomonadaceae,Pseudomonas
asv1582,Bacteria,Proteobacteria,Gammaproteobacteria,Enterobacterales,Alteromonadaceae,Alteromonas
asv1583,Bacteria,Proteobacteria,Alphaproteobacteria,SAR11 clade,Clade I,Clade Ia
asv1584,Bacteria,Cyanobacteria,Cyanobacteriia,NA,NA,NA
asv1585,Bacteria,Proteobacteria,Alphaproteobacteria,Caulobacterales,Hyphomonadaceae,Maricaulis
asv1586,Bacteria,Bacteroidota,Bacteroidia,Chitinophagales,NA,NA
asv1587,Bacteria,Proteobacteria,Gammaproteobacteria,Enterobacterales,Vibrionaceae,Vibrio
asv1588,Bacteria,Proteobacteria,Gammaproteobacteria,Enterobacterales,Vibrionaceae,Vibrio
asv1589,Bacteria,Proteobacteria,Gammaproteobacteria,NA,NA,NA
asv1590,Bacteria,NA,NA,NA,NA,NA
asv1591,Bacteria,Proteobacteria,Gammaproteobacteria,Pseudomonadales,Cellvibrionaceae,Agarilytica
asv1592,Bacteria,Planctomycetota,Planctomycetes,Pirellulales,Pirellulaceae,Blastopirellula
asv1593,Bacteria,Proteobacteria,Alphaproteobacteria,Rhizobiales,Rhizobiaceae,NA
asv1594,Bacteria,Proteobacteria,Gammaproteobacteria,Pseudomonadales,Moraxellaceae,Acinetobacter
asv1595,Bacteria,Planctomycetota,vadinHA49,NA,NA,NA
asv1596,Bacteria,Proteobacteria,Gammaproteobacteria,Pseudomonadales,Saccharospirillaceae,Thalassolituus
asv1597,Bacteria,Proteobacteria,Alphaproteobacteria,Rhizobiales,Rhizobiaceae,Pseudahrensia
asv1598,Bacteria,Proteobacteria,Gammaproteobacteria,NA,NA,NA
asv1599,Bacteria,Bacteroidota,Bacteroidia,Flavobacteriales,Flavobacteriaceae,Actibacter
asv1600,Bacteria,Proteobacteria,Gammaproteobacteria,Enterobacterales,Alteromonadaceae,Rheinheimera
asv1601,Bacteria,Proteobacteria,Gammaproteobacteria,Enterobacterales,Pseudoalteromonadaceae,Pseudoalteromonas
asv1602,Bacteria,Proteobacteria,Gammaproteobacteria,Enterobacterales,Shewanellaceae,Shewanella
asv1603,Bacteria,Proteobacteria,Alphaproteobacteria,NA,NA,NA
asv1604,Bacteria,Proteobacteria,Gammaproteobacteria,NA,NA,NA
asv1605,Bacteria,Bacteroidota,Bacteroidia,Flavobacteriales,NA,NA
asv1606,Bacteria,Proteobacteria,Gammaproteobacteria,Pseudomonadales,NA,NA
asv1607,Bacteria,Proteobacteria,Gammaproteobacteria,Legionellales,Legionellaceae,Legionella
asv1608,Bacteria,Bacteroidota,Bacteroidia,Flavobacteriales,Flavobacteriaceae,NA
asv1609,Bacteria,Proteobacteria,Alphaproteobacteria,Rickettsiales,Rickettsiaceae,NA
asv1610,Bacteria,Proteobacteria,Gammaproteobacteria,Enterobacterales,Alteromonadaceae,NA
asv1611,Bacteria,Proteobacteria,Alphaproteobacteria,Rhizobiales,Stappiaceae,NA
asv1612,Bacteria,Bacteroidota,Bacteroidia,Cytophagales,Amoebophilaceae,Candidatus Amoebophilus
asv1613,Bacteria,Planctomycetota,Planctomycetes,Pirellulales,Pirellulaceae,Rubripirellula
asv1614,Bacteria,Proteobacteria,Gammaproteobacteria,Pseudomonadales,Halieaceae,Parahaliea
asv1615,Bacteria,Proteobacteria,Alphaproteobacteria,Rhodobacterales,Rhodobacteraceae,Oceanobacterium
asv1616,Bacteria,Gemmatimonadota,PAUC43f marine benthic group,NA,NA,NA
asv1617,Bacteria,Proteobacteria,Alphaproteobacteria,Rhizobiales,NA,NA
asv1618,Bacteria,Proteobacteria,Gammaproteobacteria,Pseudomonadales,Moraxellaceae,Psychrobacter
asv1619,Bacteria,NA,NA,NA,NA,NA
asv1620,Bacteria,Actinobacteriota,Actinobacteria,Corynebacteriales,Corynebacteriaceae,Corynebacterium
asv1621,Bacteria,Proteobacteria,Gammaproteobacteria,Enterobacterales,Vibrionaceae,Vibrio
asv1622,Bacteria,Planctomycetota,Planctomycetes,Pirellulales,Pirellulaceae,Blastopirellula
asv1623,Bacteria,Proteobacteria,Alphaproteobacteria,Kiloniellales,Fodinicurvataceae,Fodinicurvata
asv1624,Bacteria,Proteobacteria,Gammaproteobacteria,Chromatiales,Chromatiaceae,Candidatus Thiobios
asv1625,Bacteria,Proteobacteria,Alphaproteobacteria,Rhodobacterales,Rhodobacteraceae,Albimonas
asv1626,Bacteria,Proteobacteria,Gammaproteobacteria,Enterobacterales,Pseudoalteromonadaceae,Pseudoalteromonas
asv1627,Bacteria,Planctomycetota,Planctomycetes,Pirellulales,Pirellulaceae,Rubripirellula
asv1628,Bacteria,Proteobacteria,Gammaproteobacteria,Pseudomonadales,Halieaceae,Parahaliea
asv1629,Bacteria,Proteobacteria,Alphaproteobacteria,Rhodobacterales,Rhodobacteraceae,Paracoccus
asv1630,Bacteria,Proteobacteria,Gammaproteobacteria,Ectothiorhodospirales,Ectothiorhodospiraceae,NA
asv1631,Bacteria,Proteobacteria,Gammaproteobacteria,Pseudomonadales,Nitrincolaceae,Marinobacterium
asv1632,Bacteria,Proteobacteria,Gammaproteobacteria,Enterobacterales,Vibrionaceae,Photobacterium
asv1633,Bacteria,Fusobacteriota,Fusobacteriia,Fusobacteriales,Fusobacteriaceae,Propionigenium
asv1634,Bacteria,Proteobacteria,Gammaproteobacteria,Pseudomonadales,Halieaceae,Parahaliea
asv1635,Bacteria,Proteobacteria,Alphaproteobacteria,Rhodobacterales,Rhodobacteraceae,WDS1C4
asv1636,Bacteria,Proteobacteria,Gammaproteobacteria,Pseudomonadales,Moraxellaceae,Psychrobacter
asv1637,Bacteria,Planctomycetota,Planctomycetes,Pirellulales,Pirellulaceae,Blastopirellula
asv1638,Bacteria,Proteobacteria,Alphaproteobacteria,Rhodobacterales,Rhodobacteraceae,Epibacterium
asv1639,Bacteria,Proteobacteria,Gammaproteobacteria,Enterobacterales,Pseudoalteromonadaceae,Pseudoalteromonas
asv1640,Bacteria,Proteobacteria,Gammaproteobacteria,Enterobacterales,Shewanellaceae,Shewanella
asv1641,Bacteria,Bacteroidota,Bacteroidia,Chitinophagales,Chitinophagaceae,NA
asv1642,Bacteria,Proteobacteria,Gammaproteobacteria,Enterobacterales,Pseudoalteromonadaceae,Pseudoalteromonas
asv1643,Bacteria,Bacteroidota,Bacteroidia,Flavobacteriales,Flavobacteriaceae,Tenacibaculum
asv1644,Bacteria,Proteobacteria,Gammaproteobacteria,Pseudomonadales,Nitrincolaceae,Marinobacterium
asv1645,Bacteria,Proteobacteria,Gammaproteobacteria,Pseudomonadales,Pseudomonadaceae,Pseudomonas
asv1646,Bacteria,Proteobacteria,Alphaproteobacteria,Rhodobacterales,Rhodobacteraceae,Paracoccus
asv1647,Bacteria,Proteobacteria,Alphaproteobacteria,NA,NA,NA
asv1648,Bacteria,Proteobacteria,Gammaproteobacteria,Enterobacterales,Colwelliaceae,Thalassotalea
asv1649,Bacteria,Bacteroidota,Bacteroidia,Flavobacteriales,Flavobacteriaceae,Neptunitalea
asv1650,Bacteria,Bacteroidota,Bacteroidia,Cytophagales,Cyclobacteriaceae,NA
asv1651,Bacteria,Proteobacteria,Gammaproteobacteria,Enterobacterales,Alteromonadaceae,Glaciecola
asv1652,Bacteria,Proteobacteria,Gammaproteobacteria,Enterobacterales,Pseudoalteromonadaceae,Pseudoalteromonas
asv1653,Bacteria,Proteobacteria,Gammaproteobacteria,Pseudomonadales,SAR86 clade,NA
asv1654,Bacteria,Proteobacteria,Alphaproteobacteria,Rhizobiales,Methyloligellaceae,Methyloceanibacter
asv1655,Bacteria,Proteobacteria,Gammaproteobacteria,Enterobacterales,Colwelliaceae,Thalassotalea
asv1656,Bacteria,Planctomycetota,Planctomycetes,Pirellulales,Pirellulaceae,Blastopirellula
asv1657,Bacteria,Proteobacteria,Alphaproteobacteria,NA,NA,NA
asv1658,Bacteria,Proteobacteria,Gammaproteobacteria,Pseudomonadales,Pseudomonadaceae,Pseudomonas
asv1659,Bacteria,Proteobacteria,Gammaproteobacteria,Enterobacterales,Alteromonadaceae,Alteromonas
asv1660,Bacteria,Proteobacteria,Gammaproteobacteria,Enterobacterales,Pseudoalteromonadaceae,Algicola
asv1661,Bacteria,Proteobacteria,Gammaproteobacteria,Pseudomonadales,Halomonadaceae,Halomonas
asv1662,Bacteria,Planctomycetota,Planctomycetes,Pirellulales,Pirellulaceae,Blastopirellula
asv1663,Bacteria,Verrucomicrobiota,Omnitrophia,NA,NA,NA
asv1664,Bacteria,Proteobacteria,Alphaproteobacteria,Rhizobiales,Rhizobiaceae,Pseudahrensia
asv1665,Bacteria,Proteobacteria,Alphaproteobacteria,Rhodospirillales,Rhodospirillaceae,Caenispirillum
asv1666,Bacteria,Bacteroidota,Bacteroidia,Flavobacteriales,Cryomorphaceae,NA
asv1667,Bacteria,Proteobacteria,Gammaproteobacteria,Pseudomonadales,Pseudomonadaceae,Pseudomonas
asv1668,Bacteria,Proteobacteria,Gammaproteobacteria,Gammaproteobacteria Incertae Sedis,Unknown Family,NA
asv1669,Bacteria,Proteobacteria,Alphaproteobacteria,Caulobacterales,Caulobacteraceae,Brevundimonas
asv1670,Bacteria,Chloroflexi,Anaerolineae,SBR1031,A4b,NA
asv1671,Bacteria,Proteobacteria,Gammaproteobacteria,Burkholderiales,Neisseriaceae,NA
asv1672,Bacteria,Cyanobacteria,Cyanobacteriia,Phormidesmiales,Nodosilineaceae,NA
asv1673,Bacteria,Proteobacteria,Gammaproteobacteria,Enterobacterales,Vibrionaceae,NA
asv1674,Bacteria,Proteobacteria,Gammaproteobacteria,Pseudomonadales,Marinobacteraceae,Marinobacter
asv1675,Bacteria,Proteobacteria,Alphaproteobacteria,Sphingomonadales,Sphingomonadaceae,Altererythrobacter
asv1676,Bacteria,Proteobacteria,Alphaproteobacteria,Rhodobacterales,Rhodobacteraceae,Pelagibaca
asv1677,Bacteria,Proteobacteria,Alphaproteobacteria,Puniceispirillales,SAR116 clade,NA
asv1678,Bacteria,Proteobacteria,Alphaproteobacteria,Puniceispirillales,SAR116 clade,NA
asv1679,Bacteria,Proteobacteria,Gammaproteobacteria,Enterobacterales,Pseudoalteromonadaceae,Pseudoalteromonas
asv1680,Bacteria,Proteobacteria,Gammaproteobacteria,Enterobacterales,Colwelliaceae,Thalassotalea
asv1681,Bacteria,Proteobacteria,Gammaproteobacteria,Pseudomonadales,Saccharospirillaceae,Oleibacter
asv1682,Bacteria,Proteobacteria,Alphaproteobacteria,Rickettsiales,Fokiniaceae,MD3-55
asv1683,Bacteria,Proteobacteria,Alphaproteobacteria,Rhodobacterales,Rhodobacteraceae,Cognatishimia
asv1684,Bacteria,Acidobacteriota,Thermoanaerobaculia,Thermoanaerobaculales,Thermoanaerobaculaceae,Subgroup 10
asv1685,Bacteria,Desulfobacterota,Desulfobacteria,Desulfobacterales,NA,NA
asv1686,Bacteria,Cyanobacteria,Cyanobacteriia,Cyanobacteriales,Xenococcaceae,NA
asv1687,Bacteria,Proteobacteria,Gammaproteobacteria,Burkholderiales,Burkholderiaceae,Burkholderia-Caballeronia-Paraburkholderia
asv1688,Bacteria,Proteobacteria,Gammaproteobacteria,Enterobacterales,Alteromonadaceae,Aestuariibacter
asv1689,Bacteria,Proteobacteria,Gammaproteobacteria,Enterobacterales,Shewanellaceae,Psychrobium
asv1690,Bacteria,Proteobacteria,Alphaproteobacteria,Sphingomonadales,Sphingomonadaceae,Stakelama
asv1691,Bacteria,Proteobacteria,Gammaproteobacteria,Pseudomonadales,SAR86 clade,NA
asv1692,Bacteria,Proteobacteria,Alphaproteobacteria,Rickettsiales,Fokiniaceae,MD3-55
asv1693,Bacteria,Proteobacteria,Alphaproteobacteria,Rickettsiales,Fokiniaceae,MD3-55
asv1694,Bacteria,Proteobacteria,Gammaproteobacteria,Enterobacterales,Alteromonadaceae,NA
asv1695,Bacteria,Cyanobacteria,Cyanobacteriia,Phormidesmiales,Phormidesmiaceae,Acrophormium PCC-7375
asv1696,Bacteria,Acidobacteriota,Acidobacteriae,Acidobacteriales,Acidobacteriaceae (Subgroup 1),Granulicella
asv1697,Bacteria,Proteobacteria,Alphaproteobacteria,Rhodobacterales,Rhodobacteraceae,Pseudooceanicola
asv1698,Bacteria,Proteobacteria,Alphaproteobacteria,Azospirillales,Azospirillaceae,Azospirillum
asv1699,Bacteria,Bacteroidota,Bacteroidia,Flavobacteriales,NS9 marine group,NA
asv1700,Bacteria,Bacteroidota,Bacteroidia,Cytophagales,Cyclobacteriaceae,NA
asv1701,Bacteria,Gemmatimonadota,PAUC43f marine benthic group,NA,NA,NA
asv1702,Bacteria,Bacteroidota,Bacteroidia,Flavobacteriales,Flavobacteriaceae,Aureisphaera
asv1703,Bacteria,Proteobacteria,Gammaproteobacteria,Pseudomonadales,Halieaceae,OM60(NOR5) clade
asv1704,Bacteria,Proteobacteria,Gammaproteobacteria,Pseudomonadales,Litoricolaceae,Litoricola
asv1705,Bacteria,Bdellovibrionota,Bdellovibrionia,Bacteriovoracales,Bacteriovoracaceae,Halobacteriovorax
asv1706,Bacteria,Proteobacteria,Gammaproteobacteria,Pseudomonadales,Moraxellaceae,Psychrobacter
asv1707,Bacteria,Proteobacteria,Gammaproteobacteria,Pseudomonadales,Moraxellaceae,Acinetobacter
asv1708,Bacteria,Proteobacteria,Alphaproteobacteria,Rhodobacterales,Rhodobacteraceae,NA
asv1709,Bacteria,Proteobacteria,Gammaproteobacteria,Pseudomonadales,Halomonadaceae,Halomonas
asv1710,Bacteria,Proteobacteria,Gammaproteobacteria,Enterobacterales,Colwelliaceae,Thalassotalea
asv1711,Bacteria,Proteobacteria,Alphaproteobacteria,Sphingomonadales,Sphingomonadaceae,Altererythrobacter
asv1712,Bacteria,Proteobacteria,Gammaproteobacteria,NA,NA,NA
asv1713,Bacteria,Nitrospirota,Nitrospiria,Nitrospirales,Nitrospiraceae,Nitrospira
asv1714,Bacteria,Proteobacteria,Gammaproteobacteria,Ga0077536,NA,NA
asv1715,Bacteria,Firmicutes,Clostridia,Clostridiales,Clostridiaceae,Clostridium sensu stricto 1
asv1716,Bacteria,Bacteroidota,Bacteroidia,Cytophagales,Cyclobacteriaceae,Reichenbachiella
asv1717,Bacteria,Proteobacteria,Alphaproteobacteria,Rhodobacterales,Rhodobacteraceae,Paracoccus
asv1718,Bacteria,Planctomycetota,Phycisphaerae,Phycisphaerales,Phycisphaeraceae,CL500-3
asv1719,Bacteria,Proteobacteria,Gammaproteobacteria,Enterobacterales,Pseudoalteromonadaceae,Algicola
asv1720,Bacteria,Proteobacteria,Alphaproteobacteria,Rhodospirillales,NA,NA
asv1721,Bacteria,Bacteroidota,Bacteroidia,Chitinophagales,Chitinophagaceae,Puia
asv1722,Bacteria,Proteobacteria,Gammaproteobacteria,Arenicellales,Arenicellaceae,HTCC5015
asv1723,Bacteria,Firmicutes,Bacilli,Bacillales,Bacillaceae,Anoxybacillus
asv1724,Bacteria,Proteobacteria,Alphaproteobacteria,Micavibrionales,Micavibrionaceae,NA
asv1725,Bacteria,Desulfobacterota,Desulfobulbia,Desulfobulbales,Desulfocapsaceae,NA
asv1726,Bacteria,Proteobacteria,Gammaproteobacteria,Enterobacterales,Vibrionaceae,Enterovibrio
asv1727,Bacteria,Bacteroidota,Bacteroidia,Chitinophagales,Saprospiraceae,NA
asv1728,Bacteria,Proteobacteria,Gammaproteobacteria,Enterobacterales,Alteromonadaceae,Aestuariibacter
asv1729,Bacteria,Cyanobacteria,Cyanobacteriia,Phormidesmiales,Nodosilineaceae,MBIC10086
asv1730,Bacteria,Proteobacteria,Alphaproteobacteria,Azospirillales,Azospirillaceae,Skermanella
asv1731,Bacteria,Proteobacteria,Gammaproteobacteria,Burkholderiales,Comamonadaceae,NA
asv1732,Bacteria,Proteobacteria,Alphaproteobacteria,Rhodobacterales,Rhodobacteraceae,NA
asv1733,Bacteria,Proteobacteria,Gammaproteobacteria,Arenicellales,Arenicellaceae,Arenicella
asv1734,Bacteria,Proteobacteria,Gammaproteobacteria,Pseudomonadales,Moraxellaceae,Acinetobacter
asv1735,Bacteria,Firmicutes,Bacilli,Bacillales,Bacillaceae,Salimicrobium
asv1736,Bacteria,Proteobacteria,Gammaproteobacteria,NA,NA,NA
asv1737,Bacteria,Bacteroidota,Bacteroidia,Flavobacteriales,Flavobacteriaceae,NS4 marine group
asv1738,Bacteria,Proteobacteria,Gammaproteobacteria,NA,NA,NA
asv1739,Bacteria,Proteobacteria,Alphaproteobacteria,Rickettsiales,Rickettsiaceae,NA
asv1740,Bacteria,Cyanobacteria,Cyanobacteriia,Phormidesmiales,Nodosilineaceae,MBIC10086
asv1741,Bacteria,Proteobacteria,Alphaproteobacteria,Rhizobiales,Methyloligellaceae,NA
asv1742,Bacteria,Proteobacteria,Gammaproteobacteria,Enterobacterales,Pseudoalteromonadaceae,Pseudoalteromonas
asv1743,Bacteria,Cyanobacteria,Cyanobacteriia,Synechococcales,Cyanobiaceae,Cyanobium PCC-6307
asv1744,Bacteria,Bacteroidota,Bacteroidia,Chitinophagales,Saprospiraceae,NA
asv1745,Bacteria,Proteobacteria,Alphaproteobacteria,Rickettsiales,Rickettsiaceae,Candidatus Megaira
asv1746,Bacteria,Proteobacteria,Alphaproteobacteria,Rickettsiales,Rickettsiaceae,NA
asv1747,Bacteria,Proteobacteria,Gammaproteobacteria,Enterobacterales,Alteromonadaceae,Aestuariibacter
asv1748,Bacteria,Proteobacteria,Gammaproteobacteria,Enterobacterales,Shewanellaceae,Shewanella
asv1749,Bacteria,Proteobacteria,Alphaproteobacteria,SAR11 clade,Clade I,Clade Ia
asv1750,Bacteria,Proteobacteria,Gammaproteobacteria,NA,NA,NA
asv1751,Bacteria,Proteobacteria,Gammaproteobacteria,NA,NA,NA
asv1752,Bacteria,Proteobacteria,Gammaproteobacteria,Pseudomonadales,Alcanivoracaceae1,Alcanivorax
asv1753,Bacteria,Proteobacteria,Gammaproteobacteria,NA,NA,NA
asv1754,Bacteria,Proteobacteria,Gammaproteobacteria,Pseudomonadales,Halomonadaceae,Halomonas
asv1755,Bacteria,Bdellovibrionota,Bdellovibrionia,Bdellovibrionales,Bdellovibrionaceae,OM27 clade
asv1756,Bacteria,Firmicutes,Clostridia,Peptostreptococcales-Tissierellales,Peptostreptococcaceae,Paraclostridium
asv1757,Bacteria,Proteobacteria,Alphaproteobacteria,Sphingomonadales,Sphingomonadaceae,Croceicoccus
asv1758,Bacteria,Proteobacteria,Gammaproteobacteria,Arenicellales,Arenicellaceae,Arenicella
asv1759,Bacteria,Proteobacteria,Gammaproteobacteria,Pseudomonadales,Microbulbiferaceae,Microbulbifer
asv1760,Bacteria,Proteobacteria,Gammaproteobacteria,Pseudomonadales,Halomonadaceae,Halomonas
asv1761,Bacteria,Proteobacteria,Gammaproteobacteria,Enterobacterales,Pseudoalteromonadaceae,Psychrosphaera
asv1762,Bacteria,Proteobacteria,Gammaproteobacteria,Pseudomonadales,Halieaceae,Congregibacter
asv1763,Bacteria,NA,NA,NA,NA,NA
asv1764,Bacteria,Proteobacteria,Gammaproteobacteria,Enterobacterales,Shewanellaceae,Shewanella
asv1765,Bacteria,Proteobacteria,Alphaproteobacteria,Sphingomonadales,Sphingomonadaceae,Novosphingobium
asv1766,Bacteria,Proteobacteria,Alphaproteobacteria,SAR11 clade,Clade I,Clade Ia
asv1767,Bacteria,Planctomycetota,Phycisphaerae,Phycisphaerales,Phycisphaeraceae,FS140-16B-02 marine group
asv1768,Bacteria,Fusobacteriota,Fusobacteriia,Fusobacteriales,Fusobacteriaceae,Cetobacterium
asv1769,Bacteria,Proteobacteria,Gammaproteobacteria,Enterobacterales,Shewanellaceae,Psychrobium
asv1770,Bacteria,Proteobacteria,Gammaproteobacteria,Pseudomonadales,Pseudomonadaceae,Pseudomonas
asv1771,Bacteria,Proteobacteria,Gammaproteobacteria,Enterobacterales,Alteromonadaceae,Alteromonas
asv1772,Bacteria,Proteobacteria,Gammaproteobacteria,Enterobacterales,Pseudoalteromonadaceae,Algicola
asv1773,Bacteria,Proteobacteria,Gammaproteobacteria,Pseudomonadales,Halomonadaceae,Halomonas
asv1774,Bacteria,Proteobacteria,Gammaproteobacteria,Enterobacterales,Vibrionaceae,Vibrio
asv1775,Bacteria,Acidobacteriota,Subgroup 26,NA,NA,NA
asv1776,Bacteria,Acidobacteriota,Subgroup 22,NA,NA,NA
asv1777,Bacteria,Proteobacteria,Alphaproteobacteria,AT-s3-44,NA,NA
asv1778,Bacteria,Bacteroidota,Bacteroidia,Flavobacteriales,Flavobacteriaceae,NS4 marine group
asv1779,Bacteria,Firmicutes,Clostridia,Clostridiales,Clostridiaceae,Clostridium sensu stricto 1
asv1780,Bacteria,Proteobacteria,Gammaproteobacteria,Enterobacterales,Vibrionaceae,Vibrio
asv1781,Bacteria,Bacteroidota,Bacteroidia,Cytophagales,Cyclobacteriaceae,NA
asv1782,Bacteria,Proteobacteria,Alphaproteobacteria,Rhizobiales,Rhizobiaceae,NA
asv1783,Bacteria,Proteobacteria,Gammaproteobacteria,Pseudomonadales,Moraxellaceae,Acinetobacter
asv1784,Bacteria,Proteobacteria,Gammaproteobacteria,Pseudomonadales,Halomonadaceae,Halomonas
asv1785,Bacteria,Planctomycetota,Phycisphaerae,Phycisphaerales,Phycisphaeraceae,FS140-16B-02 marine group
asv1786,Bacteria,Bdellovibrionota,Bdellovibrionia,Bacteriovoracales,Bacteriovoracaceae,Peredibacter
asv1787,Bacteria,Proteobacteria,Gammaproteobacteria,Enterobacterales,Colwelliaceae,Thalassotalea
asv1788,Bacteria,Bacteroidota,Bacteroidia,Cytophagales,Flammeovirgaceae,NA
asv1789,Bacteria,Planctomycetota,Planctomycetes,Pirellulales,Pirellulaceae,Blastopirellula
asv1790,Bacteria,Proteobacteria,Gammaproteobacteria,Pseudomonadales,Nitrincolaceae,Marinobacterium
asv1791,Bacteria,Proteobacteria,Alphaproteobacteria,Rhizobiales,Methyloligellaceae,NA
asv1792,Bacteria,Proteobacteria,Gammaproteobacteria,Enterobacterales,Alteromonadaceae,Aliiglaciecola
asv1793,Bacteria,Proteobacteria,Gammaproteobacteria,Piscirickettsiales,Piscirickettsiaceae,Candidatus Endoecteinascidia
asv1794,Bacteria,Proteobacteria,Gammaproteobacteria,Enterobacterales,Pseudoalteromonadaceae,Algicola
asv1795,Bacteria,Proteobacteria,Alphaproteobacteria,Parvibaculales,NA,NA
asv1796,Bacteria,Proteobacteria,Gammaproteobacteria,Pseudomonadales,Spongiibacteraceae,BD1-7 clade
asv1797,Bacteria,Planctomycetota,Planctomycetes,Pirellulales,Pirellulaceae,Pir4 lineage
asv1798,Bacteria,Proteobacteria,Gammaproteobacteria,Legionellales,Legionellaceae,NA
asv1799,Bacteria,Proteobacteria,Gammaproteobacteria,Pseudomonadales,BD2-7,NA
asv1800,Bacteria,Proteobacteria,Alphaproteobacteria,Thalassobaculales,NA,NA
asv1801,Bacteria,Proteobacteria,Gammaproteobacteria,Pseudomonadales,Saccharospirillaceae,Oleibacter
asv1802,Bacteria,Cyanobacteria,Cyanobacteriia,Synechococcales,Cyanobiaceae,Synechococcus CC9902
asv1803,Bacteria,Proteobacteria,Gammaproteobacteria,Burkholderiales,Oxalobacteraceae,Herbaspirillum
asv1804,Bacteria,Planctomycetota,Phycisphaerae,Phycisphaerales,Phycisphaeraceae,Urania-1B-19 marine sediment group
asv1805,Bacteria,Spirochaetota,Spirochaetia,Spirochaetales,Spirochaetaceae,Spirochaeta 2
asv1806,Bacteria,Proteobacteria,Gammaproteobacteria,Burkholderiales,Comamonadaceae,Curvibacter
asv1807,Bacteria,Proteobacteria,Gammaproteobacteria,Pseudomonadales,Halomonadaceae,Halomonas
asv1808,Bacteria,Bacteroidota,Bacteroidia,Flavobacteriales,Flavobacteriaceae,NS2b marine group
asv1809,Bacteria,Desulfobacterota,Desulfuromonadia,Bradymonadales,NA,NA
asv1810,Bacteria,Proteobacteria,Gammaproteobacteria,Francisellales,Francisellaceae,Allofrancisella
asv1811,Bacteria,Bdellovibrionota,Bdellovibrionia,Bacteriovoracales,Bacteriovoracaceae,Halobacteriovorax
asv1812,Bacteria,Proteobacteria,Gammaproteobacteria,Pseudomonadales,Cellvibrionaceae,Eionea
asv1813,Bacteria,Proteobacteria,Gammaproteobacteria,Gammaproteobacteria Incertae Sedis,Unknown Family,NA
asv1814,Bacteria,Proteobacteria,Alphaproteobacteria,Rickettsiales,Rickettsiaceae,Candidatus Arcanobacter
asv1815,Bacteria,Actinobacteriota,Acidimicrobiia,Microtrichales,Microtrichaceae,Sva0996 marine group
asv1816,Bacteria,Planctomycetota,BD7-11,NA,NA,NA
asv1817,Bacteria,Proteobacteria,Gammaproteobacteria,Pseudomonadales,SAR86 clade,NA
asv1818,Bacteria,Proteobacteria,Alphaproteobacteria,Rhizobiales,Xanthobacteraceae,NA
asv1819,Bacteria,Proteobacteria,Alphaproteobacteria,Rhodobacterales,Rhodobacteraceae,NA
asv1820,Bacteria,Proteobacteria,Gammaproteobacteria,NA,NA,NA
asv1821,Bacteria,Bacteroidota,Bacteroidia,Cytophagales,Cyclobacteriaceae,NA
asv1822,Bacteria,Proteobacteria,Gammaproteobacteria,Legionellales,Legionellaceae,NA
asv1823,Bacteria,Proteobacteria,Alphaproteobacteria,Sphingomonadales,Sphingomonadaceae,Stakelama
asv1824,Bacteria,Proteobacteria,Alphaproteobacteria,Caulobacterales,Caulobacteraceae,NA
asv1825,Bacteria,Proteobacteria,Alphaproteobacteria,Rhizobiales,Xanthobacteraceae,NA
asv1826,Bacteria,Proteobacteria,Gammaproteobacteria,Enterobacterales,Alteromonadaceae,Alteromonas
asv1827,Bacteria,Proteobacteria,Gammaproteobacteria,Enterobacterales,Alteromonadaceae,Aestuariibacter
asv1828,Bacteria,Proteobacteria,Gammaproteobacteria,Enterobacterales,Alteromonadaceae,NA
asv1829,Bacteria,Proteobacteria,Gammaproteobacteria,NA,NA,NA
asv1830,Bacteria,Proteobacteria,Alphaproteobacteria,Rhodobacterales,Rhodobacteraceae,NA
asv1831,Bacteria,Proteobacteria,Alphaproteobacteria,Caulobacterales,Hyphomonadaceae,Hyphomonas
asv1832,Bacteria,Proteobacteria,Alphaproteobacteria,Rhodobacterales,Rhodobacteraceae,NA
asv1833,Bacteria,Proteobacteria,Gammaproteobacteria,Francisellales,Francisellaceae,NA
asv1834,Bacteria,Planctomycetota,Phycisphaerae,Phycisphaerales,Phycisphaeraceae,CL500-3
asv1835,Bacteria,Proteobacteria,Gammaproteobacteria,Pseudomonadales,Halieaceae,Parahaliea
asv1836,Bacteria,Proteobacteria,Gammaproteobacteria,Pseudomonadales,Nitrincolaceae,Marinobacterium
asv1837,Bacteria,Proteobacteria,Alphaproteobacteria,Sphingomonadales,Sphingomonadaceae,Erythrobacter
asv1838,Bacteria,Proteobacteria,Alphaproteobacteria,Rhizobiales,Rhizobiaceae,Pseudahrensia
asv1839,Bacteria,Bdellovibrionota,Bdellovibrionia,Bacteriovoracales,Bacteriovoracaceae,Peredibacter
asv1840,Bacteria,Proteobacteria,Alphaproteobacteria,Rhodobacterales,Rhodobacteraceae,Amaricoccus
asv1841,Bacteria,Proteobacteria,Alphaproteobacteria,Rhodospirillales,NA,NA
asv1842,Bacteria,Proteobacteria,Gammaproteobacteria,Enterobacterales,Pseudoalteromonadaceae,Algicola
asv1843,Bacteria,Proteobacteria,Gammaproteobacteria,Pseudomonadales,Porticoccaceae,C1-B045
asv1844,Bacteria,Proteobacteria,Alphaproteobacteria,Sphingomonadales,Sphingomonadaceae,Erythrobacter
asv1845,Bacteria,Bacteroidota,Bacteroidia,Cytophagales,Cyclobacteriaceae,Fulvivirga
asv1846,Bacteria,Bacteroidota,Bacteroidia,Cytophagales,Cyclobacteriaceae,Fabibacter
asv1847,Bacteria,Bacteroidota,Bacteroidia,Cytophagales,Spirosomaceae,Taeseokella
asv1848,Bacteria,Planctomycetota,Planctomycetes,Isosphaerales,Isosphaeraceae,Aquisphaera
asv1849,Bacteria,Planctomycetota,Planctomycetes,Planctomycetales,Rubinisphaeraceae,Planctomicrobium
asv1850,Bacteria,Proteobacteria,Alphaproteobacteria,Thalassobaculales,NA,NA
asv1851,Bacteria,Cyanobacteria,Cyanobacteriia,Synechococcales,Cyanobiaceae,Cyanobium PCC-6307
asv1852,Bacteria,Proteobacteria,Gammaproteobacteria,Enterobacterales,Pseudoalteromonadaceae,Algicola
asv1853,Bacteria,Proteobacteria,Alphaproteobacteria,NA,NA,NA
asv1854,Bacteria,Proteobacteria,Gammaproteobacteria,Enterobacterales,Vibrionaceae,Vibrio
asv1855,Bacteria,Proteobacteria,Alphaproteobacteria,Rickettsiales,AB1,NA
asv1856,Bacteria,Proteobacteria,Alphaproteobacteria,Rhizobiales,Xanthobacteraceae,Rhodoplanes
asv1857,Bacteria,Planctomycetota,Phycisphaerae,Phycisphaerales,Phycisphaeraceae,CL500-3
asv1858,Bacteria,Bdellovibrionota,Bdellovibrionia,Bdellovibrionales,Bdellovibrionaceae,Bdellovibrio
asv1859,Bacteria,Proteobacteria,Alphaproteobacteria,Caulobacterales,Caulobacteraceae,NA
asv1860,Bacteria,Proteobacteria,Gammaproteobacteria,Pseudomonadales,Halieaceae,Halioglobus
asv1861,Bacteria,Proteobacteria,Gammaproteobacteria,Burkholderiales,Methylophilaceae,OM43 clade
asv1862,Bacteria,Proteobacteria,Gammaproteobacteria,Arenicellales,Arenicellaceae,Arenicella
asv1863,Bacteria,Proteobacteria,Gammaproteobacteria,Enterobacterales,Pseudoalteromonadaceae,Algicola
asv1864,Bacteria,Proteobacteria,Alphaproteobacteria,Rickettsiales,Fokiniaceae,MD3-55
asv1865,Bacteria,Bacteroidota,Bacteroidia,Flavobacteriales,Flavobacteriaceae,Mangrovimonas
asv1866,Bacteria,Proteobacteria,Gammaproteobacteria,Enterobacterales,Alteromonadaceae,Rheinheimera
asv1867,Bacteria,Planctomycetota,Planctomycetes,Pirellulales,Pirellulaceae,Blastopirellula
asv1868,Bacteria,Planctomycetota,Phycisphaerae,Phycisphaerales,Phycisphaeraceae,FS140-16B-02 marine group
asv1869,Bacteria,Proteobacteria,Gammaproteobacteria,Enterobacterales,Vibrionaceae,Catenococcus
asv1870,Bacteria,Bacteroidota,Bacteroidia,Chitinophagales,Chitinophagaceae,Parasegetibacter
asv1871,Bacteria,Proteobacteria,Gammaproteobacteria,Enterobacterales,Alteromonadaceae,NA
asv1872,Bacteria,Proteobacteria,Gammaproteobacteria,Enterobacterales,NA,NA
asv1873,Bacteria,Bacteroidota,Bacteroidia,Chitinophagales,Chitinophagaceae,Edaphobaculum
asv1874,Bacteria,Bacteroidota,Bacteroidia,Cytophagales,Cyclobacteriaceae,NA
asv1875,Bacteria,Proteobacteria,Gammaproteobacteria,Xanthomonadales,Xanthomonadaceae,Stenotrophomonas
asv1876,Bacteria,Proteobacteria,Alphaproteobacteria,Kiloniellales,Kiloniellaceae,Tistlia
asv1877,Bacteria,Proteobacteria,Gammaproteobacteria,Arenicellales,Arenicellaceae,Arenicella
asv1878,Bacteria,Bacteroidota,Bacteroidia,Flavobacteriales,NS7 marine group,NA
asv1879,Bacteria,Fusobacteriota,Fusobacteriia,Fusobacteriales,Fusobacteriaceae,Propionigenium
asv1880,Bacteria,Proteobacteria,Alphaproteobacteria,Rhizobiales,Stappiaceae,Pseudovibrio
asv1881,Bacteria,Proteobacteria,Alphaproteobacteria,Caulobacterales,Hyphomonadaceae,Maricaulis
asv1882,Bacteria,Bacteroidota,Bacteroidia,Flavobacteriales,Cryomorphaceae,NA
asv1883,Bacteria,Proteobacteria,Gammaproteobacteria,Pseudomonadales,Cellvibrionaceae,Maricurvus
asv1884,Bacteria,Proteobacteria,Gammaproteobacteria,NA,NA,NA
asv1885,Bacteria,Proteobacteria,Gammaproteobacteria,Pseudomonadales,Saccharospirillaceae,Reinekea
asv1886,Bacteria,Bacteroidota,Bacteroidia,Cytophagales,Amoebophilaceae,Candidatus Amoebophilus
asv1887,Bacteria,Proteobacteria,Alphaproteobacteria,Rhodobacterales,Rhodobacteraceae,Amaricoccus
asv1888,Bacteria,Bacteroidota,Bacteroidia,Flavobacteriales,Crocinitomicaceae,Crocinitomix
asv1889,Bacteria,Firmicutes,Bacilli,Lactobacillales,Streptococcaceae,Streptococcus
asv1890,Bacteria,Proteobacteria,Gammaproteobacteria,Enterobacterales,Alteromonadaceae,Aestuariibacter
asv1891,Bacteria,Proteobacteria,Alphaproteobacteria,Rickettsiales,Rickettsiaceae,Candidatus Megaira
asv1892,Bacteria,Planctomycetota,OM190,NA,NA,NA
asv1893,Bacteria,Bacteroidota,Bacteroidia,Bacteroidales,Marinifilaceae,Marinifilum
asv1894,Bacteria,Proteobacteria,Gammaproteobacteria,Enterobacterales,Colwelliaceae,Thalassotalea
asv1895,Bacteria,Bacteroidota,Bacteroidia,Flavobacteriales,Flavobacteriaceae,NS5 marine group
asv1896,Bacteria,Proteobacteria,Gammaproteobacteria,Salinisphaerales,Salinisphaeraceae,Salinisphaera
asv1897,Bacteria,Bacteroidota,Bacteroidia,Cytophagales,Amoebophilaceae,Candidatus Amoebophilus
asv1898,Bacteria,Bacteroidota,Bacteroidia,Flavobacteriales,Flavobacteriaceae,NA
asv1899,Bacteria,Planctomycetota,Phycisphaerae,Phycisphaerales,Phycisphaeraceae,CL500-3
asv1900,Bacteria,Bacteroidota,Bacteroidia,Flavobacteriales,Crocinitomicaceae,Fluviicola
asv1901,Bacteria,Proteobacteria,Gammaproteobacteria,Pseudomonadales,SAR86 clade,NA
asv1902,Bacteria,Proteobacteria,Gammaproteobacteria,Pseudomonadales,Saccharospirillaceae,Thalassolituus
asv1903,Bacteria,Proteobacteria,Gammaproteobacteria,Pseudomonadales,Saccharospirillaceae,Thalassolituus
asv1904,Bacteria,Firmicutes,Bacilli,Lactobacillales,Streptococcaceae,Streptococcus
asv1905,Bacteria,Bacteroidota,Bacteroidia,Chitinophagales,Chitinophagaceae,Puia
asv1906,Bacteria,Proteobacteria,Gammaproteobacteria,Enterobacterales,Alteromonadaceae,Aliiglaciecola
asv1907,Bacteria,Actinobacteriota,Acidimicrobiia,Actinomarinales,Actinomarinaceae,Candidatus Actinomarina
asv1908,Bacteria,Planctomycetota,Planctomycetes,Planctomycetales,Gimesiaceae,NA
asv1909,Bacteria,Proteobacteria,Alphaproteobacteria,Caulobacterales,Caulobacteraceae,Brevundimonas
asv1910,Bacteria,Campylobacterota,Campylobacteria,Campylobacterales,Arcobacteraceae,Halarcobacter
asv1911,Bacteria,Proteobacteria,Alphaproteobacteria,Rickettsiales,S25-593,NA
asv1912,Bacteria,Proteobacteria,Alphaproteobacteria,Rhodospirillales,Thalassospiraceae,Thalassospira
asv1913,Bacteria,Cyanobacteria,Cyanobacteriia,Synechococcales,Cyanobiaceae,Cyanobium PCC-6307
asv1914,Bacteria,NA,NA,NA,NA,NA
asv1915,Bacteria,Proteobacteria,Alphaproteobacteria,Azospirillales,Azospirillaceae,Azospirillum
asv1916,Bacteria,Proteobacteria,Gammaproteobacteria,Enterobacterales,Shewanellaceae,Ferrimonas
asv1917,Bacteria,NA,NA,NA,NA,NA
asv1918,Bacteria,Proteobacteria,Gammaproteobacteria,Pseudomonadales,Halomonadaceae,Halomonas
asv1919,Bacteria,Proteobacteria,Alphaproteobacteria,Kordiimonadales,Kordiimonadaceae,Kordiimonas
asv1920,Bacteria,Proteobacteria,Alphaproteobacteria,Caulobacterales,Hyphomonadaceae,Henriciella
asv1921,Bacteria,Planctomycetota,Planctomycetes,Planctomycetales,Rubinisphaeraceae,Planctomicrobium
asv1922,Bacteria,Proteobacteria,Gammaproteobacteria,Burkholderiales,Oxalobacteraceae,Massilia
asv1923,Bacteria,Proteobacteria,Alphaproteobacteria,Micavibrionales,Micavibrionaceae,NA
asv1924,Bacteria,Planctomycetota,Phycisphaerae,Phycisphaerales,Phycisphaeraceae,FS140-16B-02 marine group
asv1925,Bacteria,Proteobacteria,Gammaproteobacteria,Burkholderiales,MWH-UniP1 aquatic group,NA
asv1926,Bacteria,Proteobacteria,Gammaproteobacteria,Burkholderiales,Burkholderiaceae,Burkholderia-Caballeronia-Paraburkholderia
asv1927,Bacteria,Planctomycetota,Planctomycetes,Pirellulales,Pirellulaceae,NA
asv1928,Bacteria,Proteobacteria,Gammaproteobacteria,Enterobacterales,Aeromonadaceae,Aeromonas
asv1929,Bacteria,Proteobacteria,Gammaproteobacteria,Pseudomonadales,Moraxellaceae,Psychrobacter
asv1930,Bacteria,Proteobacteria,Gammaproteobacteria,Pseudomonadales,Moraxellaceae,Enhydrobacter
asv1931,Bacteria,Proteobacteria,Gammaproteobacteria,Pseudomonadales,Saccharospirillaceae,Thalassolituus
asv1932,Bacteria,Proteobacteria,Gammaproteobacteria,Enterobacterales,Pseudoalteromonadaceae,Algicola
asv1933,Bacteria,Proteobacteria,Alphaproteobacteria,Rickettsiales,Fokiniaceae,MD3-55
asv1934,Bacteria,Proteobacteria,Gammaproteobacteria,Pseudomonadales,Pseudomonadaceae,Pseudomonas
asv1935,Bacteria,NA,NA,NA,NA,NA
asv1936,Bacteria,Proteobacteria,Gammaproteobacteria,NA,NA,NA
asv1937,Bacteria,Proteobacteria,Alphaproteobacteria,Kiloniellales,Fodinicurvataceae,Fodinicurvata
asv1938,Bacteria,Proteobacteria,Alphaproteobacteria,Caulobacterales,Hyphomonadaceae,Ponticaulis
asv1939,Bacteria,Proteobacteria,Gammaproteobacteria,Pseudomonadales,Halieaceae,NA
asv1940,Bacteria,Proteobacteria,Gammaproteobacteria,Enterobacterales,Alteromonadaceae,NA
asv1941,Bacteria,Proteobacteria,Gammaproteobacteria,Pseudomonadales,Marinomonadaceae,Marinomonas
asv1942,Bacteria,Proteobacteria,Gammaproteobacteria,Pseudomonadales,Saccharospirillaceae,Reinekea
asv1943,Bacteria,Proteobacteria,Gammaproteobacteria,Pseudomonadales,Halieaceae,OM60(NOR5) clade
asv1944,Bacteria,Proteobacteria,Alphaproteobacteria,Rhodobacterales,Rhodobacteraceae,NA
asv1945,Bacteria,Proteobacteria,Alphaproteobacteria,Rhodobacterales,Rhodobacteraceae,NA
asv1946,Bacteria,Proteobacteria,Gammaproteobacteria,Enterobacterales,Moritellaceae,Paramoritella
asv1947,Bacteria,Fusobacteriota,Fusobacteriia,Fusobacteriales,Fusobacteriaceae,Cetobacterium
asv1948,Bacteria,Bacteroidota,Bacteroidia,Flavobacteriales,Flavobacteriaceae,Pricia
asv1949,Bacteria,Proteobacteria,Gammaproteobacteria,Burkholderiales,MWH-UniP1 aquatic group,NA
asv1950,Bacteria,Proteobacteria,Gammaproteobacteria,Enterobacterales,Pseudoalteromonadaceae,Algicola
asv1951,Bacteria,Proteobacteria,Gammaproteobacteria,Pseudomonadales,Halomonadaceae,Halomonas
asv1952,Bacteria,Proteobacteria,Gammaproteobacteria,Pseudomonadales,Nitrincolaceae,Neptunomonas
asv1953,Bacteria,Proteobacteria,Gammaproteobacteria,Pseudomonadales,Nitrincolaceae,NA
asv1954,Bacteria,Proteobacteria,Gammaproteobacteria,Gammaproteobacteria Incertae Sedis,Unknown Family,NA
asv1955,Bacteria,Proteobacteria,Gammaproteobacteria,Enterobacterales,Psychromonadaceae,Agarivorans
asv1956,Bacteria,Proteobacteria,Alphaproteobacteria,Rhodobacterales,Rhodobacteraceae,Rubribacterium
asv1957,Bacteria,Bdellovibrionota,Bdellovibrionia,Bacteriovoracales,Bacteriovoracaceae,Halobacteriovorax
asv1958,Bacteria,Bdellovibrionota,Bdellovibrionia,Bacteriovoracales,Bacteriovoracaceae,Halobacteriovorax
asv1959,Bacteria,Cyanobacteria,Cyanobacteriia,Synechococcales,Cyanobiaceae,Synechococcus CC9902
asv1960,Bacteria,Planctomycetota,Phycisphaerae,Phycisphaerales,Phycisphaeraceae,CL500-3
asv1961,Bacteria,Fibrobacterota,Fibrobacteria,Fibrobacterales,Fibrobacteraceae,NA
asv1962,Bacteria,Bacteroidota,Bacteroidia,Flavobacteriales,Cryomorphaceae,NA
asv1963,Bacteria,Verrucomicrobiota,Verrucomicrobiae,Verrucomicrobiales,DEV007,NA
asv1964,Bacteria,Proteobacteria,Gammaproteobacteria,Pseudomonadales,Oceanospirillaceae,Oceanospirillum
asv1965,Bacteria,Proteobacteria,Alphaproteobacteria,SAR11 clade,Clade I,Clade Ib
asv1966,Bacteria,Proteobacteria,Gammaproteobacteria,Legionellales,Legionellaceae,NA
asv1967,Bacteria,Proteobacteria,Gammaproteobacteria,Enterobacterales,Pseudoalteromonadaceae,Psychrosphaera
asv1968,Bacteria,Proteobacteria,Gammaproteobacteria,Piscirickettsiales,Piscirickettsiaceae,Candidatus Endoecteinascidia
asv1969,Bacteria,Proteobacteria,Gammaproteobacteria,Enterobacterales,NA,NA
asv1970,Bacteria,Proteobacteria,Gammaproteobacteria,Pseudomonadales,Oceanospirillaceae,Oceanospirillum
asv1971,Bacteria,Proteobacteria,Gammaproteobacteria,Pseudomonadales,Saccharospirillaceae,Oleibacter
asv1972,Bacteria,Bacteroidota,Bacteroidia,Chitinophagales,Chitinophagaceae,Parasegetibacter
asv1973,Bacteria,Proteobacteria,Gammaproteobacteria,Pseudomonadales,Spongiibacteraceae,BD1-7 clade
asv1974,Bacteria,Proteobacteria,Gammaproteobacteria,Enterobacterales,Vibrionaceae,Photobacterium
asv1975,Bacteria,Dependentiae,Babeliae,Babeliales,NA,NA
asv1976,Bacteria,Proteobacteria,Gammaproteobacteria,Francisellales,Francisellaceae,NA
asv1977,Bacteria,Planctomycetota,Planctomycetes,Pirellulales,Pirellulaceae,Pir4 lineage
asv1978,Bacteria,Proteobacteria,Alphaproteobacteria,Sphingomonadales,Sphingomonadaceae,NA
asv1979,Bacteria,Proteobacteria,Gammaproteobacteria,NA,NA,NA
asv1980,Bacteria,Proteobacteria,Gammaproteobacteria,Pseudomonadales,Moraxellaceae,Acinetobacter
asv1981,Bacteria,Proteobacteria,Alphaproteobacteria,Rhizobiales,Rhizobiaceae,Pseudorhizobium
asv1982,Bacteria,Proteobacteria,Gammaproteobacteria,Enterobacterales,Pseudoalteromonadaceae,Algicola
asv1983,Bacteria,Proteobacteria,Gammaproteobacteria,Pseudomonadales,Halomonadaceae,Halomonas
asv1984,Bacteria,Cyanobacteria,Cyanobacteriia,Phormidesmiales,Phormidesmiaceae,Phormidium MBIC10003
asv1985,Bacteria,Proteobacteria,Gammaproteobacteria,Pseudomonadales,Marinomonadaceae,Marinomonas
asv1986,Bacteria,Proteobacteria,Gammaproteobacteria,Pseudomonadales,Halieaceae,OM60(NOR5) clade
asv1987,Bacteria,Proteobacteria,Alphaproteobacteria,NA,NA,NA
asv1988,Bacteria,SAR324 clade(Marine group B),NA,NA,NA,NA
asv1989,Bacteria,Proteobacteria,Gammaproteobacteria,Pseudomonadales,Nitrincolaceae,Marinobacterium
asv1990,Bacteria,Planctomycetota,Planctomycetes,Pirellulales,Pirellulaceae,NA
asv1991,Bacteria,Proteobacteria,Gammaproteobacteria,Pseudomonadales,Saccharospirillaceae,Oleibacter
asv1992,Bacteria,Proteobacteria,Gammaproteobacteria,Pseudomonadales,Nitrincolaceae,Marinobacterium
asv1993,Bacteria,Proteobacteria,Alphaproteobacteria,Rickettsiales,Fokiniaceae,MD3-55
asv1994,Bacteria,Proteobacteria,Alphaproteobacteria,Rickettsiales,Fokiniaceae,MD3-55
asv1995,Bacteria,Bacteroidota,Bacteroidia,Flavobacteriales,Crocinitomicaceae,Fluviicola
asv1996,Bacteria,Proteobacteria,Gammaproteobacteria,Pseudomonadales,SAR86 clade,NA
asv1997,Bacteria,Proteobacteria,Gammaproteobacteria,Pseudomonadales,Moraxellaceae,Psychrobacter
asv1998,Bacteria,Proteobacteria,Gammaproteobacteria,Pseudomonadales,Halomonadaceae,Halomonas
asv1999,Bacteria,Proteobacteria,Alphaproteobacteria,NA,NA,NA
asv2000,Bacteria,Proteobacteria,Alphaproteobacteria,Kiloniellales,Kiloniellaceae,NA
asv2001,Bacteria,Proteobacteria,Gammaproteobacteria,Steroidobacterales,Woeseiaceae,Woeseia
asv2002,Bacteria,Planctomycetota,Planctomycetes,Pirellulales,Pirellulaceae,Rubripirellula
asv2003,Bacteria,Proteobacteria,Alphaproteobacteria,Kiloniellales,Kiloniellaceae,Pelagibius
asv2004,Bacteria,Proteobacteria,Gammaproteobacteria,Pseudomonadales,Saccharospirillaceae,Oleibacter
asv2005,Bacteria,Planctomycetota,Planctomycetes,Pirellulales,Pirellulaceae,Blastopirellula
asv2006,Bacteria,Proteobacteria,Gammaproteobacteria,Pseudomonadales,Moraxellaceae,Acinetobacter
asv2007,Bacteria,Proteobacteria,Alphaproteobacteria,Micavibrionales,Micavibrionaceae,NA
asv2008,Bacteria,Proteobacteria,Alphaproteobacteria,Holosporales,Holosporaceae,Candidatus Bealeia
asv2009,Bacteria,Proteobacteria,Gammaproteobacteria,Enterobacterales,Pseudoalteromonadaceae,Algicola
asv2010,Bacteria,Proteobacteria,Alphaproteobacteria,Rhodobacterales,Rhodobacteraceae,NA
asv2011,Bacteria,Proteobacteria,Gammaproteobacteria,Pseudomonadales,Marinomonadaceae,Marinomonas
asv2012,Bacteria,Proteobacteria,Alphaproteobacteria,Rhodobacterales,Rhodobacteraceae,NA
asv2013,Bacteria,Proteobacteria,Gammaproteobacteria,Enterobacterales,Alteromonadaceae,Aestuariibacter
asv2014,Bacteria,Proteobacteria,Alphaproteobacteria,Micavibrionales,Micavibrionaceae,NA
asv2015,Bacteria,Proteobacteria,Alphaproteobacteria,Rhodospirillales,Rhodospirillaceae,Caenispirillum
asv2016,Bacteria,Proteobacteria,Gammaproteobacteria,Pseudomonadales,Halieaceae,NA
asv2017,Bacteria,Firmicutes,Bacilli,Bacillales,Planococcaceae,Lysinibacillus
asv2018,Bacteria,Bacteroidota,Bacteroidia,Chitinophagales,Saprospiraceae,NA
asv2019,Bacteria,Verrucomicrobiota,Verrucomicrobiae,Pedosphaerales,Pedosphaeraceae,SCGC AAA164-E04
asv2020,Bacteria,Planctomycetota,Planctomycetes,Pirellulales,Pirellulaceae,Rubripirellula
asv2021,Bacteria,Proteobacteria,Gammaproteobacteria,Pseudomonadales,Oleiphilaceae,Oleiphilus
asv2022,Bacteria,Fusobacteriota,Fusobacteriia,Fusobacteriales,Fusobacteriaceae,Cetobacterium
asv2023,Bacteria,Proteobacteria,NA,NA,NA,NA
asv2024,Bacteria,Proteobacteria,Alphaproteobacteria,Rhizobiales,Rhizobiaceae,Pseudorhizobium
asv2025,Bacteria,Proteobacteria,Gammaproteobacteria,Pseudomonadales,Moraxellaceae,Acinetobacter
asv2026,Bacteria,Proteobacteria,Gammaproteobacteria,Pseudomonadales,Moraxellaceae,Psychrobacter
asv2027,Bacteria,Proteobacteria,Gammaproteobacteria,Pseudomonadales,Moraxellaceae,Psychrobacter
asv2028,Bacteria,Proteobacteria,Gammaproteobacteria,Pseudomonadales,SAR86 clade,NA
asv2029,Bacteria,Proteobacteria,Gammaproteobacteria,Pseudomonadales,Marinomonadaceae,Marinomonas
asv2030,Bacteria,Acidobacteriota,Subgroup 21,NA,NA,NA
asv2031,Bacteria,Bacteroidota,Bacteroidia,Flavobacteriales,Flavobacteriaceae,Tenacibaculum
asv2032,Bacteria,Bacteroidota,Bacteroidia,Flavobacteriales,Flavobacteriaceae,Tenacibaculum
asv2033,Bacteria,Proteobacteria,Gammaproteobacteria,Francisellales,Francisellaceae,Allofrancisella
asv2034,Bacteria,Proteobacteria,Alphaproteobacteria,Micavibrionales,Micavibrionaceae,NA
asv2035,Bacteria,Planctomycetota,OM190,NA,NA,NA
asv2036,Bacteria,Proteobacteria,Gammaproteobacteria,Pseudomonadales,Halieaceae,Parahaliea
asv2037,Bacteria,Proteobacteria,Gammaproteobacteria,Thiohalorhabdales,Thiohalorhabdaceae,NA
asv2038,Bacteria,Proteobacteria,Gammaproteobacteria,Piscirickettsiales,Piscirickettsiaceae,Candidatus Endoecteinascidia
asv2039,Bacteria,Proteobacteria,Alphaproteobacteria,Rhodobacterales,Rhodobacteraceae,Marinibacterium
asv2040,Bacteria,Bacteroidota,Bacteroidia,Flavobacteriales,Crocinitomicaceae,Fluviicola
asv2041,Bacteria,NA,NA,NA,NA,NA
asv2042,Bacteria,Actinobacteriota,Actinobacteria,Micrococcales,Micrococcaceae,NA
asv2043,Bacteria,Proteobacteria,Gammaproteobacteria,Burkholderiales,Chromobacteriaceae,Vogesella
asv2044,Bacteria,Proteobacteria,Gammaproteobacteria,Pseudomonadales,Nitrincolaceae,Amphritea
asv2045,Bacteria,Planctomycetota,Planctomycetes,Planctomycetales,Rubinisphaeraceae,NA
asv2046,Bacteria,Acidobacteriota,Acidobacteriae,Acidobacteriales,Acidobacteriaceae (Subgroup 1),Bryocella
asv2047,Bacteria,Proteobacteria,Gammaproteobacteria,Enterobacterales,Alteromonadaceae,Rheinheimera
asv2048,Bacteria,Planctomycetota,Planctomycetes,Pirellulales,Pirellulaceae,Blastopirellula
asv2049,Bacteria,Proteobacteria,Gammaproteobacteria,Burkholderiales,Nitrosomonadaceae,mle1-7
asv2050,Bacteria,Proteobacteria,Alphaproteobacteria,Sphingomonadales,Sphingomonadaceae,Novosphingobium
asv2051,Bacteria,Bacteroidota,Bacteroidia,Bacteroidales,Prolixibacteraceae,Roseimarinus
asv2052,Bacteria,Firmicutes,Bacilli,Lactobacillales,Streptococcaceae,Streptococcus
asv2053,Bacteria,Proteobacteria,Gammaproteobacteria,Coxiellales,Coxiellaceae,Coxiella
asv2054,Bacteria,Proteobacteria,Gammaproteobacteria,Pseudomonadales,Moraxellaceae,Psychrobacter
asv2055,Bacteria,Proteobacteria,Gammaproteobacteria,Enterobacterales,Alteromonadaceae,Alteromonas
asv2056,Bacteria,Proteobacteria,Gammaproteobacteria,Enterobacterales,Alteromonadaceae,Aestuariibacter
asv2057,Bacteria,Proteobacteria,Gammaproteobacteria,Thiotrichales,Thiotrichaceae,Leucothrix
asv2058,Bacteria,Planctomycetota,Planctomycetes,Pirellulales,Pirellulaceae,Blastopirellula
asv2059,Bacteria,Proteobacteria,Gammaproteobacteria,Enterobacterales,Alteromonadaceae,Glaciecola
asv2060,Bacteria,Proteobacteria,Alphaproteobacteria,Rhodobacterales,Rhodobacteraceae,NA
asv2061,Bacteria,Proteobacteria,Alphaproteobacteria,Sphingomonadales,Sphingomonadaceae,Altererythrobacter
asv2062,Bacteria,Proteobacteria,Gammaproteobacteria,Pseudomonadales,Halieaceae,OM60(NOR5) clade
asv2063,Bacteria,Planctomycetota,OM190,NA,NA,NA
asv2064,Bacteria,Planctomycetota,Phycisphaerae,Phycisphaerales,Phycisphaeraceae,CL500-3
asv2065,Bacteria,Proteobacteria,Alphaproteobacteria,Rhodobacterales,Rhodobacteraceae,Shimia
asv2066,Bacteria,Proteobacteria,Gammaproteobacteria,Burkholderiales,Chromobacteriaceae,Vogesella
asv2067,Bacteria,Proteobacteria,Gammaproteobacteria,Enterobacterales,Pseudoalteromonadaceae,Algicola
asv2068,Bacteria,Proteobacteria,Gammaproteobacteria,Enterobacterales,Pseudoalteromonadaceae,Algicola
asv2069,Bacteria,Proteobacteria,Alphaproteobacteria,Sphingomonadales,Sphingomonadaceae,NA
asv2070,Bacteria,Desulfobacterota,Desulfuromonadia,PB19,NA,NA
asv2071,Bacteria,Proteobacteria,Alphaproteobacteria,Rhodospirillales,Terasakiellaceae,Terasakiella
asv2072,Bacteria,Proteobacteria,Gammaproteobacteria,Pseudomonadales,Pseudomonadaceae,Pseudomonas
asv2073,Bacteria,Proteobacteria,Gammaproteobacteria,Enterobacterales,Vibrionaceae,NA
asv2074,Bacteria,Proteobacteria,Gammaproteobacteria,NA,NA,NA
asv2075,Bacteria,Proteobacteria,NA,NA,NA,NA
asv2076,Bacteria,Cyanobacteria,Sericytochromatia,NA,NA,NA
asv2077,Bacteria,Planctomycetota,Planctomycetes,Planctomycetales,Rubinisphaeraceae,SH-PL14
asv2078,Bacteria,Proteobacteria,Gammaproteobacteria,Pseudomonadales,Nitrincolaceae,Amphritea
asv2079,Bacteria,Proteobacteria,Gammaproteobacteria,Burkholderiales,Comamonadaceae,Curvibacter
asv2080,Bacteria,Proteobacteria,Alphaproteobacteria,Rhodobacterales,Rhodobacteraceae,NA
asv2081,Bacteria,Proteobacteria,Gammaproteobacteria,Burkholderiales,Oxalobacteraceae,Massilia
asv2082,Bacteria,Proteobacteria,Gammaproteobacteria,Enterobacterales,NA,NA
asv2083,Bacteria,Proteobacteria,Gammaproteobacteria,Coxiellales,Coxiellaceae,Coxiella
asv2084,Bacteria,Proteobacteria,Gammaproteobacteria,Pseudomonadales,Endozoicomonadaceae,Endozoicomonas
asv2085,Bacteria,Acidobacteriota,Subgroup 26,NA,NA,NA
asv2086,Bacteria,Proteobacteria,Alphaproteobacteria,Rickettsiales,SM2D12,NA
asv2087,Bacteria,Proteobacteria,Alphaproteobacteria,Kordiimonadales,Kordiimonadaceae,Kordiimonas
asv2088,Bacteria,Bacteroidota,Bacteroidia,Flavobacteriales,Flavobacteriaceae,Kordia
asv2089,Bacteria,Proteobacteria,Alphaproteobacteria,Azospirillales,Azospirillaceae,Azospirillum
asv2090,Bacteria,Proteobacteria,Alphaproteobacteria,NA,NA,NA
asv2091,Bacteria,Acidobacteriota,Subgroup 22,NA,NA,NA
asv2092,Bacteria,Planctomycetota,Planctomycetes,Pirellulales,Pirellulaceae,Blastopirellula
asv2093,Bacteria,Proteobacteria,Gammaproteobacteria,Gammaproteobacteria Incertae Sedis,Unknown Family,NA
asv2094,Bacteria,Bacteroidota,Bacteroidia,Chitinophagales,NA,NA
asv2095,Bacteria,Proteobacteria,Gammaproteobacteria,Enterobacterales,Vibrionaceae,Vibrio
asv2096,Bacteria,Bdellovibrionota,Bdellovibrionia,Bacteriovoracales,Bacteriovoracaceae,Peredibacter
asv2097,Bacteria,Cyanobacteria,Cyanobacteriia,Phormidesmiales,Phormidesmiaceae,Phormidium MBIC10003
asv2098,Bacteria,Proteobacteria,Gammaproteobacteria,Burkholderiales,Burkholderiaceae,Burkholderia-Caballeronia-Paraburkholderia
asv2099,Bacteria,Proteobacteria,Alphaproteobacteria,Rhodobacterales,Rhodobacteraceae,Paracoccus
asv2100,Bacteria,Proteobacteria,Alphaproteobacteria,Rhizobiales,Beijerinckiaceae,Bosea
asv2101,Bacteria,Proteobacteria,Gammaproteobacteria,Enterobacterales,Psychromonadaceae,Agarivorans
asv2102,Bacteria,Proteobacteria,Alphaproteobacteria,Rhodobacterales,Rhodobacteraceae,NA
asv2103,Bacteria,Proteobacteria,Gammaproteobacteria,Pseudomonadales,Moraxellaceae,Acinetobacter
asv2104,Bacteria,Planctomycetota,Phycisphaerae,Phycisphaerales,Phycisphaeraceae,Urania-1B-19 marine sediment group
asv2105,Bacteria,Bacteroidota,Bacteroidia,Flavobacteriales,Flavobacteriaceae,Leeuwenhoekiella
asv2106,Bacteria,Proteobacteria,Gammaproteobacteria,Enterobacterales,Alteromonadaceae,NA
asv2107,Bacteria,Planctomycetota,Planctomycetes,Pirellulales,Pirellulaceae,NA
asv2108,Bacteria,Proteobacteria,Gammaproteobacteria,Burkholderiales,Alcaligenaceae,Achromobacter
asv2109,Bacteria,Proteobacteria,Gammaproteobacteria,Pseudomonadales,Moraxellaceae,Acinetobacter
asv2110,Bacteria,Proteobacteria,Alphaproteobacteria,Rhodobacterales,Rhodobacteraceae,Epibacterium
asv2111,Bacteria,Bacteroidota,Bacteroidia,Flavobacteriales,Flavobacteriaceae,Mesoflavibacter
asv2112,Bacteria,Proteobacteria,Gammaproteobacteria,Enterobacterales,Idiomarinaceae,Idiomarina
asv2113,Bacteria,Proteobacteria,Gammaproteobacteria,Pseudomonadales,Oceanospirillaceae,Oceanospirillum
asv2114,Bacteria,Proteobacteria,Gammaproteobacteria,Enterobacterales,Shewanellaceae,Psychrobium
asv2115,Bacteria,Proteobacteria,Alphaproteobacteria,Parvibaculales,NA,NA
asv2116,Bacteria,Proteobacteria,Gammaproteobacteria,Pseudomonadales,Halieaceae,Pseudohaliea
asv2117,Bacteria,Cyanobacteria,Sericytochromatia,NA,NA,NA
asv2118,Bacteria,Proteobacteria,Alphaproteobacteria,Rickettsiales,Rickettsiaceae,Candidatus Megaira
asv2119,Bacteria,Proteobacteria,Gammaproteobacteria,Pseudomonadales,Moraxellaceae,Enhydrobacter
asv2120,Bacteria,Planctomycetota,Planctomycetes,Planctomycetales,Rubinisphaeraceae,NA
asv2121,Bacteria,Proteobacteria,Gammaproteobacteria,Enterobacterales,Aeromonadaceae,Aeromonas
asv2122,Bacteria,Firmicutes,Bacilli,Lactobacillales,Streptococcaceae,Streptococcus
asv2123,Bacteria,Proteobacteria,Alphaproteobacteria,Sphingomonadales,Sphingomonadaceae,Qipengyuania
asv2124,Bacteria,Proteobacteria,Gammaproteobacteria,Pseudomonadales,Halieaceae,Congregibacter
asv2125,Bacteria,Bacteroidota,Bacteroidia,Flavobacteriales,Cryomorphaceae,Vicingus
asv2126,Bacteria,Proteobacteria,Gammaproteobacteria,Pseudomonadales,Saccharospirillaceae,Oleibacter
asv2127,Bacteria,NA,NA,NA,NA,NA
asv2128,Bacteria,Proteobacteria,Gammaproteobacteria,Granulosicoccales,NA,NA
asv2129,Bacteria,Bacteroidota,Bacteroidia,Chitinophagales,Saprospiraceae,Portibacter
asv2130,Bacteria,Acidobacteriota,Vicinamibacteria,Subgroup 9,NA,NA
asv2131,Bacteria,NB1-j,NA,NA,NA,NA
asv2132,Bacteria,Bacteroidota,Bacteroidia,Cytophagales,Amoebophilaceae,Candidatus Amoebophilus
asv2133,Bacteria,Proteobacteria,Gammaproteobacteria,Pseudomonadales,Moraxellaceae,Acinetobacter
asv2134,Bacteria,Firmicutes,Bacilli,Bacillales,Bacillaceae,Anoxybacillus
asv2135,Bacteria,Proteobacteria,Gammaproteobacteria,Coxiellales,Coxiellaceae,Coxiella
asv2136,Bacteria,Proteobacteria,Alphaproteobacteria,Rickettsiales,Rickettsiaceae,NA
asv2137,Bacteria,Proteobacteria,Gammaproteobacteria,Pseudomonadales,Nitrincolaceae,NA
asv2138,Bacteria,Proteobacteria,Gammaproteobacteria,Pseudomonadales,Marinomonadaceae,Marinomonas
asv2139,Bacteria,Proteobacteria,Gammaproteobacteria,Pseudomonadales,Saccharospirillaceae,Oleispira
asv2140,Bacteria,Bacteroidota,Bacteroidia,Flavobacteriales,Crocinitomicaceae,Fluviicola
asv2141,Bacteria,Actinobacteriota,Acidimicrobiia,Actinomarinales,Actinomarinaceae,Candidatus Actinomarina
asv2142,Bacteria,Proteobacteria,Gammaproteobacteria,Burkholderiales,Comamonadaceae,Comamonas
asv2143,Bacteria,Proteobacteria,Alphaproteobacteria,Rickettsiales,Rickettsiaceae,Candidatus Gigarickettsia
asv2144,Bacteria,Proteobacteria,Gammaproteobacteria,Pseudomonadales,Nitrincolaceae,Neptunomonas
asv2145,Bacteria,Proteobacteria,Alphaproteobacteria,Rhodobacterales,Rhodobacteraceae,Amaricoccus
asv2146,Bacteria,Proteobacteria,Gammaproteobacteria,Pseudomonadales,Cellvibrionaceae,Aestuariicella
asv2147,Bacteria,Proteobacteria,Alphaproteobacteria,Rhizobiales,Beijerinckiaceae,Microvirga
asv2148,Bacteria,Planctomycetota,Planctomycetes,Pirellulales,Pirellulaceae,Pir4 lineage
asv2149,Bacteria,Bdellovibrionota,Bdellovibrionia,Bdellovibrionales,Bdellovibrionaceae,OM27 clade
asv2150,Bacteria,Proteobacteria,Gammaproteobacteria,Pseudomonadales,Saccharospirillaceae,Oleibacter
asv2151,Bacteria,Firmicutes,Bacilli,Brevibacillales,Brevibacillaceae,Brevibacillus
asv2152,Bacteria,Proteobacteria,Gammaproteobacteria,Pseudomonadales,Nitrincolaceae,Neptunomonas
asv2153,Bacteria,Planctomycetota,Planctomycetes,Pirellulales,Pirellulaceae,Pir4 lineage
asv2154,Bacteria,Planctomycetota,Planctomycetes,Pirellulales,Pirellulaceae,Pir4 lineage
asv2155,Bacteria,Planctomycetota,OM190,NA,NA,NA
asv2156,Bacteria,Verrucomicrobiota,Omnitrophia,NA,NA,NA
asv2157,Bacteria,Planctomycetota,Pla3 lineage,NA,NA,NA
asv2158,Bacteria,Proteobacteria,Alphaproteobacteria,Rickettsiales,Fokiniaceae,MD3-55
asv2159,Bacteria,Gemmatimonadota,PAUC43f marine benthic group,NA,NA,NA
asv2160,Bacteria,Proteobacteria,Gammaproteobacteria,Pseudomonadales,NA,NA
asv2161,Bacteria,Proteobacteria,Gammaproteobacteria,Enterobacterales,Colwelliaceae,Colwellia
asv2162,Bacteria,Proteobacteria,Gammaproteobacteria,Gammaproteobacteria Incertae Sedis,Unknown Family,NA
asv2163,Bacteria,Myxococcota,Polyangia,Polyangiales,Sandaracinaceae,Sandaracinus
asv2164,Bacteria,Proteobacteria,Alphaproteobacteria,Thalassobaculales,NA,NA
asv2165,Bacteria,Proteobacteria,Gammaproteobacteria,Salinisphaerales,Salinisphaeraceae,Salinisphaera
asv2166,Bacteria,Proteobacteria,Alphaproteobacteria,Rhodobacterales,Rhodobacteraceae,Tropicimonas
asv2167,Bacteria,Proteobacteria,Gammaproteobacteria,Burkholderiales,Methylophilaceae,OM43 clade
asv2168,Bacteria,Proteobacteria,Gammaproteobacteria,NA,NA,NA
asv2169,Bacteria,Proteobacteria,Alphaproteobacteria,Rhodobacterales,Rhodobacteraceae,NA
asv2170,Bacteria,Proteobacteria,Gammaproteobacteria,Enterobacterales,Alteromonadaceae,Rheinheimera
asv2171,Bacteria,Proteobacteria,Gammaproteobacteria,Pseudomonadales,Moraxellaceae,Acinetobacter
asv2172,Bacteria,Proteobacteria,Alphaproteobacteria,Rhizobiales,Stappiaceae,Labrenzia
asv2173,Bacteria,Campylobacterota,Campylobacteria,Campylobacterales,Arcobacteraceae,Malaciobacter
asv2174,Bacteria,Proteobacteria,Alphaproteobacteria,Rhizobiales,Xanthobacteraceae,Bradyrhizobium
asv2175,Bacteria,Spirochaetota,Spirochaetia,Spirochaetales,Spirochaetaceae,Spirochaeta 2
asv2176,Bacteria,Proteobacteria,Gammaproteobacteria,Enterobacterales,Colwelliaceae,Thalassotalea
asv2177,Bacteria,NB1-j,NA,NA,NA,NA
asv2178,Bacteria,Bacteroidota,Bacteroidia,Cytophagales,Cyclobacteriaceae,Marinoscillum
asv2179,Bacteria,Proteobacteria,Gammaproteobacteria,Enterobacterales,Alteromonadaceae,Glaciecola
asv2180,Bacteria,Cyanobacteria,Cyanobacteriia,Synechococcales,Cyanobiaceae,Cyanobium PCC-6307
asv2181,Bacteria,Proteobacteria,Gammaproteobacteria,NA,NA,NA
asv2182,Bacteria,Proteobacteria,Gammaproteobacteria,Pseudomonadales,SAR86 clade,NA
asv2183,Bacteria,Bacteroidota,Bacteroidia,Cytophagales,Cyclobacteriaceae,NA
asv2184,Bacteria,Proteobacteria,Gammaproteobacteria,Enterobacterales,Alteromonadaceae,XY-R5
asv2185,Bacteria,Proteobacteria,Gammaproteobacteria,Enterobacterales,Alteromonadaceae,NA
asv2186,Bacteria,Proteobacteria,Alphaproteobacteria,Puniceispirillales,SAR116 clade,NA
asv2187,Bacteria,Proteobacteria,Gammaproteobacteria,Pseudomonadales,Endozoicomonadaceae,Endozoicomonas
asv2188,Bacteria,Proteobacteria,Gammaproteobacteria,Enterobacterales,Vibrionaceae,Vibrio
asv2189,Bacteria,Proteobacteria,Gammaproteobacteria,Enterobacterales,Enterobacteriaceae,Escherichia-Shigella
asv2190,Bacteria,Proteobacteria,Alphaproteobacteria,Rhizobiales,Rhizobiaceae,Phyllobacterium
asv2191,Bacteria,Bdellovibrionota,Bdellovibrionia,Bacteriovoracales,Bacteriovoracaceae,Peredibacter
asv2192,Bacteria,Proteobacteria,NA,NA,NA,NA
asv2193,Bacteria,Proteobacteria,Gammaproteobacteria,Enterobacterales,Alteromonadaceae,NA
asv2194,Bacteria,Proteobacteria,Gammaproteobacteria,Pseudomonadales,Saccharospirillaceae,Oleibacter
asv2195,Bacteria,Proteobacteria,Gammaproteobacteria,Francisellales,Francisellaceae,NA
asv2196,Bacteria,Proteobacteria,Gammaproteobacteria,Pseudomonadales,Marinobacteraceae,Marinobacter
asv2197,Bacteria,Proteobacteria,Gammaproteobacteria,Pseudomonadales,Nitrincolaceae,Amphritea
asv2198,Bacteria,Proteobacteria,Alphaproteobacteria,Rickettsiales,Fokiniaceae,MD3-55
asv2199,Bacteria,Proteobacteria,Gammaproteobacteria,Pseudomonadales,Endozoicomonadaceae,Endozoicomonas
asv2200,Bacteria,Firmicutes,Bacilli,Bacillales,Bacillaceae,NA
asv2201,Bacteria,Bacteroidota,Bacteroidia,Cytophagales,Amoebophilaceae,NA
asv2202,Bacteria,Cyanobacteria,Cyanobacteriia,Phormidesmiales,Phormidesmiaceae,Acrophormium PCC-7375
asv2203,Bacteria,Proteobacteria,Gammaproteobacteria,Pseudomonadales,Marinobacteraceae,Marinobacter
asv2204,Bacteria,Bacteroidota,Bacteroidia,Cytophagales,Cyclobacteriaceae,NA
asv2205,Bacteria,Proteobacteria,Alphaproteobacteria,Rhizobiales,Rhizobiaceae,Pseudorhizobium
asv2206,Bacteria,Acidobacteriota,Acidobacteriae,Solibacterales,Solibacteraceae,Candidatus Solibacter
asv2207,Bacteria,Proteobacteria,Gammaproteobacteria,Pseudomonadales,Nitrincolaceae,Neptunomonas
asv2208,Bacteria,Proteobacteria,Alphaproteobacteria,Sphingomonadales,Sphingomonadaceae,Erythrobacter
asv2209,Bacteria,Bacteroidota,Bacteroidia,Flavobacteriales,Cryomorphaceae,Vicingus
asv2210,Bacteria,NA,NA,NA,NA,NA
asv2211,Bacteria,Proteobacteria,Alphaproteobacteria,Rhodobacterales,Rhodobacteraceae,NA
asv2212,Bacteria,Proteobacteria,Alphaproteobacteria,Rickettsiales,Rickettsiaceae,NA
asv2213,Bacteria,Bacteroidota,Bacteroidia,Flavobacteriales,Flavobacteriaceae,Leeuwenhoekiella
asv2214,Bacteria,Proteobacteria,Gammaproteobacteria,Enterobacterales,Colwelliaceae,Thalassotalea
asv2215,Bacteria,Chloroflexi,Dehalococcoidia,SAR202 clade,NA,NA
asv2216,Bacteria,Proteobacteria,Alphaproteobacteria,Caulobacterales,Caulobacteraceae,Brevundimonas
asv2217,Bacteria,Campylobacterota,Campylobacteria,Campylobacterales,Arcobacteraceae,Halarcobacter
asv2218,Bacteria,Bacteroidota,Bacteroidia,Flavobacteriales,Flavobacteriaceae,Wenyingzhuangia
asv2219,Bacteria,Proteobacteria,Gammaproteobacteria,Pseudomonadales,Alcanivoracaceae1,Alcanivorax
asv2220,Bacteria,Planctomycetota,OM190,NA,NA,NA
asv2221,Bacteria,Proteobacteria,Alphaproteobacteria,SAR11 clade,Clade I,Clade Ia
asv2222,Bacteria,Myxococcota,Polyangia,Nannocystales,Nannocystaceae,NA
asv2223,Bacteria,Proteobacteria,Gammaproteobacteria,Coxiellales,Coxiellaceae,Coxiella
asv2224,Bacteria,Proteobacteria,Alphaproteobacteria,Rickettsiales,Rickettsiaceae,Candidatus Gigarickettsia
asv2225,Bacteria,Proteobacteria,Gammaproteobacteria,Pseudomonadales,Pseudomonadaceae,Pseudomonas
asv2226,Bacteria,Planctomycetota,Planctomycetes,Pirellulales,Pirellulaceae,NA
asv2227,Bacteria,Proteobacteria,Gammaproteobacteria,Arenicellales,Arenicellaceae,Arenicella
asv2228,Bacteria,Proteobacteria,Alphaproteobacteria,Rhodobacterales,Rhodobacteraceae,NA
asv2229,Bacteria,Proteobacteria,Alphaproteobacteria,Rhodobacterales,Rhodobacteraceae,NA
asv2230,Bacteria,Proteobacteria,Alphaproteobacteria,Rhodobacterales,Rhodobacteraceae,Paracoccus
asv2231,Bacteria,Proteobacteria,Gammaproteobacteria,Pseudomonadales,Saccharospirillaceae,Thalassolituus
asv2232,Bacteria,Bacteroidota,Bacteroidia,Flavobacteriales,Flavobacteriaceae,NA
asv2233,Bacteria,Cyanobacteria,Cyanobacteriia,Phormidesmiales,Phormidesmiaceae,Acrophormium PCC-7375
asv2234,Bacteria,Proteobacteria,Gammaproteobacteria,Pseudomonadales,Halieaceae,NA
asv2235,Bacteria,Proteobacteria,Alphaproteobacteria,Rhodobacterales,Rhodobacteraceae,NA
asv2236,Bacteria,NB1-j,NA,NA,NA,NA
asv2237,Bacteria,Proteobacteria,Gammaproteobacteria,Pseudomonadales,Microbulbiferaceae,Microbulbifer
asv2238,Bacteria,Proteobacteria,Gammaproteobacteria,Pseudomonadales,SAR86 clade,NA
asv2239,Bacteria,Proteobacteria,Alphaproteobacteria,Kiloniellales,Kiloniellaceae,Pelagibius
asv2240,Bacteria,Proteobacteria,Gammaproteobacteria,Legionellales,Legionellaceae,NA
asv2241,Bacteria,Proteobacteria,Alphaproteobacteria,Defluviicoccales,NA,NA
asv2242,Bacteria,Proteobacteria,Gammaproteobacteria,Enterobacterales,Colwelliaceae,Thalassotalea
asv2243,Bacteria,Proteobacteria,Alphaproteobacteria,NA,NA,NA
asv2244,Bacteria,Proteobacteria,Gammaproteobacteria,Enterobacterales,Aeromonadaceae,Aeromonas
asv2245,Bacteria,Proteobacteria,Gammaproteobacteria,Pseudomonadales,Endozoicomonadaceae,Endozoicomonas
asv2246,Bacteria,Desulfobacterota,Desulfuromonadia,Desulfuromonadales,NA,NA
asv2247,Bacteria,Bacteroidota,Bacteroidia,Chitinophagales,Saprospiraceae,Rubidimonas
asv2248,Bacteria,Proteobacteria,Alphaproteobacteria,Micavibrionales,Micavibrionaceae,NA
asv2249,Bacteria,Proteobacteria,Gammaproteobacteria,Xanthomonadales,Xanthomonadaceae,Stenotrophomonas
asv2250,Bacteria,Proteobacteria,Alphaproteobacteria,Thalassobaculales,NA,NA
asv2251,Bacteria,Proteobacteria,Gammaproteobacteria,Pseudomonadales,SAR86 clade,NA
asv2252,Bacteria,Planctomycetota,Phycisphaerae,Phycisphaerales,Phycisphaeraceae,Urania-1B-19 marine sediment group
asv2253,Bacteria,Proteobacteria,Gammaproteobacteria,Enterobacterales,Colwelliaceae,Thalassotalea
asv2254,Bacteria,Proteobacteria,Alphaproteobacteria,Rickettsiales,Rickettsiaceae,NA
asv2255,Bacteria,Planctomycetota,Planctomycetes,Planctomycetales,Gimesiaceae,Gimesia
asv2256,Bacteria,Proteobacteria,Alphaproteobacteria,Rhodobacterales,Rhodobacteraceae,NA
asv2257,Bacteria,Proteobacteria,Gammaproteobacteria,Francisellales,Francisellaceae,NA
asv2258,Bacteria,Proteobacteria,Gammaproteobacteria,NA,NA,NA
asv2259,Bacteria,Planctomycetota,Planctomycetes,Pirellulales,Pirellulaceae,Pirellula
asv2260,Bacteria,Proteobacteria,Alphaproteobacteria,Azospirillales,Azospirillaceae,Azospirillum
asv2261,Bacteria,Proteobacteria,Gammaproteobacteria,Enterobacterales,Alteromonadaceae,Agaribacter
asv2262,Bacteria,Desulfobacterota,Desulfuromonadia,Desulfuromonadales,Geopsychrobacteraceae,Desulfuromusa
asv2263,Bacteria,Proteobacteria,Alphaproteobacteria,Rhizobiales,Rhizobiales Incertae Sedis,Phreatobacter
asv2264,Bacteria,Proteobacteria,Gammaproteobacteria,Pseudomonadales,Halieaceae,NA
asv2265,Bacteria,Proteobacteria,Alphaproteobacteria,Micavibrionales,Micavibrionaceae,NA
asv2266,Bacteria,Bacteroidota,Bacteroidia,Flavobacteriales,Flavobacteriaceae,NA
asv2267,Bacteria,Proteobacteria,Alphaproteobacteria,Rickettsiales,Rickettsiaceae,NA
asv2268,Bacteria,Proteobacteria,Gammaproteobacteria,Pseudomonadales,Pseudomonadaceae,Pseudomonas
asv2269,Bacteria,Planctomycetota,Planctomycetes,Pirellulales,Pirellulaceae,Blastopirellula
asv2270,Bacteria,Acidobacteriota,Subgroup 26,NA,NA,NA
asv2271,Bacteria,Bdellovibrionota,Oligoflexia,Oligoflexales,Oligoflexaceae,Pseudobacteriovorax
asv2272,Bacteria,Acidobacteriota,Subgroup 22,NA,NA,NA
asv2273,Bacteria,Proteobacteria,Gammaproteobacteria,Pseudomonadales,SAR86 clade,NA
asv2274,Bacteria,Proteobacteria,Alphaproteobacteria,Caulobacterales,Parvularculaceae,Hyphococcus
asv2275,Bacteria,Proteobacteria,Gammaproteobacteria,Chromatiales,Sedimenticolaceae,Sedimenticola
asv2276,Bacteria,Bdellovibrionota,Bdellovibrionia,Bdellovibrionales,Bdellovibrionaceae,Bdellovibrio
asv2277,Bacteria,Proteobacteria,Gammaproteobacteria,Burkholderiales,Chromobacteriaceae,Vogesella
asv2278,Bacteria,Proteobacteria,Gammaproteobacteria,Enterobacterales,Colwelliaceae,Thalassotalea
asv2279,Bacteria,Proteobacteria,Gammaproteobacteria,Enterobacterales,Alteromonadaceae,Aestuariibacter
asv2280,Bacteria,Proteobacteria,Gammaproteobacteria,Pseudomonadales,Nitrincolaceae,NA
asv2281,Bacteria,Proteobacteria,Gammaproteobacteria,Pseudomonadales,Endozoicomonadaceae,Endozoicomonas
asv2282,Bacteria,Firmicutes,Bacilli,Brevibacillales,Brevibacillaceae,Brevibacillus
asv2283,Bacteria,Proteobacteria,Alphaproteobacteria,Tistrellales,Geminicoccaceae,NA
asv2284,Bacteria,Proteobacteria,Alphaproteobacteria,Caulobacterales,Hyphomonadaceae,Hyphomonas
asv2285,Bacteria,Bacteroidota,Bacteroidia,Chitinophagales,NA,NA
asv2286,Bacteria,Proteobacteria,Alphaproteobacteria,Rhodospirillales,Terasakiellaceae,NA
asv2287,Bacteria,Proteobacteria,Gammaproteobacteria,Nitrosococcales,Nitrosococcaceae,NA
asv2288,Bacteria,Proteobacteria,Alphaproteobacteria,Rhizobiales,Stappiaceae,Labrenzia
asv2289,Bacteria,Planctomycetota,Planctomycetes,Pirellulales,Pirellulaceae,Rubripirellula
asv2290,Bacteria,Planctomycetota,Planctomycetes,Pirellulales,Pirellulaceae,Blastopirellula
asv2291,Bacteria,Proteobacteria,Alphaproteobacteria,Rhizobiales,Methyloligellaceae,Methyloceanibacter
asv2292,Bacteria,Proteobacteria,Alphaproteobacteria,Defluviicoccales,NA,NA
asv2293,Bacteria,Proteobacteria,Gammaproteobacteria,Pseudomonadales,Moraxellaceae,Enhydrobacter
asv2294,Bacteria,Proteobacteria,Alphaproteobacteria,Rhodospirillales,Terasakiellaceae,NA
asv2295,Bacteria,Proteobacteria,Alphaproteobacteria,NA,NA,NA
asv2296,Bacteria,Proteobacteria,Alphaproteobacteria,Caulobacterales,Caulobacteraceae,Phenylobacterium
asv2297,Bacteria,Bacteroidota,Bacteroidia,Flavobacteriales,Flavobacteriaceae,Seonamhaeicola
asv2298,Bacteria,Proteobacteria,Gammaproteobacteria,NA,NA,NA
asv2299,Bacteria,Planctomycetota,Phycisphaerae,Phycisphaerales,Phycisphaeraceae,CL500-3
asv2300,Bacteria,Bacteroidota,Bacteroidia,Flavobacteriales,NS9 marine group,NA
asv2301,Bacteria,Proteobacteria,Gammaproteobacteria,Enterobacterales,Shewanellaceae,Shewanella
asv2302,Bacteria,Acidobacteriota,Subgroup 21,NA,NA,NA
asv2303,Bacteria,Proteobacteria,Gammaproteobacteria,AT-s2-59,NA,NA
asv2304,Bacteria,Proteobacteria,Gammaproteobacteria,Coxiellales,Coxiellaceae,Coxiella
asv2305,Bacteria,Planctomycetota,Planctomycetes,Pirellulales,Pirellulaceae,NA
asv2306,Bacteria,Planctomycetota,Planctomycetes,Gemmatales,Gemmataceae,NA
asv2307,Bacteria,Bacteroidota,Bacteroidia,Flavobacteriales,Cryomorphaceae,NA
asv2308,Bacteria,Planctomycetota,Planctomycetes,Pirellulales,Pirellulaceae,Blastopirellula
asv2309,Bacteria,Proteobacteria,Alphaproteobacteria,Sphingomonadales,Sphingomonadaceae,Erythrobacter
asv2310,Bacteria,Planctomycetota,Planctomycetes,Pirellulales,Pirellulaceae,Blastopirellula
asv2311,Bacteria,Proteobacteria,Gammaproteobacteria,Pseudomonadales,Nitrincolaceae,Profundimonas
asv2312,Bacteria,Proteobacteria,Alphaproteobacteria,Kiloniellales,Kiloniellaceae,Tistlia
asv2313,Bacteria,Proteobacteria,Gammaproteobacteria,Xanthomonadales,Xanthomonadaceae,Thermomonas
asv2314,Bacteria,Bacteroidota,Bacteroidia,Flavobacteriales,Cryomorphaceae,NA
asv2315,Bacteria,Cyanobacteria,Sericytochromatia,NA,NA,NA
asv2316,Bacteria,Proteobacteria,Alphaproteobacteria,Tistrellales,Geminicoccaceae,NA
asv2317,Bacteria,Bacteroidota,Bacteroidia,Flavobacteriales,Flavobacteriaceae,NA
asv2318,Bacteria,Bacteroidota,Bacteroidia,Flavobacteriales,Flavobacteriaceae,Aureisphaera
asv2319,Bacteria,Verrucomicrobiota,Verrucomicrobiae,Verrucomicrobiales,DEV007,NA
asv2320,Bacteria,Proteobacteria,Gammaproteobacteria,Enterobacterales,Alteromonadaceae,Aestuariibacter
asv2321,Bacteria,Proteobacteria,Alphaproteobacteria,Puniceispirillales,SAR116 clade,NA
asv2322,Bacteria,Proteobacteria,Gammaproteobacteria,Enterobacterales,Pseudoalteromonadaceae,Pseudoalteromonas
asv2323,Bacteria,Acidobacteriota,Subgroup 22,NA,NA,NA
asv2324,Bacteria,Firmicutes,Bacilli,Bacillales,Bacillaceae,NA
asv2325,Bacteria,Planctomycetota,OM190,NA,NA,NA
asv2326,Bacteria,Desulfobacterota,Desulfobacteria,Desulfobacterales,Desulfosarcinaceae,Sva0081 sediment group
asv2327,Bacteria,Planctomycetota,NA,NA,NA,NA
asv2328,Bacteria,Proteobacteria,Alphaproteobacteria,Rhodobacterales,Rhodobacteraceae,Limibaculum
asv2329,Bacteria,Proteobacteria,Alphaproteobacteria,Rhizobiales,Rhodobiaceae,Amorphus
asv2330,Bacteria,Planctomycetota,Phycisphaerae,Phycisphaerales,Phycisphaeraceae,CL500-3
asv2331,Bacteria,Proteobacteria,Gammaproteobacteria,Enterobacterales,NA,NA
asv2332,Bacteria,Planctomycetota,Phycisphaerae,Phycisphaerales,Phycisphaeraceae,CL500-3
asv2333,Bacteria,Proteobacteria,Gammaproteobacteria,Pseudomonadales,Moraxellaceae,Psychrobacter
asv2334,Bacteria,Proteobacteria,Gammaproteobacteria,Francisellales,Francisellaceae,NA
asv2335,Bacteria,Bacteroidota,Bacteroidia,Chitinophagales,Chitinophagaceae,NA
asv2336,Bacteria,Campylobacterota,Campylobacteria,Campylobacterales,Arcobacteraceae,Malaciobacter
asv2337,Bacteria,Proteobacteria,Alphaproteobacteria,Rickettsiales,Fokiniaceae,MD3-55
asv2338,Bacteria,Proteobacteria,Gammaproteobacteria,Pseudomonadales,BD2-7,NA
asv2339,Bacteria,Proteobacteria,Alphaproteobacteria,Caulobacterales,Hyphomonadaceae,Oceanicaulis
asv2340,Bacteria,Proteobacteria,Alphaproteobacteria,NA,NA,NA
asv2341,Bacteria,Proteobacteria,Gammaproteobacteria,Burkholderiales,Comamonadaceae,Curvibacter
asv2342,Bacteria,Proteobacteria,Gammaproteobacteria,Piscirickettsiales,Piscirickettsiaceae,Candidatus Endoecteinascidia
asv2343,Bacteria,Planctomycetota,Planctomycetes,Pirellulales,Pirellulaceae,Rhodopirellula
asv2344,Bacteria,Proteobacteria,Gammaproteobacteria,Arenicellales,Arenicellaceae,HTCC5015
asv2345,Bacteria,Proteobacteria,Gammaproteobacteria,Pseudomonadales,Cellvibrionaceae,NA
asv2346,Bacteria,Actinobacteriota,Actinobacteria,Micrococcales,Microbacteriaceae,NA
asv2347,Bacteria,Actinobacteriota,Actinobacteria,Micrococcales,Micrococcaceae,Micrococcus
asv2348,Bacteria,Firmicutes,Clostridia,Clostridiales,Clostridiaceae,Clostridium sensu stricto 1
asv2349,Bacteria,Myxococcota,Myxococcia,Myxococcales,Myxococcaceae,P3OB-42
asv2350,Bacteria,Proteobacteria,Gammaproteobacteria,Arenicellales,Arenicellaceae,Arenicella
asv2351,Bacteria,Proteobacteria,Alphaproteobacteria,Rickettsiales,AB1,NA
asv2352,Bacteria,Proteobacteria,Alphaproteobacteria,NA,NA,NA
asv2353,Bacteria,Proteobacteria,Gammaproteobacteria,Pseudomonadales,Halieaceae,Pseudohaliea
asv2354,Bacteria,Proteobacteria,Alphaproteobacteria,Rhodobacterales,Rhodobacteraceae,Tateyamaria
asv2355,Bacteria,Bacteroidota,Bacteroidia,Flavobacteriales,Cryomorphaceae,NA
asv2356,Bacteria,Proteobacteria,Gammaproteobacteria,Pseudomonadales,Cellvibrionaceae,Umboniibacter
asv2357,Bacteria,Marinimicrobia (SAR406 clade),NA,NA,NA,NA
asv2358,Bacteria,Acidobacteriota,Vicinamibacteria,Subgroup 9,NA,NA
asv2359,Bacteria,Bacteroidota,Bacteroidia,Flavobacteriales,NS7 marine group,NA
asv2360,Bacteria,Bacteroidota,Bacteroidia,Flavobacteriales,Flavobacteriaceae,NS5 marine group
asv2361,Bacteria,Proteobacteria,Alphaproteobacteria,Kiloniellales,Kiloniellaceae,Tistlia
asv2362,Bacteria,Proteobacteria,Gammaproteobacteria,Burkholderiales,Nitrosomonadaceae,mle1-7
asv2363,Bacteria,Planctomycetota,OM190,NA,NA,NA
asv2364,Bacteria,Proteobacteria,Gammaproteobacteria,Enterobacterales,Psychromonadaceae,Psychromonas
asv2365,Bacteria,Abditibacteriota,Abditibacteria,Abditibacteriales,Abditibacteriaceae,Abditibacterium
asv2366,Bacteria,Planctomycetota,Phycisphaerae,Phycisphaerales,Phycisphaeraceae,FS140-16B-02 marine group
asv2367,Bacteria,Proteobacteria,Gammaproteobacteria,Nitrosococcales,Nitrosococcaceae,AqS1
asv2368,Bacteria,Proteobacteria,Alphaproteobacteria,Sphingomonadales,Sphingomonadaceae,Altererythrobacter
asv2369,Bacteria,Proteobacteria,NA,NA,NA,NA
asv2370,Bacteria,Proteobacteria,Gammaproteobacteria,Pseudomonadales,Pseudomonadaceae,Pseudomonas
asv2371,Bacteria,Planctomycetota,Planctomycetes,Planctomycetales,Gimesiaceae,Gimesia
asv2372,Bacteria,Proteobacteria,Gammaproteobacteria,Pseudomonadales,Endozoicomonadaceae,Endozoicomonas
asv2373,Bacteria,Proteobacteria,Gammaproteobacteria,Pseudomonadales,Halomonadaceae,Halomonas
asv2374,Bacteria,Proteobacteria,Gammaproteobacteria,Enterobacterales,Aeromonadaceae,Aeromonas
asv2375,Bacteria,Bacteroidota,Bacteroidia,Flavobacteriales,NA,NA
asv2376,Bacteria,Proteobacteria,Alphaproteobacteria,Rhizobiales,Beijerinckiaceae,NA
asv2377,Bacteria,Bacteroidota,Bacteroidia,Flavobacteriales,Flavobacteriaceae,Flavobacterium
asv2378,Bacteria,Verrucomicrobiota,Verrucomicrobiae,Verrucomicrobiales,DEV007,NA
asv2379,Bacteria,Bacteroidota,Bacteroidia,Flavobacteriales,Flavobacteriaceae,NS2b marine group
asv2380,Bacteria,Bacteroidota,Bacteroidia,Flavobacteriales,Flavobacteriaceae,Lutimonas
asv2381,Bacteria,Proteobacteria,Gammaproteobacteria,Pseudomonadales,NA,NA
asv2382,Bacteria,Planctomycetota,Planctomycetes,Planctomycetales,Rubinisphaeraceae,SH-PL14
asv2383,Bacteria,Proteobacteria,Alphaproteobacteria,Sphingomonadales,Sphingomonadaceae,Altererythrobacter
asv2384,Bacteria,Planctomycetota,OM190,NA,NA,NA
asv2385,Bacteria,Bacteroidota,Bacteroidia,Flavobacteriales,Flavobacteriaceae,NS5 marine group
asv2386,Bacteria,Planctomycetota,Planctomycetes,Pirellulales,Pirellulaceae,Pirellula
asv2387,Bacteria,Proteobacteria,Alphaproteobacteria,Rhodospirillales,NA,NA
asv2388,Bacteria,Firmicutes,Clostridia,Peptostreptococcales-Tissierellales,Peptostreptococcaceae,Tepidibacter
asv2389,Bacteria,Proteobacteria,Gammaproteobacteria,Enterobacterales,Shewanellaceae,Shewanella
asv2390,Bacteria,Bacteroidota,Bacteroidia,Chitinophagales,Chitinophagaceae,Puia
asv2391,Bacteria,Proteobacteria,Alphaproteobacteria,Rhodobacterales,Rhodobacteraceae,NA
asv2392,Bacteria,Firmicutes,Clostridia,Peptostreptococcales-Tissierellales,Fusibacteraceae,Fusibacter
asv2393,Bacteria,Proteobacteria,Gammaproteobacteria,Pseudomonadales,Oleiphilaceae,Oleiphilus
asv2394,Bacteria,Proteobacteria,Alphaproteobacteria,Caulobacterales,Hyphomonadaceae,Algimonas
asv2395,Bacteria,Proteobacteria,Alphaproteobacteria,Micavibrionales,Micavibrionaceae,NA
asv2396,Bacteria,Proteobacteria,Alphaproteobacteria,Rhizobiales,Rhizobiaceae,NA
asv2397,Bacteria,Proteobacteria,Alphaproteobacteria,Sphingomonadales,Sphingomonadaceae,NA
asv2398,Bacteria,Proteobacteria,Gammaproteobacteria,Enterobacterales,Pseudoalteromonadaceae,Pseudoalteromonas
asv2399,Bacteria,Proteobacteria,Alphaproteobacteria,Caulobacterales,Parvularculaceae,Hyphococcus
asv2400,Bacteria,NB1-j,NA,NA,NA,NA
asv2401,Bacteria,Bacteroidota,Bacteroidia,Flavobacteriales,Flavobacteriaceae,Zunongwangia
asv2402,Bacteria,SAR324 clade(Marine group B),NA,NA,NA,NA
asv2403,Bacteria,Proteobacteria,Alphaproteobacteria,Rhodospirillales,NA,NA
asv2404,Bacteria,Firmicutes,Bacilli,Bacillales,Bacillaceae,Salimicrobium
asv2405,Bacteria,Bdellovibrionota,Bdellovibrionia,Bdellovibrionales,Bdellovibrionaceae,OM27 clade
asv2406,Bacteria,Desulfobacterota,Desulfobulbia,Desulfobulbales,Desulfocapsaceae,NA
asv2407,Bacteria,Acidobacteriota,Acidobacteriae,Bryobacterales,Bryobacteraceae,Bryobacter
asv2408,Bacteria,Chloroflexi,Anaerolineae,Ardenticatenales,NA,NA
asv2409,Bacteria,Bacteroidota,Bacteroidia,Flavobacteriales,Flavobacteriaceae,Costertonia
asv2410,Bacteria,Proteobacteria,Gammaproteobacteria,Pseudomonadales,Halieaceae,Pseudohaliea
asv2411,Bacteria,Bdellovibrionota,Bdellovibrionia,Bdellovibrionales,Bdellovibrionaceae,OM27 clade
asv2412,Bacteria,Proteobacteria,Alphaproteobacteria,Caulobacterales,Parvularculaceae,Hyphococcus
asv2413,Bacteria,Proteobacteria,Gammaproteobacteria,HOC36,NA,NA
asv2414,Bacteria,Bacteroidota,Bacteroidia,Flavobacteriales,NS9 marine group,NA
asv2415,Bacteria,Proteobacteria,Alphaproteobacteria,Puniceispirillales,SAR116 clade,Candidatus Puniceispirillum
asv2416,Bacteria,Proteobacteria,Gammaproteobacteria,Enterobacterales,Vibrionaceae,Vibrio
asv2417,Bacteria,Desulfobacterota,Desulfobacteria,Desulfatiglandales,Desulfatiglandaceae,Desulfatiglans
asv2418,Bacteria,Proteobacteria,Gammaproteobacteria,Pseudomonadales,SAR86 clade,NA
asv2419,Bacteria,Proteobacteria,Alphaproteobacteria,Puniceispirillales,SAR116 clade,Candidatus Puniceispirillum
asv2420,Bacteria,Bacteroidota,Bacteroidia,Flavobacteriales,Flavobacteriaceae,NA
asv2421,Bacteria,Proteobacteria,Gammaproteobacteria,Piscirickettsiales,Piscirickettsiaceae,Candidatus Endoecteinascidia
asv2422,Bacteria,Proteobacteria,Alphaproteobacteria,Rhodobacterales,Rhodobacteraceae,Ascidiaceihabitans
asv2423,Bacteria,Proteobacteria,Alphaproteobacteria,Rhodospirillales,NA,NA
asv2424,Bacteria,Proteobacteria,Gammaproteobacteria,Pseudomonadales,Marinomonadaceae,Marinomonas
asv2425,Bacteria,Planctomycetota,028H05-P-BN-P5,NA,NA,NA
asv2426,Bacteria,Proteobacteria,Gammaproteobacteria,NA,NA,NA
asv2427,Bacteria,Planctomycetota,Planctomycetes,Pirellulales,Pirellulaceae,NA
asv2428,Bacteria,Bacteroidota,Bacteroidia,Chitinophagales,Saprospiraceae,Rubidimonas
asv2429,Bacteria,Proteobacteria,Alphaproteobacteria,Sphingomonadales,Sphingomonadaceae,Ellin6055
asv2430,Bacteria,Proteobacteria,Gammaproteobacteria,Pseudomonadales,NA,NA
asv2431,Bacteria,Bdellovibrionota,Bdellovibrionia,Bacteriovoracales,Bacteriovoracaceae,Peredibacter
asv2432,Bacteria,Proteobacteria,Alphaproteobacteria,Holosporales,Holosporaceae,NA
asv2433,Bacteria,Bacteroidota,Bacteroidia,Flavobacteriales,NS9 marine group,NA
asv2434,Bacteria,Bacteroidota,Bacteroidia,Flavobacteriales,Flavobacteriaceae,NS4 marine group
asv2435,Bacteria,Planctomycetota,Phycisphaerae,Phycisphaerales,Phycisphaeraceae,CL500-3
asv2436,Bacteria,Proteobacteria,Gammaproteobacteria,Coxiellales,Coxiellaceae,Coxiella
asv2437,Bacteria,Bacteroidota,Bacteroidia,Flavobacteriales,Flavobacteriaceae,NS5 marine group
asv2438,Bacteria,Planctomycetota,Phycisphaerae,Phycisphaerales,Phycisphaeraceae,Urania-1B-19 marine sediment group
asv2439,Bacteria,Planctomycetota,OM190,NA,NA,NA
asv2440,Bacteria,Planctomycetota,Planctomycetes,Pirellulales,Pirellulaceae,NA
asv2441,Bacteria,Acidobacteriota,Thermoanaerobaculia,Thermoanaerobaculales,Thermoanaerobaculaceae,Subgroup 10
asv2442,Bacteria,Firmicutes,Bacilli,Staphylococcales,Staphylococcaceae,Staphylococcus
asv2443,Bacteria,Planctomycetota,OM190,NA,NA,NA
asv2444,Bacteria,Verrucomicrobiota,Verrucomicrobiae,Verrucomicrobiales,Rubritaleaceae,Rubritalea
asv2445,Bacteria,Cyanobacteria,Cyanobacteriia,Synechococcales,Cyanobiaceae,Prochlorococcus MIT9313
asv2446,Bacteria,Bacteroidota,Bacteroidia,Bacteroidales,Tannerellaceae,Macellibacteroides
asv2447,Bacteria,Proteobacteria,Gammaproteobacteria,Pseudomonadales,OM182 clade,NA
asv2448,Bacteria,Planctomycetota,Planctomycetes,Pirellulales,Pirellulaceae,NA
asv2449,Bacteria,Bacteroidota,Bacteroidia,Cytophagales,Flammeovirgaceae,NA
asv2450,Bacteria,Proteobacteria,Gammaproteobacteria,Xanthomonadales,Xanthomonadaceae,Stenotrophomonas
asv2451,Bacteria,Patescibacteria,Gracilibacteria,JGI 0000069-P22,NA,NA
asv2452,Bacteria,Bacteroidota,Bacteroidia,Chitinophagales,Chitinophagaceae,Puia
asv2453,Bacteria,Bdellovibrionota,Bdellovibrionia,Bacteriovoracales,Bacteriovoracaceae,Halobacteriovorax
asv2454,Bacteria,Proteobacteria,Gammaproteobacteria,Pseudomonadales,SAR86 clade,NA
asv2455,Bacteria,Proteobacteria,Gammaproteobacteria,Pseudomonadales,Endozoicomonadaceae,Endozoicomonas
asv2456,Bacteria,Bacteroidota,Bacteroidia,Flavobacteriales,NS9 marine group,NA
asv2457,Bacteria,Proteobacteria,Alphaproteobacteria,Rhodobacterales,Rhodobacteraceae,NA
asv2458,Bacteria,Proteobacteria,Gammaproteobacteria,Chromatiales,Chromatiaceae,Candidatus Thiobios
asv2459,Bacteria,Proteobacteria,Alphaproteobacteria,Rhodobacterales,Rhodobacteraceae,Actibacterium
asv2460,Bacteria,Gemmatimonadota,BD2-11 terrestrial group,NA,NA,NA
asv2461,Bacteria,Bacteroidota,Bacteroidia,Chitinophagales,Saprospiraceae,Lewinella
asv2462,Bacteria,Proteobacteria,Gammaproteobacteria,Enterobacterales,Pseudoalteromonadaceae,Pseudoalteromonas
asv2463,Bacteria,Myxococcota,Polyangia,Nannocystales,Nannocystaceae,NA
asv2464,Bacteria,Proteobacteria,Gammaproteobacteria,Burkholderiales,Burkholderiaceae,Burkholderia-Caballeronia-Paraburkholderia
asv2465,Bacteria,Proteobacteria,Gammaproteobacteria,Thiohalorhabdales,Thiohalorhabdaceae,NA
asv2466,Bacteria,Proteobacteria,Gammaproteobacteria,Enterobacterales,Alteromonadaceae,Aliiglaciecola
asv2467,Bacteria,Bdellovibrionota,Bdellovibrionia,Bacteriovoracales,Bacteriovoracaceae,NA
asv2468,Bacteria,Proteobacteria,Gammaproteobacteria,Enterobacterales,Aeromonadaceae,Aeromonas
asv2469,Bacteria,Actinobacteriota,Acidimicrobiia,Microtrichales,Microtrichaceae,Sva0996 marine group
asv2470,Bacteria,Proteobacteria,Alphaproteobacteria,Rhodobacterales,Rhodobacteraceae,NA
asv2471,Bacteria,Proteobacteria,Gammaproteobacteria,Enterobacterales,Pseudoalteromonadaceae,Pseudoalteromonas
asv2472,Bacteria,Cyanobacteria,Cyanobacteriia,Phormidesmiales,Phormidesmiaceae,Acrophormium PCC-7375
asv2473,Bacteria,Bacteroidota,Bacteroidia,Flavobacteriales,Flavobacteriaceae,Flavobacterium
asv2474,Bacteria,NA,NA,NA,NA,NA
asv2475,Bacteria,Verrucomicrobiota,Omnitrophia,NA,NA,NA
asv2476,Bacteria,Planctomycetota,Planctomycetes,Pirellulales,Pirellulaceae,Pir4 lineage
asv2477,Bacteria,Planctomycetota,OM190,NA,NA,NA
asv2478,Bacteria,Planctomycetota,Planctomycetes,Pirellulales,Pirellulaceae,Rubripirellula
asv2479,Bacteria,Verrucomicrobiota,Verrucomicrobiae,Chthoniobacterales,Terrimicrobiaceae,Terrimicrobium
asv2480,Bacteria,Acidobacteriota,Thermoanaerobaculia,Thermoanaerobaculales,Thermoanaerobaculaceae,Subgroup 10
asv2481,Bacteria,Proteobacteria,Gammaproteobacteria,NA,NA,NA
asv2482,Bacteria,Actinobacteriota,Acidimicrobiia,Microtrichales,Microtrichaceae,Sva0996 marine group
asv2483,Bacteria,Proteobacteria,Gammaproteobacteria,Enterobacterales,Colwelliaceae,Thalassotalea
asv2484,Bacteria,Proteobacteria,Gammaproteobacteria,Pseudomonadales,Moraxellaceae,Acinetobacter
asv2485,Bacteria,Proteobacteria,Gammaproteobacteria,Pseudomonadales,Marinomonadaceae,Marinomonas
asv2486,Bacteria,Proteobacteria,Gammaproteobacteria,Enterobacterales,Pseudoalteromonadaceae,Psychrosphaera
asv2487,Bacteria,Proteobacteria,Alphaproteobacteria,Kiloniellales,Kiloniellaceae,Tistlia
asv2488,Bacteria,Proteobacteria,Gammaproteobacteria,Enterobacterales,Shewanellaceae,Psychrobium
asv2489,Bacteria,Proteobacteria,Alphaproteobacteria,Rhodobacterales,Rhodobacteraceae,Paracoccus
asv2490,Bacteria,Bacteroidota,Bacteroidia,Cytophagales,Amoebophilaceae,NA
asv2491,Bacteria,Bacteroidota,Bacteroidia,Flavobacteriales,Flavobacteriaceae,NA
asv2492,Bacteria,Proteobacteria,Gammaproteobacteria,Pseudomonadales,Halieaceae,Pseudohaliea
asv2493,Bacteria,Verrucomicrobiota,Verrucomicrobiae,Verrucomicrobiales,DEV007,NA
asv2494,Bacteria,Myxococcota,Polyangia,Nannocystales,Nannocystaceae,NA
asv2495,Bacteria,Proteobacteria,Alphaproteobacteria,Caulobacterales,Hyphomonadaceae,Hyphomonas
asv2496,Bacteria,Planctomycetota,Planctomycetes,Pirellulales,Pirellulaceae,Blastopirellula
asv2497,Bacteria,Proteobacteria,Alphaproteobacteria,Rhizobiales,Xanthobacteraceae,Rhodoplanes
asv2498,Bacteria,Proteobacteria,Gammaproteobacteria,Pseudomonadales,Cellvibrionaceae,Gilvimarinus
asv2499,Bacteria,Verrucomicrobiota,Verrucomicrobiae,Verrucomicrobiales,Rubritaleaceae,Rubritalea
asv2500,Bacteria,Cyanobacteria,Cyanobacteriia,Cyanobacteriales,Xenococcaceae,Pleurocapsa PCC-7319
asv2501,Bacteria,Dependentiae,Babeliae,Babeliales,NA,NA
asv2502,Bacteria,Proteobacteria,Gammaproteobacteria,Enterobacterales,Pseudoalteromonadaceae,Pseudoalteromonas
asv2503,Bacteria,Proteobacteria,Gammaproteobacteria,Pseudomonadales,Halieaceae,OM60(NOR5) clade
asv2504,Bacteria,Bacteroidota,Bacteroidia,Flavobacteriales,Crocinitomicaceae,Fluviicola
asv2505,Bacteria,Proteobacteria,Alphaproteobacteria,Rhizobiales,Xanthobacteraceae,Oligotropha
asv2506,Bacteria,Bacteroidota,Bacteroidia,Cytophagales,Cyclobacteriaceae,NA
asv2507,Bacteria,Firmicutes,Bacilli,Lactobacillales,Streptococcaceae,Lactococcus
asv2508,Bacteria,Bacteroidota,Bacteroidia,Chitinophagales,Saprospiraceae,Aureispira
asv2509,Bacteria,Proteobacteria,Alphaproteobacteria,Rhizobiales,Rhizobiaceae,NA
asv2510,Bacteria,Proteobacteria,Alphaproteobacteria,Rhodospirillales,NA,NA
asv2511,Bacteria,Desulfobacterota,Desulfuromonadia,Bradymonadales,NA,NA
asv2512,Bacteria,Proteobacteria,Alphaproteobacteria,Rhodobacterales,Rhodobacteraceae,Palleronia-Pseudomaribius
asv2513,Bacteria,Firmicutes,Negativicutes,Veillonellales-Selenomonadales,Veillonellaceae,Veillonella
asv2514,Bacteria,Bacteroidota,Bacteroidia,Flavobacteriales,Cryomorphaceae,Vicingus
asv2515,Bacteria,Proteobacteria,Gammaproteobacteria,Steroidobacterales,Woeseiaceae,Woeseia
asv2516,Bacteria,Proteobacteria,Alphaproteobacteria,Puniceispirillales,Puniceispirillales Incertae Sedis,Constrictibacter
asv2517,Bacteria,Proteobacteria,Gammaproteobacteria,Xanthomonadales,Xanthomonadaceae,Stenotrophomonas
asv2518,Bacteria,Fusobacteriota,Fusobacteriia,Fusobacteriales,Fusobacteriaceae,Cetobacterium
asv2519,Bacteria,Bacteroidota,Bacteroidia,Chitinophagales,Saprospiraceae,NA
asv2520,Bacteria,Proteobacteria,Gammaproteobacteria,Enterobacterales,Colwelliaceae,Thalassotalea
asv2521,Bacteria,Firmicutes,Bacilli,Lactobacillales,Streptococcaceae,Streptococcus
asv2522,Bacteria,Proteobacteria,Alphaproteobacteria,Caulobacterales,Caulobacteraceae,NA
asv2523,Bacteria,Bacteroidota,Bacteroidia,Flavobacteriales,Flavobacteriaceae,Pseudofulvibacter
asv2524,Bacteria,Proteobacteria,Gammaproteobacteria,Pseudomonadales,Halomonadaceae,Halomonas
asv2525,Bacteria,Bacteroidota,Bacteroidia,Cytophagales,Amoebophilaceae,NA
asv2526,Bacteria,Proteobacteria,Gammaproteobacteria,Pseudomonadales,Halieaceae,NA
asv2527,Bacteria,Acidobacteriota,Holophagae,Acanthopleuribacterales,Acanthopleuribacteraceae,Acanthopleuribacter
asv2528,Bacteria,Bacteroidota,Bacteroidia,Cytophagales,Cyclobacteriaceae,NA
asv2529,Bacteria,Proteobacteria,Gammaproteobacteria,Pseudomonadales,Pseudomonadaceae,NA
asv2530,Bacteria,Planctomycetota,Phycisphaerae,Phycisphaerales,Phycisphaeraceae,Algisphaera
asv2531,Bacteria,Proteobacteria,Alphaproteobacteria,Caulobacterales,Hyphomonadaceae,Henriciella
asv2532,Bacteria,Verrucomicrobiota,Verrucomicrobiae,Opitutales,Puniceicoccaceae,MB11C04 marine group
asv2533,Bacteria,Proteobacteria,Gammaproteobacteria,Pseudomonadales,Halieaceae,NA
asv2534,Bacteria,Proteobacteria,Gammaproteobacteria,Pseudomonadales,SAR86 clade,NA
asv2535,Bacteria,Proteobacteria,Alphaproteobacteria,Sphingomonadales,Sphingomonadaceae,Novosphingobium
asv2536,Bacteria,Bacteroidota,Bacteroidia,Flavobacteriales,Flavobacteriaceae,NS2b marine group
asv2537,Bacteria,Proteobacteria,Gammaproteobacteria,Pseudomonadales,SAR86 clade,NA
asv2538,Bacteria,Bdellovibrionota,Bdellovibrionia,Bacteriovoracales,Bacteriovoracaceae,Halobacteriovorax
asv2539,Bacteria,Proteobacteria,Alphaproteobacteria,Rhodospirillales,Thalassospiraceae,Thalassospira
asv2540,Bacteria,Planctomycetota,Phycisphaerae,Phycisphaerales,Phycisphaeraceae,SM1A02
asv2541,Bacteria,Proteobacteria,Gammaproteobacteria,Enterobacterales,Pseudoalteromonadaceae,Pseudoalteromonas
asv2542,Bacteria,Proteobacteria,Alphaproteobacteria,Rhodobacterales,Rhodobacteraceae,NA
asv2543,Bacteria,Proteobacteria,Alphaproteobacteria,Kiloniellales,Fodinicurvataceae,Fodinicurvata
asv2544,Bacteria,Proteobacteria,NA,NA,NA,NA
asv2545,Bacteria,Bacteroidota,Bacteroidia,Cytophagales,Cyclobacteriaceae,NA
asv2546,Bacteria,Proteobacteria,Alphaproteobacteria,Rhizobiales,Beijerinckiaceae,Salinarimonas
asv2547,Bacteria,Bdellovibrionota,Oligoflexia,Oligoflexales,Oligoflexaceae,NA
asv2548,Bacteria,NA,NA,NA,NA,NA
asv2549,Bacteria,Proteobacteria,Alphaproteobacteria,Kiloniellales,Kiloniellaceae,Pelagibius
asv2550,Bacteria,Verrucomicrobiota,Kiritimatiellae,WCHB1-41,NA,NA
asv2551,Bacteria,SAR324 clade(Marine group B),NA,NA,NA,NA
asv2552,Bacteria,Proteobacteria,Alphaproteobacteria,Rhodobacterales,Rhodobacteraceae,Citreicella
asv2553,Bacteria,Firmicutes,Bacilli,Brevibacillales,Brevibacillaceae,Brevibacillus
asv2554,Bacteria,Proteobacteria,Alphaproteobacteria,Sphingomonadales,Sphingomonadaceae,Sphingomonas
asv2555,Bacteria,Campylobacterota,Campylobacteria,Campylobacterales,Arcobacteraceae,Malaciobacter
asv2556,Bacteria,Proteobacteria,Gammaproteobacteria,Gammaproteobacteria Incertae Sedis,Unknown Family,NA
asv2557,Bacteria,Proteobacteria,Gammaproteobacteria,Enterobacterales,Colwelliaceae,Thalassotalea
asv2558,Bacteria,Proteobacteria,Alphaproteobacteria,Rhodobacterales,Rhodobacteraceae,Nioella
asv2559,Bacteria,Proteobacteria,Gammaproteobacteria,Burkholderiales,Chromobacteriaceae,Vogesella
asv2560,Bacteria,Firmicutes,Negativicutes,Veillonellales-Selenomonadales,Veillonellaceae,Veillonella
asv2561,Bacteria,Verrucomicrobiota,Verrucomicrobiae,Opitutales,Opitutaceae,Diplosphaera
asv2562,Bacteria,Proteobacteria,Gammaproteobacteria,Pseudomonadales,Nitrincolaceae,NA
asv2563,Bacteria,Bacteroidota,Bacteroidia,Flavobacteriales,Flavobacteriaceae,Winogradskyella
asv2564,Bacteria,WPS-2,NA,NA,NA,NA
asv2565,Bacteria,Proteobacteria,Gammaproteobacteria,Pseudomonadales,Alcanivoracaceae,Ketobacter
asv2566,Bacteria,Proteobacteria,Alphaproteobacteria,Rhizobiales,Rhizobiaceae,Pseudahrensia
asv2567,Bacteria,Proteobacteria,Gammaproteobacteria,Enterobacterales,Pseudoalteromonadaceae,Pseudoalteromonas
asv2568,Bacteria,Proteobacteria,Gammaproteobacteria,HOC36,NA,NA
asv2569,Bacteria,Firmicutes,Clostridia,Peptostreptococcales-Tissierellales,Anaerovoracaceae,NA
asv2570,Bacteria,Proteobacteria,Alphaproteobacteria,Micavibrionales,Micavibrionaceae,NA
asv2571,Bacteria,Proteobacteria,Gammaproteobacteria,Pseudomonadales,SAR86 clade,NA
asv2572,Bacteria,Proteobacteria,Alphaproteobacteria,Rhizobiales,Xanthobacteraceae,Bradyrhizobium
asv2573,Bacteria,Proteobacteria,Alphaproteobacteria,Rickettsiales,Rickettsiaceae,Candidatus Cryptoprodotis
asv2574,Bacteria,Chloroflexi,Anaerolineae,Caldilineales,Caldilineaceae,NA
asv2575,Bacteria,Bacteroidota,Bacteroidia,Cytophagales,Cyclobacteriaceae,NA
asv2576,Bacteria,Bacteroidota,Bacteroidia,Flavobacteriales,Flavobacteriaceae,NS5 marine group
asv2577,Bacteria,Proteobacteria,Gammaproteobacteria,Steroidobacterales,Woeseiaceae,Woeseia
asv2578,Bacteria,Proteobacteria,Gammaproteobacteria,Thiohalorhabdales,Thiohalorhabdaceae,NA
asv2579,Bacteria,Proteobacteria,Gammaproteobacteria,Pseudomonadales,Halomonadaceae,Halomonas
asv2580,Bacteria,Bacteroidota,Bacteroidia,Flavobacteriales,Flavobacteriaceae,NS5 marine group
asv2581,Bacteria,Proteobacteria,Gammaproteobacteria,Pseudomonadales,Halomonadaceae,Chromohalobacter
asv2582,Bacteria,Firmicutes,Clostridia,Peptostreptococcales-Tissierellales,Family XI,Peptoniphilus
asv2583,Bacteria,Campylobacterota,Campylobacteria,Campylobacterales,Arcobacteraceae,Malaciobacter
asv2584,Bacteria,Proteobacteria,Alphaproteobacteria,Sphingomonadales,Sphingomonadaceae,Sphingomonas
asv2585,Bacteria,Proteobacteria,Alphaproteobacteria,Micavibrionales,Micavibrionaceae,NA
asv2586,Bacteria,NB1-j,NA,NA,NA,NA
asv2587,Bacteria,Planctomycetota,OM190,NA,NA,NA
asv2588,Bacteria,Proteobacteria,Alphaproteobacteria,Caulobacterales,Hyphomonadaceae,Maricaulis
asv2589,Bacteria,Proteobacteria,Gammaproteobacteria,Pseudomonadales,Saccharospirillaceae,Oleibacter
asv2590,Bacteria,Proteobacteria,Gammaproteobacteria,Pseudomonadales,Pseudomonadaceae,NA
asv2591,Bacteria,Bacteroidota,Bacteroidia,Cytophagales,Cyclobacteriaceae,Fulvivirga
asv2592,Bacteria,Bacteroidota,Bacteroidia,Flavobacteriales,Flavobacteriaceae,Formosa
asv2593,Bacteria,Proteobacteria,Gammaproteobacteria,Enterobacterales,Pseudoalteromonadaceae,Pseudoalteromonas
asv2594,Bacteria,Bacteroidota,Bacteroidia,Cytophagales,Cyclobacteriaceae,NA
asv2595,Bacteria,Proteobacteria,Gammaproteobacteria,Diplorickettsiales,Diplorickettsiaceae,NA
asv2596,Bacteria,Proteobacteria,Gammaproteobacteria,Diplorickettsiales,Diplorickettsiaceae,NA
asv2597,Bacteria,Bacteroidota,Bacteroidia,Flavobacteriales,Flavobacteriaceae,NA
asv2598,Bacteria,Proteobacteria,Alphaproteobacteria,Rickettsiales,Rickettsiaceae,NA
asv2599,Bacteria,Verrucomicrobiota,Verrucomicrobiae,Verrucomicrobiales,Rubritaleaceae,Haloferula
asv2600,Bacteria,Planctomycetota,Planctomycetes,Pirellulales,Pirellulaceae,Blastopirellula
asv2601,Bacteria,Planctomycetota,Planctomycetes,Planctomycetales,Rubinisphaeraceae,NA
asv2602,Bacteria,Proteobacteria,Alphaproteobacteria,Rhodospirillales,Rhodospirillaceae,Roseospirillum
asv2603,Bacteria,Proteobacteria,Alphaproteobacteria,Rhodobacterales,Rhodobacteraceae,Thioclava
asv2604,Bacteria,Proteobacteria,Gammaproteobacteria,Enterobacterales,Pasteurellaceae,Haemophilus
asv2605,Bacteria,Bacteroidota,Bacteroidia,Chitinophagales,Saprospiraceae,NA
asv2606,Bacteria,Bacteroidota,Bacteroidia,Cytophagales,Cyclobacteriaceae,Reichenbachiella
asv2607,Bacteria,Acidobacteriota,Holophagae,Acanthopleuribacterales,Acanthopleuribacteraceae,Acanthopleuribacter
asv2608,Bacteria,Proteobacteria,Gammaproteobacteria,Pseudomonadales,Cellvibrionaceae,NA
asv2609,Bacteria,Bacteroidota,Bacteroidia,Flavobacteriales,Flavobacteriaceae,Muricauda
asv2610,Bacteria,Proteobacteria,Gammaproteobacteria,Enterobacterales,Pseudoalteromonadaceae,Pseudoalteromonas
asv2611,Bacteria,NB1-j,NA,NA,NA,NA
asv2612,Bacteria,Verrucomicrobiota,Omnitrophia,Omnitrophales,Omnitrophaceae,Candidatus Omnitrophus
asv2613,Bacteria,Proteobacteria,Gammaproteobacteria,NA,NA,NA
asv2614,Bacteria,Planctomycetota,Planctomycetes,Planctomycetales,Gimesiaceae,Gimesia
asv2615,Bacteria,Proteobacteria,Alphaproteobacteria,Tistrellales,Geminicoccaceae,NA
asv2616,Bacteria,Myxococcota,Polyangia,Polyangiales,BIrii41,NA
asv2617,Bacteria,Bdellovibrionota,Bdellovibrionia,Bacteriovoracales,Bacteriovoracaceae,Peredibacter
asv2618,Bacteria,Verrucomicrobiota,Verrucomicrobiae,Opitutales,Puniceicoccaceae,Coraliomargarita
asv2619,Bacteria,Planctomycetota,Phycisphaerae,Phycisphaerales,Phycisphaeraceae,CL500-3
asv2620,Bacteria,Proteobacteria,Gammaproteobacteria,NA,NA,NA
asv2621,Bacteria,Proteobacteria,Gammaproteobacteria,Pseudomonadales,Marinobacteraceae,Marinobacter
asv2622,Bacteria,Proteobacteria,Gammaproteobacteria,Pseudomonadales,Pseudomonadaceae,Pseudomonas
asv2623,Bacteria,Proteobacteria,Alphaproteobacteria,Rhizobiales,Rhizobiaceae,Aurantimonas
asv2624,Bacteria,Planctomycetota,Planctomycetes,Pirellulales,Pirellulaceae,Pirellula
asv2625,Bacteria,Proteobacteria,Alphaproteobacteria,Kiloniellales,Kiloniellaceae,Pelagibius
asv2626,Bacteria,Proteobacteria,Alphaproteobacteria,Caulobacterales,Caulobacteraceae,NA
asv2627,Bacteria,Planctomycetota,Phycisphaerae,Phycisphaerales,Phycisphaeraceae,CL500-3
asv2628,Bacteria,Planctomycetota,Planctomycetes,Pirellulales,Pirellulaceae,Blastopirellula
asv2629,Bacteria,Spirochaetota,Leptospirae,Leptospirales,Leptospiraceae,NA
asv2630,Bacteria,Proteobacteria,Gammaproteobacteria,Pseudomonadales,Halieaceae,NA
asv2631,Bacteria,Myxococcota,Polyangia,Polyangiales,Eel-36e1D6,NA
asv2632,Bacteria,Planctomycetota,Planctomycetes,Pirellulales,Pirellulaceae,Pirellula
asv2633,Bacteria,Proteobacteria,Gammaproteobacteria,Enterobacterales,Pseudoalteromonadaceae,Pseudoalteromonas
asv2634,Bacteria,Proteobacteria,Gammaproteobacteria,Enterobacterales,Pseudoalteromonadaceae,Pseudoalteromonas
asv2635,Bacteria,Bdellovibrionota,Oligoflexia,Oligoflexales,Oligoflexaceae,NA
asv2636,Bacteria,Proteobacteria,Gammaproteobacteria,Pseudomonadales,Marinomonadaceae,Marinomonas
asv2637,Bacteria,Proteobacteria,Alphaproteobacteria,Rhizobiales,Beijerinckiaceae,Methylobacterium-Methylorubrum
asv2638,Bacteria,Proteobacteria,Alphaproteobacteria,Rhodospirillales,Thalassospiraceae,Thalassospira
asv2639,Bacteria,Planctomycetota,Planctomycetes,Pirellulales,Pirellulaceae,Rhodopirellula
asv2640,Bacteria,Proteobacteria,Gammaproteobacteria,Burkholderiales,MWH-UniP1 aquatic group,NA
asv2641,Bacteria,Proteobacteria,Alphaproteobacteria,Caulobacterales,Hyphomonadaceae,Henriciella
asv2642,Bacteria,Proteobacteria,Alphaproteobacteria,Rhizobiales,Xanthobacteraceae,Bradyrhizobium
asv2643,Bacteria,Acidobacteriota,Acidobacteriae,PAUC26f,NA,NA
asv2644,Bacteria,Proteobacteria,Gammaproteobacteria,Enterobacterales,Pseudoalteromonadaceae,Pseudoalteromonas
asv2645,Bacteria,Proteobacteria,Gammaproteobacteria,Pseudomonadales,Halieaceae,OM60(NOR5) clade
asv2646,Bacteria,Verrucomicrobiota,Lentisphaeria,Lentisphaerales,Lentisphaeraceae,Lentisphaera
asv2647,Bacteria,Proteobacteria,Gammaproteobacteria,Pseudomonadales,NA,NA
asv2648,Bacteria,Proteobacteria,Alphaproteobacteria,Rhodospirillales,Magnetospiraceae,NA
asv2649,Bacteria,Actinobacteriota,Actinobacteria,Micrococcales,Dermacoccaceae,Flexivirga
asv2650,Bacteria,Proteobacteria,Gammaproteobacteria,UBA10353 marine group,NA,NA
asv2651,Bacteria,Proteobacteria,Gammaproteobacteria,Pseudomonadales,Halomonadaceae,Salinicola
asv2652,Bacteria,Planctomycetota,Planctomycetes,Pirellulales,Pirellulaceae,NA
asv2653,Bacteria,Proteobacteria,Gammaproteobacteria,Pseudomonadales,Nitrincolaceae,Marinobacterium
asv2654,Bacteria,Proteobacteria,Alphaproteobacteria,Sneathiellales,Sneathiellaceae,Sneathiella
asv2655,Bacteria,Planctomycetota,Phycisphaerae,Phycisphaerales,Phycisphaeraceae,SM1A02
asv2656,Bacteria,Proteobacteria,Gammaproteobacteria,Pseudomonadales,Marinobacteraceae,Marinobacter
asv2657,Bacteria,Planctomycetota,Phycisphaerae,Phycisphaerales,Phycisphaeraceae,FS140-16B-02 marine group
asv2658,Bacteria,Cyanobacteria,Cyanobacteriia,Phormidesmiales,Nodosilineaceae,NA
asv2659,Bacteria,Proteobacteria,Alphaproteobacteria,Rhodobacterales,Rhodobacteraceae,Actibacterium
asv2660,Bacteria,Proteobacteria,Alphaproteobacteria,Sphingomonadales,Sphingomonadaceae,Erythrobacter
asv2661,Bacteria,NA,NA,NA,NA,NA
asv2662,Bacteria,Proteobacteria,Gammaproteobacteria,Pseudomonadales,Halomonadaceae,Salinicola
asv2663,Bacteria,Desulfobacterota,NA,NA,NA,NA
asv2664,Bacteria,Planctomycetota,Planctomycetes,Planctomycetales,Rubinisphaeraceae,Planctomicrobium
asv2665,Bacteria,Bacteroidota,Bacteroidia,Chitinophagales,Saprospiraceae,NA
asv2666,Bacteria,Bacteroidota,Bacteroidia,Chitinophagales,Saprospiraceae,Aureispira
asv2667,Bacteria,Bacteroidota,Bacteroidia,Flavobacteriales,Flavobacteriaceae,NS5 marine group
asv2668,Bacteria,Proteobacteria,Gammaproteobacteria,Nitrosococcales,Nitrosococcaceae,Cm1-21
asv2669,Bacteria,Proteobacteria,Alphaproteobacteria,Kordiimonadales,Kordiimonadaceae,Kordiimonas
asv2670,Bacteria,Bdellovibrionota,Bdellovibrionia,Bdellovibrionales,Bdellovibrionaceae,Bdellovibrio
asv2671,Bacteria,Firmicutes,Bacilli,Staphylococcales,Staphylococcaceae,Staphylococcus
asv2672,Bacteria,Proteobacteria,Gammaproteobacteria,Pseudomonadales,Oceanospirillaceae,Oceanospirillum
asv2673,Bacteria,Planctomycetota,Planctomycetes,Pirellulales,Pirellulaceae,NA
asv2674,Bacteria,Actinobacteriota,Actinobacteria,Corynebacteriales,Mycobacteriaceae,Mycobacterium
asv2675,Bacteria,Firmicutes,Bacilli,Bacillales,Bacillaceae,Salimicrobium
asv2676,Bacteria,Patescibacteria,Microgenomatia,Candidatus Chisholmbacteria,NA,NA
asv2677,Bacteria,Proteobacteria,Gammaproteobacteria,Pseudomonadales,NA,NA
asv2678,Bacteria,Bacteroidota,Bacteroidia,Chitinophagales,Chitinophagaceae,Sediminibacterium
asv2679,Bacteria,Proteobacteria,Gammaproteobacteria,Burkholderiales,Burkholderiaceae,Burkholderia-Caballeronia-Paraburkholderia
asv2680,Bacteria,Desulfobacterota,Desulfuromonadia,PB19,NA,NA
asv2681,Bacteria,Chloroflexi,Anaerolineae,SBR1031,A4b,NA
asv2682,Bacteria,Proteobacteria,Alphaproteobacteria,Rhizobiales,Rhizobiaceae,NA
asv2683,Bacteria,Bdellovibrionota,Bdellovibrionia,Bdellovibrionales,Bdellovibrionaceae,Bdellovibrio
asv2684,Bacteria,Proteobacteria,Alphaproteobacteria,Sphingomonadales,Sphingomonadaceae,Erythrobacter
asv2685,Bacteria,Bacteroidota,Bacteroidia,Flavobacteriales,Flavobacteriaceae,Nonlabens
asv2686,Bacteria,Proteobacteria,Gammaproteobacteria,Francisellales,Francisellaceae,[Caedibacter] taeniospiralis group
asv2687,Bacteria,Proteobacteria,Alphaproteobacteria,Rickettsiales,S25-593,NA
asv2688,Bacteria,Bacteroidota,Bacteroidia,Flavobacteriales,Flavobacteriaceae,NS2b marine group
asv2689,Bacteria,Proteobacteria,Alphaproteobacteria,Rhizobiales,Xanthobacteraceae,Afipia
asv2690,Bacteria,Bacteroidota,Rhodothermia,Balneolales,Balneolaceae,Balneola
asv2691,Bacteria,Cyanobacteria,Cyanobacteriia,Synechococcales,Cyanobiaceae,Cyanobium PCC-6307
asv2692,Bacteria,Actinobacteriota,Acidimicrobiia,Actinomarinales,Actinomarinaceae,Candidatus Actinomarina
asv2693,Bacteria,Proteobacteria,Gammaproteobacteria,Pseudomonadales,Halieaceae,Pseudohaliea
asv2694,Bacteria,Proteobacteria,Alphaproteobacteria,NA,NA,NA
asv2695,Bacteria,Bdellovibrionota,Bdellovibrionia,Bacteriovoracales,Bacteriovoracaceae,Peredibacter
asv2696,Bacteria,Proteobacteria,Alphaproteobacteria,Rhodobacterales,Rhodobacteraceae,NA
asv2697,Bacteria,Proteobacteria,Gammaproteobacteria,Pseudomonadales,SAR86 clade,NA
asv2698,Bacteria,Proteobacteria,Gammaproteobacteria,Burkholderiales,Methylophilaceae,OM43 clade
asv2699,Bacteria,Proteobacteria,Alphaproteobacteria,Parvibaculales,PS1 clade,NA
asv2700,Bacteria,Planctomycetota,Planctomycetes,Pirellulales,Pirellulaceae,NA
asv2701,Bacteria,Proteobacteria,Gammaproteobacteria,Pseudomonadales,Halieaceae,Parahaliea
asv2702,Bacteria,Proteobacteria,Gammaproteobacteria,Pseudomonadales,SAR86 clade,NA
asv2703,Bacteria,Proteobacteria,Alphaproteobacteria,SAR11 clade,Clade I,Clade Ia
asv2704,Bacteria,Planctomycetota,Planctomycetes,Planctomycetales,Rubinisphaeraceae,SH-PL14
asv2705,Bacteria,Bacteroidota,Bacteroidia,Chitinophagales,Saprospiraceae,Aureispira
asv2706,Bacteria,Proteobacteria,Gammaproteobacteria,Enterobacterales,Vibrionaceae,Catenococcus
asv2707,Bacteria,Bacteroidota,Bacteroidia,Cytophagales,Cytophagaceae,Cytophaga
asv2708,Bacteria,Proteobacteria,Gammaproteobacteria,Pseudomonadales,KI89A clade,NA
asv2709,Bacteria,Proteobacteria,Alphaproteobacteria,Rhodobacterales,Rhodobacteraceae,NA
asv2710,Bacteria,Proteobacteria,Gammaproteobacteria,Coxiellales,Coxiellaceae,Coxiella
asv2711,Bacteria,Proteobacteria,Gammaproteobacteria,Burkholderiales,Chromobacteriaceae,Vogesella
asv2712,Bacteria,Proteobacteria,Gammaproteobacteria,Pseudomonadales,SAR86 clade,NA
asv2713,Bacteria,Planctomycetota,Planctomycetes,Pirellulales,Pirellulaceae,NA
asv2714,Bacteria,Proteobacteria,Alphaproteobacteria,Rhizobiales,Hyphomicrobiaceae,Pedomicrobium
asv2715,Bacteria,Fusobacteriota,Fusobacteriia,Fusobacteriales,Leptotrichiaceae,Sneathia
asv2716,Bacteria,Nitrospinota,P9X2b3D02,NA,NA,NA
asv2717,Bacteria,Proteobacteria,Gammaproteobacteria,Pseudomonadales,Nitrincolaceae,Neptunomonas
asv2718,Bacteria,Proteobacteria,Alphaproteobacteria,Puniceispirillales,SAR116 clade,NA
asv2719,Bacteria,Proteobacteria,Gammaproteobacteria,Steroidobacterales,Woeseiaceae,Woeseia
asv2720,Bacteria,Bacteroidota,Bacteroidia,Flavobacteriales,Flavobacteriaceae,NA
asv2721,Bacteria,Proteobacteria,Alphaproteobacteria,Micavibrionales,Micavibrionaceae,NA
asv2722,Bacteria,Proteobacteria,Alphaproteobacteria,Kiloniellales,Kiloniellaceae,Tistlia
asv2723,Bacteria,Bacteroidota,Bacteroidia,Flavobacteriales,Flavobacteriaceae,Kordia
asv2724,Bacteria,Proteobacteria,Gammaproteobacteria,Ga0077536,NA,NA
asv2725,Bacteria,Proteobacteria,Alphaproteobacteria,Micavibrionales,Micavibrionaceae,NA
asv2726,Bacteria,Proteobacteria,Alphaproteobacteria,Rhizobiales,Methyloligellaceae,NA
asv2727,Bacteria,Proteobacteria,Alphaproteobacteria,Puniceispirillales,SAR116 clade,NA
asv2728,Bacteria,Proteobacteria,Gammaproteobacteria,Pseudomonadales,SAR86 clade,NA
asv2729,Bacteria,Bacteroidota,Bacteroidia,Chitinophagales,NA,NA
asv2730,Bacteria,Acidobacteriota,Vicinamibacteria,Subgroup 17,NA,NA
asv2731,Bacteria,Bdellovibrionota,Bdellovibrionia,Bacteriovoracales,Bacteriovoracaceae,Peredibacter
asv2732,Bacteria,Planctomycetota,Planctomycetes,Pirellulales,Pirellulaceae,NA
asv2733,Bacteria,Proteobacteria,Gammaproteobacteria,Burkholderiales,Comamonadaceae,NA
asv2734,Bacteria,Proteobacteria,Alphaproteobacteria,Holosporales,Holosporaceae,NA
asv2735,Bacteria,Myxococcota,Polyangia,Polyangiales,Sandaracinaceae,NA
asv2736,Bacteria,Acidobacteriota,Thermoanaerobaculia,Thermoanaerobaculales,Thermoanaerobaculaceae,Subgroup 10
asv2737,Bacteria,Bacteroidota,Bacteroidia,Chitinophagales,Saprospiraceae,NA
asv2738,Bacteria,Planctomycetota,Planctomycetes,Pirellulales,Pirellulaceae,Blastopirellula
asv2739,Bacteria,Actinobacteriota,Acidimicrobiia,Actinomarinales,NA,NA
asv2740,Bacteria,Bacteroidota,Rhodothermia,Rhodothermales,Rhodothermaceae,NA
asv2741,Bacteria,Proteobacteria,Alphaproteobacteria,NA,NA,NA
asv2742,Bacteria,Bacteroidota,Bacteroidia,Flavobacteriales,NS9 marine group,NA
asv2743,Bacteria,Proteobacteria,Alphaproteobacteria,Rhodobacterales,Rhodobacteraceae,NA
asv2744,Bacteria,Proteobacteria,Alphaproteobacteria,NA,NA,NA
asv2745,Bacteria,Proteobacteria,Alphaproteobacteria,Rickettsiales,NA,NA
asv2746,Bacteria,Cyanobacteria,Cyanobacteriia,Phormidesmiales,Nodosilineaceae,NA
asv2747,Bacteria,Planctomycetota,Phycisphaerae,Phycisphaerales,Phycisphaeraceae,SM1A02
asv2748,Bacteria,Proteobacteria,Gammaproteobacteria,NA,NA,NA
asv2749,Bacteria,Desulfobacterota,Desulfuromonadia,Bradymonadales,NA,NA
asv2750,Bacteria,Proteobacteria,Alphaproteobacteria,Rhizobiales,NA,NA
asv2751,Bacteria,Planctomycetota,Phycisphaerae,Phycisphaerales,Phycisphaeraceae,CL500-3
asv2752,Bacteria,Acidobacteriota,Thermoanaerobaculia,Thermoanaerobaculales,Thermoanaerobaculaceae,Subgroup 10
asv2753,Bacteria,Planctomycetota,Planctomycetes,Planctomycetales,Rubinisphaeraceae,NA
asv2754,Bacteria,NB1-j,NA,NA,NA,NA
asv2755,Bacteria,Bacteroidota,Bacteroidia,Chitinophagales,NA,NA
asv2756,Bacteria,Proteobacteria,Gammaproteobacteria,Pseudomonadales,Marinomonadaceae,Marinomonas
asv2757,Bacteria,Bacteroidota,Bacteroidia,Flavobacteriales,Weeksellaceae,Chryseobacterium
asv2758,Bacteria,Proteobacteria,Gammaproteobacteria,NA,NA,NA
asv2759,Bacteria,Firmicutes,Bacilli,Lactobacillales,Streptococcaceae,Streptococcus
asv2760,Bacteria,Proteobacteria,Gammaproteobacteria,Burkholderiales,Comamonadaceae,NA
asv2761,Bacteria,Chloroflexi,Anaerolineae,Caldilineales,Caldilineaceae,NA
asv2762,Bacteria,Proteobacteria,Gammaproteobacteria,Enterobacterales,Alteromonadaceae,NA
asv2763,Bacteria,Proteobacteria,Gammaproteobacteria,Gammaproteobacteria Incertae Sedis,Unknown Family,Acidibacter
asv2764,Bacteria,Campylobacterota,Campylobacteria,Campylobacterales,Sulfurovaceae,Sulfurovum
asv2765,Bacteria,Bacteroidota,Bacteroidia,Cytophagales,Cyclobacteriaceae,Marinoscillum
asv2766,Bacteria,Bacteroidota,Bacteroidia,Flavobacteriales,NS9 marine group,NA
asv2767,Bacteria,Myxococcota,Myxococcia,Myxococcales,Myxococcaceae,P3OB-42
asv2768,Bacteria,Cyanobacteria,Cyanobacteriia,Synechococcales,Cyanobiaceae,Cyanobium PCC-6307
asv2769,Bacteria,Bacteroidota,Bacteroidia,Flavobacteriales,Flavobacteriaceae,Wenyingzhuangia
asv2770,Bacteria,Proteobacteria,Alphaproteobacteria,Caulobacterales,Caulobacteraceae,Brevundimonas
asv2771,Bacteria,Cyanobacteria,Cyanobacteriia,Cyanobacteriales,Nostocaceae,Mastigocoleus BC008
asv2772,Bacteria,Proteobacteria,Alphaproteobacteria,Rhodospirillales,Thalassospiraceae,Thalassospira
asv2773,Bacteria,Proteobacteria,Gammaproteobacteria,Burkholderiales,Comamonadaceae,Kinneretia
asv2774,Bacteria,Proteobacteria,Gammaproteobacteria,Pseudomonadales,SAR86 clade,NA
asv2775,Bacteria,Proteobacteria,Gammaproteobacteria,Enterobacterales,Alteromonadaceae,Gayadomonas
asv2776,Bacteria,Gemmatimonadota,BD2-11 terrestrial group,NA,NA,NA
asv2777,Bacteria,Cyanobacteria,Cyanobacteriia,Cyanobacteriales,Cyanobacteriaceae,Symphothece PCC-7002
asv2778,Bacteria,Proteobacteria,Gammaproteobacteria,Francisellales,Francisellaceae,Francisella
asv2779,Bacteria,Proteobacteria,Gammaproteobacteria,Enterobacterales,Alteromonadaceae,Salinimonas
asv2780,Bacteria,Proteobacteria,Gammaproteobacteria,Pseudomonadales,SAR86 clade,NA
asv2781,Bacteria,Actinobacteriota,Actinobacteria,Micrococcales,Micrococcaceae,Kocuria
asv2782,Bacteria,Proteobacteria,Gammaproteobacteria,Pseudomonadales,Porticoccaceae,C1-B045
asv2783,Bacteria,Proteobacteria,Alphaproteobacteria,NA,NA,NA
asv2784,Bacteria,Proteobacteria,Gammaproteobacteria,Francisellales,Francisellaceae,[Caedibacter] taeniospiralis group
asv2785,Bacteria,Proteobacteria,Alphaproteobacteria,Sphingomonadales,Sphingomonadaceae,Sphingobium
asv2786,Bacteria,Proteobacteria,Gammaproteobacteria,Coxiellales,Coxiellaceae,Coxiella
asv2787,Bacteria,Proteobacteria,Alphaproteobacteria,SAR11 clade,Clade IV,NA
asv2788,Bacteria,Proteobacteria,Gammaproteobacteria,Pseudomonadales,Oceanospirillaceae,Oceanospirillum
asv2789,Bacteria,Cyanobacteria,Cyanobacteriia,Synechococcales,Cyanobiaceae,Synechococcus CC9902
asv2790,Bacteria,Proteobacteria,Gammaproteobacteria,Pseudomonadales,Spongiibacteraceae,BD1-7 clade
asv2791,Bacteria,Bacteroidota,Bacteroidia,Cytophagales,Flammeovirgaceae,NA
asv2792,Bacteria,Proteobacteria,Gammaproteobacteria,Francisellales,Francisellaceae,Francisella
asv2793,Bacteria,Proteobacteria,Gammaproteobacteria,Salinisphaerales,Salinisphaeraceae,Salinisphaera
asv2794,Bacteria,Planctomycetota,Planctomycetes,Pirellulales,Pirellulaceae,Blastopirellula
asv2795,Bacteria,Proteobacteria,Gammaproteobacteria,Pseudomonadales,KI89A clade,NA
asv2796,Bacteria,Planctomycetota,Planctomycetes,Pirellulales,Pirellulaceae,Rhodopirellula
asv2797,Bacteria,Planctomycetota,Pla4 lineage,NA,NA,NA
asv2798,Bacteria,Bacteroidota,Bacteroidia,Flavobacteriales,NA,NA
asv2799,Bacteria,Proteobacteria,Gammaproteobacteria,Enterobacterales,Pseudoalteromonadaceae,Pseudoalteromonas
asv2800,Bacteria,Proteobacteria,Gammaproteobacteria,Pseudomonadales,Cellvibrionaceae,Agarilytica
asv2801,Bacteria,Planctomycetota,Planctomycetes,Pirellulales,Pirellulaceae,Blastopirellula
asv2802,Bacteria,Acidobacteriota,Subgroup 22,NA,NA,NA
asv2803,Bacteria,NB1-j,NA,NA,NA,NA
asv2804,Bacteria,Acidobacteriota,Thermoanaerobaculia,Thermoanaerobaculales,Thermoanaerobaculaceae,Subgroup 10
asv2805,Bacteria,Proteobacteria,Gammaproteobacteria,NA,NA,NA
asv2806,Bacteria,Actinobacteriota,Acidimicrobiia,Actinomarinales,NA,NA
asv2807,Bacteria,Planctomycetota,Planctomycetes,Pirellulales,Pirellulaceae,NA
asv2808,Bacteria,Proteobacteria,Gammaproteobacteria,Legionellales,Legionellaceae,NA
asv2809,Bacteria,Planctomycetota,Phycisphaerae,Phycisphaerales,Phycisphaeraceae,CL500-3
asv2810,Bacteria,Proteobacteria,Alphaproteobacteria,SAR11 clade,Clade II,NA
asv2811,Bacteria,Proteobacteria,Gammaproteobacteria,Enterobacterales,Alteromonadaceae,NA
asv2812,Bacteria,Bdellovibrionota,Bdellovibrionia,Bacteriovoracales,Bacteriovoracaceae,Peredibacter
asv2813,Bacteria,Proteobacteria,Gammaproteobacteria,Francisellales,Francisellaceae,Allofrancisella
asv2814,Bacteria,Proteobacteria,Alphaproteobacteria,Parvibaculales,Parvibaculaceae,Tepidicaulis
asv2815,Bacteria,Proteobacteria,Alphaproteobacteria,Rickettsiales,Rickettsiaceae,NA
asv2816,Bacteria,Proteobacteria,Alphaproteobacteria,Acetobacterales,Acetobacteraceae,Muricoccus
asv2817,Bacteria,Proteobacteria,Alphaproteobacteria,Reyranellales,Reyranellaceae,Reyranella
asv2818,Bacteria,Actinobacteriota,Acidimicrobiia,Microtrichales,Microtrichaceae,Sva0996 marine group
asv2819,Bacteria,Proteobacteria,Gammaproteobacteria,Pseudomonadales,Saccharospirillaceae,Oleibacter
asv2820,Bacteria,Proteobacteria,Alphaproteobacteria,Rhodospirillales,Terasakiellaceae,NA
asv2821,Bacteria,Planctomycetota,Planctomycetes,Pirellulales,Pirellulaceae,Rhodopirellula
asv2822,Bacteria,Firmicutes,Bacilli,Staphylococcales,Staphylococcaceae,Staphylococcus
asv2823,Bacteria,Cyanobacteria,Cyanobacteriia,Thermosynechococcales,Thermosynechococcaceae,Cyanothece PCC 7425
asv2824,Bacteria,Proteobacteria,Gammaproteobacteria,Coxiellales,Coxiellaceae,Coxiella
asv2825,Bacteria,Proteobacteria,Gammaproteobacteria,Enterobacterales,Alteromonadaceae,Catenovulum
asv2826,Bacteria,Proteobacteria,Gammaproteobacteria,NA,NA,NA
asv2827,Bacteria,Proteobacteria,Gammaproteobacteria,Pseudomonadales,SAR86 clade,NA
asv2828,Bacteria,Proteobacteria,Alphaproteobacteria,Parvibaculales,PS1 clade,NA
asv2829,Bacteria,Proteobacteria,Gammaproteobacteria,Coxiellales,Coxiellaceae,Coxiella
asv2830,Bacteria,Bacteroidota,Bacteroidia,Flavobacteriales,Flavobacteriaceae,Tenacibaculum
asv2831,Bacteria,Verrucomicrobiota,Lentisphaeria,Lentisphaerales,Lentisphaeraceae,Lentisphaera
asv2832,Bacteria,Proteobacteria,Alphaproteobacteria,Rhizobiales,Rhizobiales Incertae Sedis,Anderseniella
asv2833,Bacteria,Planctomycetota,Phycisphaerae,Phycisphaerales,Phycisphaeraceae,FS140-16B-02 marine group
asv2834,Bacteria,Acidobacteriota,Subgroup 5,NA,NA,NA
asv2835,Bacteria,Proteobacteria,Gammaproteobacteria,Pseudomonadales,Nitrincolaceae,Amphritea
asv2836,Bacteria,Proteobacteria,Gammaproteobacteria,Coxiellales,Coxiellaceae,Coxiella
asv2837,Bacteria,Firmicutes,Bacilli,Lactobacillales,Lactobacillaceae,Latilactobacillus
asv2838,Bacteria,Proteobacteria,Alphaproteobacteria,Rhodospirillales,Terasakiellaceae,NA
asv2839,Bacteria,Proteobacteria,Gammaproteobacteria,BD7-8,NA,NA
asv2840,Bacteria,Bacteroidota,Bacteroidia,Flavobacteriales,Flavobacteriaceae,NS4 marine group
asv2841,Bacteria,Cyanobacteria,Cyanobacteriia,Cyanobacteriales,Nostocaceae,Calothrix PCC-6303
asv2842,Bacteria,Gemmatimonadota,BD2-11 terrestrial group,NA,NA,NA
asv2843,Bacteria,Proteobacteria,Alphaproteobacteria,Rhizobiales,NA,NA
asv2844,Bacteria,Proteobacteria,Gammaproteobacteria,Enterobacterales,Alteromonadaceae,NA
asv2845,Bacteria,Bacteroidota,Bacteroidia,Chitinophagales,NA,NA
asv2846,Bacteria,NB1-j,NA,NA,NA,NA
asv2847,Bacteria,Bacteroidota,Bacteroidia,Flavobacteriales,NS9 marine group,NA
asv2848,Bacteria,Proteobacteria,Alphaproteobacteria,Rickettsiales,NA,NA
asv2849,Bacteria,Myxococcota,Polyangia,Polyangiales,Sandaracinaceae,NA
asv2850,Bacteria,Cyanobacteria,Cyanobacteriia,Thermosynechococcales,Acaryochloridaceae,Acaryochloris MBIC11017
asv2851,Bacteria,Patescibacteria,Gracilibacteria,Candidatus Peribacteria,NA,NA
asv2852,Bacteria,Verrucomicrobiota,Verrucomicrobiae,Pedosphaerales,Pedosphaeraceae,ADurb.Bin063-1
asv2853,Bacteria,Proteobacteria,Gammaproteobacteria,Enterobacterales,Vibrionaceae,NA
asv2854,Bacteria,Planctomycetota,Phycisphaerae,Phycisphaerales,Phycisphaeraceae,Urania-1B-19 marine sediment group
asv2855,Bacteria,Marinimicrobia (SAR406 clade),NA,NA,NA,NA
asv2856,Bacteria,Bdellovibrionota,Bdellovibrionia,Bacteriovoracales,Bacteriovoracaceae,Peredibacter
asv2857,Bacteria,Proteobacteria,Alphaproteobacteria,SAR11 clade,Clade I,Clade Ib
asv2858,Bacteria,Bdellovibrionota,Oligoflexia,Oligoflexales,Oligoflexaceae,Oligoflexus
asv2859,Bacteria,Bacteroidota,Bacteroidia,Flavobacteriales,Crocinitomicaceae,Salinirepens
asv2860,Bacteria,Proteobacteria,Gammaproteobacteria,Enterobacterales,Alteromonadaceae,Catenovulum
asv2861,Bacteria,Proteobacteria,Gammaproteobacteria,Pseudomonadales,Halieaceae,Pseudohaliea
asv2862,Bacteria,Proteobacteria,Alphaproteobacteria,Kiloniellales,NA,NA
asv2863,Bacteria,Planctomycetota,Planctomycetes,Pirellulales,Pirellulaceae,Rubripirellula
asv2864,Bacteria,Proteobacteria,Gammaproteobacteria,Enterobacterales,Pseudoalteromonadaceae,Pseudoalteromonas
asv2865,Bacteria,Proteobacteria,Gammaproteobacteria,Pseudomonadales,BD2-7,NA
asv2866,Bacteria,Proteobacteria,Alphaproteobacteria,Puniceispirillales,SAR116 clade,NA
asv2867,Bacteria,Proteobacteria,Alphaproteobacteria,Tistrellales,Geminicoccaceae,NA
asv2868,Bacteria,Proteobacteria,Gammaproteobacteria,SS1-B-07-19,NA,NA
asv2869,Bacteria,Bacteroidota,Bacteroidia,Flavobacteriales,Flavobacteriaceae,NS4 marine group
asv2870,Bacteria,Bacteroidota,Bacteroidia,Flavobacteriales,NS7 marine group,NA
asv2871,Bacteria,Acidobacteriota,Vicinamibacteria,Subgroup 9,NA,NA
asv2872,Bacteria,Cyanobacteria,Cyanobacteriia,Synechococcales,Cyanobiaceae,Cyanobium PCC-6307
asv2873,Bacteria,SAR324 clade(Marine group B),NA,NA,NA,NA
asv2874,Bacteria,Planctomycetota,Phycisphaerae,Phycisphaerales,Phycisphaeraceae,CL500-3
asv2875,Bacteria,Proteobacteria,Gammaproteobacteria,Burkholderiales,Comamonadaceae,Comamonas
asv2876,Bacteria,Bacteroidota,Bacteroidia,Flavobacteriales,Flavobacteriaceae,Frondibacter
asv2877,Bacteria,Verrucomicrobiota,Verrucomicrobiae,Verrucomicrobiales,Rubritaleaceae,Haloferula
asv2878,Bacteria,Proteobacteria,Alphaproteobacteria,Rhizobiales,Rhizobiales Incertae Sedis,Anderseniella
asv2879,Bacteria,Proteobacteria,Gammaproteobacteria,Diplorickettsiales,Diplorickettsiaceae,Aquicella
asv2880,Bacteria,Proteobacteria,Gammaproteobacteria,Enterobacterales,Alteromonadaceae,NA
asv2881,Bacteria,Marinimicrobia (SAR406 clade),NA,NA,NA,NA
asv2882,Bacteria,Proteobacteria,Alphaproteobacteria,SAR11 clade,Clade I,Clade Ib
asv2883,Bacteria,Cyanobacteria,Cyanobacteriia,Phormidesmiales,Nodosilineaceae,NA
asv2884,Bacteria,Proteobacteria,Gammaproteobacteria,Enterobacterales,Alteromonadaceae,Alishewanella
asv2885,Bacteria,Bacteroidota,Bacteroidia,Cytophagales,Cyclobacteriaceae,Ekhidna
asv2886,Bacteria,Planctomycetota,Planctomycetes,Pirellulales,Pirellulaceae,Blastopirellula
asv2887,Bacteria,Bacteroidota,Bacteroidia,Flavobacteriales,Flavobacteriaceae,Corallibacter
asv2888,Bacteria,Patescibacteria,Gracilibacteria,NA,NA,NA
asv2889,Bacteria,Planctomycetota,Phycisphaerae,Phycisphaerales,Phycisphaeraceae,NA
asv2890,Bacteria,Verrucomicrobiota,Lentisphaeria,Lentisphaerales,Lentisphaeraceae,Lentisphaera
asv2891,Bacteria,Proteobacteria,Alphaproteobacteria,Rhodospirillales,Terasakiellaceae,NA
asv2892,Bacteria,Bacteroidota,NA,NA,NA,NA
asv2893,Bacteria,Proteobacteria,Gammaproteobacteria,Pseudomonadales,Oceanospirillaceae,Oceanospirillum
asv2894,Bacteria,Firmicutes,Negativicutes,Veillonellales-Selenomonadales,Veillonellaceae,Veillonella
asv2895,Bacteria,Proteobacteria,Gammaproteobacteria,Enterobacterales,Colwelliaceae,Thalassotalea
asv2896,Bacteria,Proteobacteria,Gammaproteobacteria,NA,NA,NA
asv2897,Bacteria,Acidobacteriota,Subgroup 22,NA,NA,NA
asv2898,Bacteria,Proteobacteria,Gammaproteobacteria,Burkholderiales,Neisseriaceae,NA
asv2899,Bacteria,Proteobacteria,Gammaproteobacteria,NA,NA,NA
asv2900,Bacteria,Dependentiae,Babeliae,Babeliales,NA,NA
asv2901,Bacteria,Proteobacteria,Gammaproteobacteria,Coxiellales,Coxiellaceae,Coxiella
asv2902,Bacteria,Planctomycetota,Planctomycetes,Planctomycetales,Rubinisphaeraceae,Fuerstia
asv2903,Bacteria,Firmicutes,Bacilli,Acholeplasmatales,Acholeplasmataceae,Acholeplasma
asv2904,Bacteria,Proteobacteria,Alphaproteobacteria,Caulobacterales,Hyphomonadaceae,Hyphomonas
asv2905,Bacteria,Proteobacteria,Gammaproteobacteria,Pseudomonadales,Spongiibacteraceae,BD1-7 clade
asv2906,Bacteria,Proteobacteria,Alphaproteobacteria,Kiloniellales,Kiloniellaceae,Kiloniella
asv2907,Bacteria,Proteobacteria,Alphaproteobacteria,Rickettsiales,Fokiniaceae,MD3-55
asv2908,Bacteria,Bacteroidota,Bacteroidia,Flavobacteriales,Flavobacteriaceae,Tenacibaculum
asv2909,Bacteria,Proteobacteria,Alphaproteobacteria,Rhizobiales,Stappiaceae,NA
asv2910,Bacteria,Planctomycetota,Planctomycetes,Pirellulales,Pirellulaceae,Rhodopirellula
asv2911,Bacteria,Planctomycetota,Planctomycetes,Planctomycetales,NA,NA
asv2912,Bacteria,Planctomycetota,Planctomycetes,Planctomycetales,Gimesiaceae,Gimesia
asv2913,Bacteria,Bacteroidota,Bacteroidia,Flavobacteriales,Cryomorphaceae,Owenweeksia
asv2914,Bacteria,Bdellovibrionota,Bdellovibrionia,Bdellovibrionales,Bdellovibrionaceae,Bdellovibrio
asv2915,Bacteria,NA,NA,NA,NA,NA
asv2916,Bacteria,Spirochaetota,Spirochaetia,Spirochaetales,Spirochaetaceae,GWE2-31-10
asv2917,Bacteria,Proteobacteria,Alphaproteobacteria,Sphingomonadales,Sphingomonadaceae,Hephaestia
asv2918,Bacteria,Myxococcota,Myxococcia,Myxococcales,Myxococcaceae,P3OB-42
asv2919,Bacteria,Planctomycetota,Phycisphaerae,MSBL9,4572-13,NA
asv2920,Bacteria,Planctomycetota,Planctomycetes,Planctomycetales,Gimesiaceae,NA
asv2921,Bacteria,Actinobacteriota,Acidimicrobiia,Actinomarinales,NA,NA
asv2922,Bacteria,Proteobacteria,Alphaproteobacteria,Reyranellales,Reyranellaceae,Reyranella
asv2923,Bacteria,Proteobacteria,Gammaproteobacteria,Pseudomonadales,Porticoccaceae,Porticoccus
asv2924,Bacteria,Myxococcota,Polyangia,Polyangiales,Sandaracinaceae,Sandaracinus
asv2925,Bacteria,Bacteroidota,Bacteroidia,Flavobacteriales,Flavobacteriaceae,NA
asv2926,Bacteria,Bacteroidota,Bacteroidia,Flavobacteriales,Flavobacteriaceae,NS4 marine group
asv2927,Bacteria,Cyanobacteria,Cyanobacteriia,Cyanobacteriales,Chroococcidiopsaceae,NA
asv2928,Bacteria,Proteobacteria,Alphaproteobacteria,Sphingomonadales,Sphingomonadaceae,NA
asv2929,Bacteria,Planctomycetota,Planctomycetes,Pirellulales,Pirellulaceae,Blastopirellula
asv2930,Bacteria,Cyanobacteria,Cyanobacteriia,Phormidesmiales,Nodosilineaceae,MBIC10086
asv2931,Bacteria,Actinobacteriota,Acidimicrobiia,Actinomarinales,Actinomarinaceae,Candidatus Actinomarina
asv2932,Bacteria,Proteobacteria,Alphaproteobacteria,SAR11 clade,Clade I,Clade Ib
asv2933,Bacteria,Patescibacteria,Parcubacteria,Candidatus Kaiserbacteria,NA,NA
asv2934,Bacteria,Proteobacteria,Alphaproteobacteria,Rickettsiales,Rickettsiaceae,Candidatus Gigarickettsia
asv2935,Bacteria,Proteobacteria,Alphaproteobacteria,Rhodospirillales,Thalassospiraceae,Thalassospira
asv2936,Bacteria,Firmicutes,Bacilli,Brevibacillales,Brevibacillaceae,Brevibacillus
asv2937,Bacteria,Proteobacteria,Gammaproteobacteria,Burkholderiales,Comamonadaceae,NA
asv2938,Bacteria,Proteobacteria,Gammaproteobacteria,Pseudomonadales,SAR86 clade,NA
asv2939,Bacteria,Bdellovibrionota,Oligoflexia,Silvanigrellales,Silvanigrellaceae,NA
asv2940,Bacteria,Planctomycetota,Phycisphaerae,Phycisphaerales,Phycisphaeraceae,CL500-3
asv2941,Bacteria,Proteobacteria,Alphaproteobacteria,SAR11 clade,Clade I,Clade Ia
asv2942,Bacteria,Planctomycetota,Planctomycetes,Pirellulales,Pirellulaceae,Pir4 lineage
asv2943,Bacteria,Bacteroidota,Bacteroidia,Chitinophagales,Saprospiraceae,Lewinella
asv2944,Bacteria,Proteobacteria,Gammaproteobacteria,Coxiellales,Coxiellaceae,Coxiella
asv2945,Bacteria,Proteobacteria,Gammaproteobacteria,Enterobacterales,Alteromonadaceae,Rheinheimera
asv2946,Bacteria,Proteobacteria,Gammaproteobacteria,Pseudomonadales,Spongiibacteraceae,BD1-7 clade
asv2947,Bacteria,Planctomycetota,OM190,NA,NA,NA
asv2948,Bacteria,Bacteroidota,Bacteroidia,Flavobacteriales,Flavobacteriaceae,NS5 marine group
asv2949,Bacteria,Proteobacteria,Gammaproteobacteria,Pseudomonadales,Halomonadaceae,Salinicola
asv2950,Bacteria,Proteobacteria,Alphaproteobacteria,SAR11 clade,Clade III,NA
asv2951,Bacteria,Planctomycetota,Planctomycetes,Pirellulales,Pirellulaceae,NA
asv2952,Bacteria,Verrucomicrobiota,Verrucomicrobiae,Opitutales,Puniceicoccaceae,Pelagicoccus
asv2953,Bacteria,Proteobacteria,Alphaproteobacteria,Puniceispirillales,SAR116 clade,NA
asv2954,Bacteria,Actinobacteriota,Actinobacteria,Micrococcales,Micrococcaceae,Kocuria
asv2955,Bacteria,Proteobacteria,Gammaproteobacteria,Enterobacterales,NA,NA
asv2956,Bacteria,Actinobacteriota,Actinobacteria,Micrococcales,Brevibacteriaceae,Brevibacterium
asv2957,Bacteria,Proteobacteria,Gammaproteobacteria,Burkholderiales,Chromobacteriaceae,Vogesella
asv2958,Bacteria,Proteobacteria,Alphaproteobacteria,SAR11 clade,Clade II,NA
asv2959,Bacteria,Proteobacteria,Gammaproteobacteria,Coxiellales,Coxiellaceae,Coxiella
asv2960,Bacteria,Cyanobacteria,Cyanobacteriia,Synechococcales,Cyanobiaceae,Cyanobium PCC-6307
asv2961,Bacteria,Planctomycetota,028H05-P-BN-P5,NA,NA,NA
asv2962,Bacteria,Planctomycetota,Planctomycetes,Gemmatales,Gemmataceae,NA
asv2963,Bacteria,Proteobacteria,Alphaproteobacteria,Sphingomonadales,Sphingomonadaceae,Sphingomonas
asv2964,Bacteria,Cyanobacteria,Cyanobacteriia,Cyanobacteriales,Xenococcaceae,Pleurocapsa PCC-7319
asv2965,Bacteria,Bacteroidota,Bacteroidia,Flavobacteriales,Flavobacteriaceae,Aureisphaera
asv2966,Bacteria,Cyanobacteria,Cyanobacteriia,Synechococcales,Cyanobiaceae,Synechococcus CC9902
asv2967,Bacteria,Bacteroidota,Bacteroidia,Flavobacteriales,Flavobacteriaceae,Flavimarina
asv2968,Bacteria,Proteobacteria,Gammaproteobacteria,NA,NA,NA
asv2969,Bacteria,Proteobacteria,Alphaproteobacteria,Micavibrionales,Micavibrionaceae,NA
asv2970,Bacteria,Cyanobacteria,Sericytochromatia,NA,NA,NA
asv2971,Bacteria,Proteobacteria,Alphaproteobacteria,Rhizobiales,Beijerinckiaceae,Salinarimonas
asv2972,Bacteria,Proteobacteria,Alphaproteobacteria,Caulobacterales,Caulobacteraceae,Brevundimonas
asv2973,Bacteria,Proteobacteria,Gammaproteobacteria,Xanthomonadales,Xanthomonadaceae,Lysobacter
asv2974,Bacteria,Planctomycetota,Planctomycetes,Pirellulales,Pirellulaceae,Blastopirellula
asv2975,Bacteria,Proteobacteria,Alphaproteobacteria,Kordiimonadales,NA,NA
asv2976,Bacteria,Latescibacterota,NA,NA,NA,NA
asv2977,Bacteria,Proteobacteria,Gammaproteobacteria,Salinisphaerales,Salinisphaeraceae,Salinisphaera
asv2978,Bacteria,Deinococcota,Deinococci,Deinococcales,Trueperaceae,Truepera
asv2979,Bacteria,Bacteroidota,Bacteroidia,Flavobacteriales,NS9 marine group,NA
asv2980,Bacteria,Planctomycetota,Planctomycetes,Pirellulales,Pirellulaceae,Blastopirellula
asv2981,Bacteria,Bacteroidota,Bacteroidia,Flavobacteriales,Crocinitomicaceae,Fluviicola
asv2982,Bacteria,Proteobacteria,Gammaproteobacteria,Ectothiorhodospirales,Ectothiorhodospiraceae,Thiogranum
asv2983,Bacteria,Proteobacteria,Gammaproteobacteria,Pseudomonadales,SAR86 clade,NA
asv2984,Bacteria,Planctomycetota,Pla3 lineage,NA,NA,NA
asv2985,Bacteria,Proteobacteria,Gammaproteobacteria,Coxiellales,Coxiellaceae,Coxiella
asv2986,Bacteria,Proteobacteria,Gammaproteobacteria,Gammaproteobacteria Incertae Sedis,Unknown Family,Acidibacter
asv2987,Bacteria,NA,NA,NA,NA,NA
asv2988,Bacteria,Proteobacteria,Gammaproteobacteria,Enterobacterales,Pseudoalteromonadaceae,Pseudoalteromonas
asv2989,Bacteria,Proteobacteria,Alphaproteobacteria,Caulobacterales,Parvularculaceae,NA
asv2990,Bacteria,Firmicutes,Bacilli,Bacillales,Planococcaceae,NA
asv2991,Bacteria,Proteobacteria,Gammaproteobacteria,Francisellales,Francisellaceae,NA
asv2992,Bacteria,Bacteroidota,Bacteroidia,Bacteroidales,Prolixibacteraceae,Roseimarinus
asv2993,Bacteria,Bdellovibrionota,Oligoflexia,0319-6G20,NA,NA
asv2994,Bacteria,Proteobacteria,Gammaproteobacteria,Pseudomonadales,Halieaceae,OM60(NOR5) clade
asv2995,Bacteria,Proteobacteria,Alphaproteobacteria,Rhodospirillales,Magnetospiraceae,NA
asv2996,Bacteria,Bacteroidota,Bacteroidia,Flavobacteriales,Flavobacteriaceae,Aquimarina
asv2997,Bacteria,Proteobacteria,Gammaproteobacteria,Steroidobacterales,Woeseiaceae,Woeseia
asv2998,Bacteria,Proteobacteria,Gammaproteobacteria,Pseudomonadales,Halieaceae,OM60(NOR5) clade
asv2999,Bacteria,Bacteroidota,Bacteroidia,Flavobacteriales,Flavobacteriaceae,Aquimarina
asv3000,Bacteria,Proteobacteria,Gammaproteobacteria,Burkholderiales,Nitrosomonadaceae,IS-44
asv3001,Bacteria,NA,NA,NA,NA,NA
asv3002,Bacteria,Proteobacteria,Alphaproteobacteria,Rhizobiales,Rhizobiaceae,NA
asv3003,Bacteria,Proteobacteria,Alphaproteobacteria,Rickettsiales,Rickettsiaceae,Candidatus Gigarickettsia
asv3004,Bacteria,Cyanobacteria,Cyanobacteriia,NA,NA,NA
asv3005,Bacteria,Proteobacteria,Gammaproteobacteria,Pseudomonadales,Moraxellaceae,Psychrobacter
asv3006,Bacteria,Proteobacteria,Alphaproteobacteria,Rhodobacterales,Rhodobacteraceae,Paracoccus
asv3007,Bacteria,Planctomycetota,Planctomycetes,Pirellulales,Pirellulaceae,Blastopirellula
asv3008,Bacteria,Proteobacteria,Gammaproteobacteria,HOC36,NA,NA
asv3009,Bacteria,Firmicutes,Bacilli,Brevibacillales,Brevibacillaceae,Brevibacillus
asv3010,Bacteria,Planctomycetota,Planctomycetes,Pirellulales,Pirellulaceae,NA
asv3011,Bacteria,Bacteroidota,Bacteroidia,Chitinophagales,Saprospiraceae,Lewinella
asv3012,Bacteria,Bacteroidota,Bacteroidia,Chitinophagales,Chitinophagaceae,Sediminibacterium
asv3013,Bacteria,Proteobacteria,Gammaproteobacteria,Pseudomonadales,Nitrincolaceae,NA
asv3014,Bacteria,Proteobacteria,Gammaproteobacteria,Pseudomonadales,Halomonadaceae,Halomonas
asv3015,Bacteria,Proteobacteria,Alphaproteobacteria,Ferrovibrionales,Taonella,NA
asv3016,Bacteria,Proteobacteria,Alphaproteobacteria,Rhodobacterales,Rhodobacteraceae,NA
asv3017,Bacteria,SAR324 clade(Marine group B),NA,NA,NA,NA
asv3018,Bacteria,Bacteroidota,Bacteroidia,Flavobacteriales,Flavobacteriaceae,Muricauda
asv3019,Bacteria,Bdellovibrionota,Bdellovibrionia,Bacteriovoracales,Bacteriovoracaceae,Peredibacter
asv3020,Bacteria,Planctomycetota,Planctomycetes,Pirellulales,Pirellulaceae,Blastopirellula
asv3021,Bacteria,NA,NA,NA,NA,NA
asv3022,Bacteria,Planctomycetota,Phycisphaerae,Phycisphaerales,Phycisphaeraceae,CL500-3
asv3023,Bacteria,Proteobacteria,Gammaproteobacteria,Enterobacterales,Vibrionaceae,Vibrio
asv3024,Bacteria,Proteobacteria,Alphaproteobacteria,Rhodospirillales,Magnetospiraceae,NA
asv3025,Bacteria,Gemmatimonadota,BD2-11 terrestrial group,NA,NA,NA
asv3026,Bacteria,Proteobacteria,Alphaproteobacteria,SAR11 clade,Clade II,NA
asv3027,Bacteria,Myxococcota,Polyangia,Polyangiales,Sandaracinaceae,NA
asv3028,Bacteria,Bacteroidota,Bacteroidia,Flavobacteriales,Flavobacteriaceae,Actibacter
asv3029,Bacteria,Proteobacteria,Gammaproteobacteria,Pseudomonadales,SAR86 clade,NA
asv3030,Bacteria,Planctomycetota,Pla3 lineage,NA,NA,NA
asv3031,Bacteria,Verrucomicrobiota,Verrucomicrobiae,Verrucomicrobiales,Rubritaleaceae,Rubritalea
asv3032,Bacteria,Dependentiae,Babeliae,Babeliales,NA,NA
asv3033,Bacteria,Planctomycetota,Planctomycetes,Pirellulales,Pirellulaceae,Pirellula
asv3034,Bacteria,Gemmatimonadota,BD2-11 terrestrial group,NA,NA,NA
asv3035,Bacteria,Verrucomicrobiota,Verrucomicrobiae,Verrucomicrobiales,Verrucomicrobiaceae,NA
asv3036,Bacteria,Proteobacteria,Gammaproteobacteria,Pseudomonadales,Moraxellaceae,Psychrobacter
asv3037,Bacteria,Cyanobacteria,Cyanobacteriia,Cyanobacteriales,Xenococcaceae,Pleurocapsa PCC-7319
asv3038,Bacteria,Bdellovibrionota,Oligoflexia,0319-6G20,NA,NA
asv3039,Bacteria,Proteobacteria,Gammaproteobacteria,Pseudomonadales,Marinomonadaceae,Marinomonas
asv3040,Bacteria,Verrucomicrobiota,Verrucomicrobiae,Chthoniobacterales,Chthoniobacteraceae,Chthoniobacter
asv3041,Bacteria,Proteobacteria,Gammaproteobacteria,Pseudomonadales,Gven-F17,NA
asv3042,Bacteria,Desulfobacterota,Desulfuromonadia,PB19,NA,NA
asv3043,Bacteria,Desulfobacterota,Desulfobulbia,Desulfobulbales,Desulfurivibrionaceae,Desulfurivibrio
asv3044,Bacteria,Proteobacteria,Gammaproteobacteria,Pseudomonadales,Halieaceae,NA
asv3045,Bacteria,Proteobacteria,Alphaproteobacteria,Micavibrionales,Micavibrionaceae,NA
asv3046,Bacteria,Bacteroidota,Bacteroidia,Cytophagales,Cyclobacteriaceae,Echinicola
asv3047,Bacteria,Proteobacteria,Alphaproteobacteria,Micavibrionales,Micavibrionaceae,NA
asv3048,Bacteria,Desulfobacterota,Desulfovibrionia,Desulfovibrionales,Desulfovibrionaceae,Halodesulfovibrio
asv3049,Bacteria,Bacteroidota,Bacteroidia,Flavobacteriales,Flavobacteriaceae,Winogradskyella
asv3050,Bacteria,Hydrogenedentes,Hydrogenedentia,Hydrogenedentiales,Hydrogenedensaceae,NA
asv3051,Bacteria,Proteobacteria,Gammaproteobacteria,Enterobacterales,Colwelliaceae,Thalassotalea
asv3052,Bacteria,Planctomycetota,OM190,NA,NA,NA
asv3053,Bacteria,Acidobacteriota,Thermoanaerobaculia,Thermoanaerobaculales,Thermoanaerobaculaceae,Subgroup 10
asv3054,Bacteria,Proteobacteria,Gammaproteobacteria,Francisellales,Francisellaceae,Francisella
asv3055,Bacteria,Bacteroidota,Bacteroidia,Flavobacteriales,Flavobacteriaceae,NA
asv3056,Bacteria,Planctomycetota,Planctomycetes,Isosphaerales,Isosphaeraceae,NA
asv3057,Bacteria,Proteobacteria,Gammaproteobacteria,Burkholderiales,T34,NA
asv3058,Bacteria,Bacteroidota,Bacteroidia,Cytophagales,Microscillaceae,NA
asv3059,Bacteria,Proteobacteria,Gammaproteobacteria,Coxiellales,Coxiellaceae,Coxiella
asv3060,Bacteria,Bacteroidota,Bacteroidia,Flavobacteriales,Flavobacteriaceae,NA
asv3061,Bacteria,Proteobacteria,Gammaproteobacteria,Thiotrichales,Thiotrichaceae,NA
asv3062,Bacteria,Proteobacteria,Alphaproteobacteria,SAR11 clade,Clade II,NA
asv3063,Bacteria,Proteobacteria,Gammaproteobacteria,Pseudomonadales,SAR86 clade,NA
asv3064,Bacteria,Proteobacteria,Alphaproteobacteria,Micavibrionales,Micavibrionaceae,NA
asv3065,Bacteria,Actinobacteriota,Actinobacteria,Propionibacteriales,Nocardioidaceae,Nocardioides
asv3066,Bacteria,Bdellovibrionota,Oligoflexia,Oligoflexales,Oligoflexaceae,NA
asv3067,Bacteria,Proteobacteria,Gammaproteobacteria,Salinisphaerales,Solimonadaceae,Nevskia
asv3068,Bacteria,Proteobacteria,Gammaproteobacteria,Pseudomonadales,Moraxellaceae,Psychrobacter
asv3069,Bacteria,Proteobacteria,Gammaproteobacteria,Francisellales,Francisellaceae,[Caedibacter] taeniospiralis group
asv3070,Bacteria,Proteobacteria,Gammaproteobacteria,Pseudomonadales,Cellvibrionaceae,Aestuariicella
asv3071,Bacteria,Proteobacteria,Gammaproteobacteria,Pseudomonadales,Nitrincolaceae,Marinobacterium
asv3072,Bacteria,Proteobacteria,Gammaproteobacteria,NA,NA,NA
asv3073,Bacteria,Bacteroidota,Bacteroidia,Cytophagales,Hymenobacteraceae,Pontibacter
asv3074,Bacteria,Acidobacteriota,Acidobacteriae,Bryobacterales,Bryobacteraceae,Bryobacter
asv3075,Bacteria,Myxococcota,Polyangia,Haliangiales,Haliangiaceae,Haliangium
asv3076,Bacteria,Proteobacteria,Gammaproteobacteria,Gammaproteobacteria Incertae Sedis,Unknown Family,Candidatus Berkiella
asv3077,Bacteria,Bacteroidota,Bacteroidia,Chitinophagales,Chitinophagaceae,Sediminibacterium
asv3078,Bacteria,Proteobacteria,Gammaproteobacteria,Pseudomonadales,NA,NA
asv3079,Bacteria,Proteobacteria,Gammaproteobacteria,Pseudomonadales,Halieaceae,Pseudohaliea
asv3080,Bacteria,Bdellovibrionota,Oligoflexia,Oligoflexales,Oligoflexaceae,NA
asv3081,Bacteria,Cyanobacteria,Cyanobacteriia,Phormidesmiales,Nodosilineaceae,Halomicronema C2206
asv3082,Bacteria,Proteobacteria,Alphaproteobacteria,Rhodospirillales,Terasakiellaceae,NA
asv3083,Bacteria,Cyanobacteria,Cyanobacteriia,NA,NA,NA
asv3084,Bacteria,Planctomycetota,Phycisphaerae,C86,NA,NA
asv3085,Bacteria,Bacteroidota,Rhodothermia,Rhodothermales,Rhodothermaceae,NA
asv3086,Bacteria,Proteobacteria,Gammaproteobacteria,Nitrosococcales,Nitrosococcaceae,NA
asv3087,Bacteria,Proteobacteria,Gammaproteobacteria,Pseudomonadales,SAR86 clade,NA
asv3088,Bacteria,Marinimicrobia (SAR406 clade),NA,NA,NA,NA
asv3089,Bacteria,Proteobacteria,Alphaproteobacteria,Tistrellales,Geminicoccaceae,Candidatus Alysiosphaera
asv3090,Bacteria,Planctomycetota,Planctomycetes,Pirellulales,Pirellulaceae,NA
asv3091,Bacteria,Verrucomicrobiota,Chlamydiae,Chlamydiales,Simkaniaceae,Simkania
asv3092,Bacteria,Bacteroidota,Bacteroidia,Flavobacteriales,Flavobacteriaceae,Hyunsoonleella
asv3093,Bacteria,Verrucomicrobiota,Verrucomicrobiae,Opitutales,Puniceicoccaceae,MB11C04 marine group
asv3094,Bacteria,Proteobacteria,Gammaproteobacteria,Pseudomonadales,NA,NA
asv3095,Bacteria,Proteobacteria,Alphaproteobacteria,Puniceispirillales,SAR116 clade,NA
asv3096,Bacteria,NA,NA,NA,NA,NA
asv3097,Bacteria,Proteobacteria,Alphaproteobacteria,NA,NA,NA
asv3098,Bacteria,Proteobacteria,Alphaproteobacteria,Rickettsiales,Rickettsiaceae,NA
asv3099,Bacteria,Verrucomicrobiota,Chlamydiae,Chlamydiales,Simkaniaceae,Simkania
asv3100,Bacteria,Proteobacteria,Gammaproteobacteria,Pseudomonadales,Moraxellaceae,Psychrobacter
asv3101,Bacteria,Firmicutes,Bacilli,Lactobacillales,Streptococcaceae,Streptococcus
asv3102,Bacteria,Campylobacterota,Campylobacteria,Campylobacterales,Arcobacteraceae,Malaciobacter
asv3103,Bacteria,Proteobacteria,Gammaproteobacteria,Enterobacterales,NA,NA
asv3104,Bacteria,Proteobacteria,Alphaproteobacteria,NA,NA,NA
asv3105,Bacteria,Bacteroidota,Bacteroidia,NA,NA,NA
asv3106,Bacteria,Verrucomicrobiota,Verrucomicrobiae,Verrucomicrobiales,Rubritaleaceae,Roseibacillus
asv3107,Bacteria,Proteobacteria,Alphaproteobacteria,Caulobacterales,Caulobacteraceae,NA
asv3108,Bacteria,Proteobacteria,Gammaproteobacteria,Enterobacterales,Alteromonadaceae,Agaribacter
asv3109,Bacteria,Proteobacteria,Gammaproteobacteria,Enterobacterales,Alteromonadaceae,Catenovulum
asv3110,Bacteria,Planctomycetota,Planctomycetes,Pirellulales,Pirellulaceae,Pir4 lineage
asv3111,Bacteria,Proteobacteria,Gammaproteobacteria,Pseudomonadales,Halieaceae,NA
asv3112,Bacteria,Bdellovibrionota,Bdellovibrionia,Bdellovibrionales,Bdellovibrionaceae,Bdellovibrio
asv3113,Bacteria,Proteobacteria,Alphaproteobacteria,Rhodobacterales,Rhodobacteraceae,Nioella
asv3114,Bacteria,Myxococcota,Polyangia,Polyangiales,BIrii41,NA
asv3115,Bacteria,Proteobacteria,Gammaproteobacteria,Enterobacterales,Vibrionaceae,Vibrio
asv3116,Bacteria,Proteobacteria,Gammaproteobacteria,Enterobacterales,Alteromonadaceae,NA
asv3117,Bacteria,Verrucomicrobiota,Verrucomicrobiae,Verrucomicrobiales,Rubritaleaceae,Rubritalea
asv3118,Bacteria,Proteobacteria,Alphaproteobacteria,Caulobacterales,Hyphomonadaceae,Hyphomonas
asv3119,Bacteria,Proteobacteria,Gammaproteobacteria,Pseudomonadales,SAR86 clade,NA
asv3120,Bacteria,Bacteroidota,Bacteroidia,Cytophagales,Flammeovirgaceae,NA
asv3121,Bacteria,Proteobacteria,Gammaproteobacteria,Pseudomonadales,Moraxellaceae,Psychrobacter
asv3122,Bacteria,Bacteroidota,Bacteroidia,Flavobacteriales,Flavobacteriaceae,NA
asv3123,Bacteria,Bacteroidota,Rhodothermia,Balneolales,Balneolaceae,Balneola
asv3124,Bacteria,Cyanobacteria,Cyanobacteriia,Phormidesmiales,Phormidesmiaceae,Acrophormium PCC-7375
asv3125,Bacteria,Proteobacteria,Alphaproteobacteria,NA,NA,NA
asv3126,Bacteria,Proteobacteria,Alphaproteobacteria,Caulobacterales,Caulobacteraceae,Phenylobacterium
asv3127,Bacteria,Proteobacteria,Gammaproteobacteria,Pseudomonadales,Marinobacteraceae,Marinobacter
asv3128,Bacteria,Cyanobacteria,Cyanobacteriia,Phormidesmiales,Phormidesmiaceae,Phormidesmis ANT.LACV5.1
asv3129,Bacteria,Verrucomicrobiota,Verrucomicrobiae,Verrucomicrobiales,Rubritaleaceae,Rubritalea
asv3130,Bacteria,Bacteroidota,Bacteroidia,Chitinophagales,Chitinophagaceae,Puia
asv3131,Bacteria,Campylobacterota,Campylobacteria,Campylobacterales,Sulfurimonadaceae,Sulfurimonas
asv3132,Bacteria,Verrucomicrobiota,Lentisphaeria,Lentisphaerales,Lentisphaeraceae,Lentisphaera
asv3133,Bacteria,Proteobacteria,Alphaproteobacteria,SAR11 clade,Clade I,Clade Ib
asv3134,Bacteria,Actinobacteriota,Acidimicrobiia,Microtrichales,Microtrichaceae,Sva0996 marine group
asv3135,Bacteria,Proteobacteria,Gammaproteobacteria,Pseudomonadales,Oleiphilaceae,Oleiphilus
asv3136,Bacteria,Verrucomicrobiota,Verrucomicrobiae,Verrucomicrobiales,DEV007,NA
asv3137,Bacteria,Proteobacteria,Gammaproteobacteria,Pseudomonadales,KI89A clade,NA
asv3138,Bacteria,Proteobacteria,Gammaproteobacteria,Francisellales,Francisellaceae,NA
asv3139,Bacteria,NA,NA,NA,NA,NA
asv3140,Bacteria,SAR324 clade(Marine group B),NA,NA,NA,NA
asv3141,Bacteria,Planctomycetota,Planctomycetes,Planctomycetales,Rubinisphaeraceae,SH-PL14
asv3142,Bacteria,Bacteroidota,Bacteroidia,Flavobacteriales,NS9 marine group,NA
asv3143,Bacteria,Proteobacteria,Gammaproteobacteria,Enterobacterales,NA,NA
asv3144,Bacteria,Bacteroidota,Bacteroidia,Flavobacteriales,Flavobacteriaceae,NS5 marine group
asv3145,Bacteria,Proteobacteria,Gammaproteobacteria,Burkholderiales,Burkholderiaceae,Ralstonia
asv3146,Bacteria,Proteobacteria,Gammaproteobacteria,Pseudomonadales,Moraxellaceae,Psychrobacter
asv3147,Bacteria,Proteobacteria,Alphaproteobacteria,Rhodobacterales,Rhodobacteraceae,NA
asv3148,Bacteria,Proteobacteria,Alphaproteobacteria,Rhodobacterales,Rhodobacteraceae,Plastorhodobacter
asv3149,Bacteria,Proteobacteria,Gammaproteobacteria,Pseudomonadales,SAR86 clade,NA
asv3150,Bacteria,Bacteroidota,Bacteroidia,Flavobacteriales,Flavobacteriaceae,NS5 marine group
asv3151,Bacteria,Bacteroidota,Bacteroidia,Flavobacteriales,Flavobacteriaceae,Salinimicrobium
asv3152,Bacteria,Proteobacteria,Gammaproteobacteria,NA,NA,NA
asv3153,Bacteria,Proteobacteria,Gammaproteobacteria,Arenicellales,Arenicellaceae,Arenicella
asv3154,Bacteria,Cyanobacteria,Cyanobacteriia,Cyanobacteriales,Xenococcaceae,Xenococcus PCC-7305
asv3155,Bacteria,Bdellovibrionota,Bdellovibrionia,Bacteriovoracales,Bacteriovoracaceae,Peredibacter
asv3156,Bacteria,Chloroflexi,Anaerolineae,SBR1031,A4b,NA
asv3157,Bacteria,Firmicutes,Bacilli,Brevibacillales,Brevibacillaceae,Brevibacillus
asv3158,Bacteria,Proteobacteria,Gammaproteobacteria,Francisellales,Francisellaceae,Allofrancisella
asv3159,Bacteria,Firmicutes,Bacilli,Staphylococcales,Staphylococcaceae,Staphylococcus
asv3160,Bacteria,Proteobacteria,Gammaproteobacteria,NA,NA,NA
asv3161,Bacteria,Spirochaetota,Leptospirae,Leptospirales,Leptospiraceae,NA
asv3162,Bacteria,Proteobacteria,Gammaproteobacteria,Enterobacterales,Idiomarinaceae,Idiomarina
asv3163,Bacteria,Bacteroidota,Bacteroidia,Flavobacteriales,Flavobacteriaceae,Euzebyella
asv3164,Bacteria,Actinobacteriota,Actinobacteria,Corynebacteriales,Corynebacteriaceae,Lawsonella
asv3165,Bacteria,Bacteroidota,Bacteroidia,Flavobacteriales,NA,NA
asv3166,Bacteria,Firmicutes,Bacilli,Bacillales,Bacillaceae,Bacillus
asv3167,Bacteria,Proteobacteria,Gammaproteobacteria,Pseudomonadales,Halieaceae,OM60(NOR5) clade
asv3168,Bacteria,Gemmatimonadota,BD2-11 terrestrial group,NA,NA,NA
asv3169,Bacteria,Dadabacteria,Dadabacteriia,Dadabacteriales,NA,NA
asv3170,Bacteria,Proteobacteria,Gammaproteobacteria,Cardiobacteriales,NA,NA
asv3171,Bacteria,Bacteroidota,Bacteroidia,Flavobacteriales,Crocinitomicaceae,Fluviicola
asv3172,Bacteria,Verrucomicrobiota,Chlamydiae,Chlamydiales,Simkaniaceae,Simkania
asv3173,Bacteria,Myxococcota,Polyangia,Nannocystales,Nannocystaceae,NA
asv3174,Bacteria,Proteobacteria,Gammaproteobacteria,Pseudomonadales,Porticoccaceae,SAR92 clade
asv3175,Bacteria,Planctomycetota,OM190,NA,NA,NA
asv3176,Bacteria,Proteobacteria,Gammaproteobacteria,Coxiellales,Coxiellaceae,Coxiella
asv3177,Bacteria,Proteobacteria,Gammaproteobacteria,Burkholderiales,Oxalobacteraceae,Duganella
asv3178,Bacteria,Actinobacteriota,Acidimicrobiia,Actinomarinales,Actinomarinaceae,Candidatus Actinomarina
asv3179,Bacteria,Proteobacteria,Alphaproteobacteria,Rhodobacterales,Rhodobacteraceae,Plastorhodobacter
asv3180,Bacteria,Proteobacteria,Gammaproteobacteria,NA,NA,NA
asv3181,Bacteria,Proteobacteria,Alphaproteobacteria,Rhodobacterales,Rhodobacteraceae,Plastorhodobacter
asv3182,Bacteria,Planctomycetota,Planctomycetes,Pirellulales,Pirellulaceae,Rubripirellula
asv3183,Bacteria,Acidobacteriota,Vicinamibacteria,Vicinamibacterales,Vicinamibacteraceae,Vicinamibacter
asv3184,Bacteria,Firmicutes,Bacilli,Staphylococcales,Staphylococcaceae,Staphylococcus
asv3185,Bacteria,Proteobacteria,Gammaproteobacteria,Enterobacterales,Colwelliaceae,Thalassotalea
asv3186,Bacteria,Bdellovibrionota,Bdellovibrionia,Bacteriovoracales,Bacteriovoracaceae,Peredibacter
asv3187,Bacteria,Proteobacteria,Alphaproteobacteria,Paracaedibacterales,Paracaedibacteraceae,NA
asv3188,Bacteria,Proteobacteria,Gammaproteobacteria,Pseudomonadales,SAR86 clade,NA
asv3189,Bacteria,Proteobacteria,Alphaproteobacteria,Micavibrionales,Micavibrionaceae,NA
asv3190,Bacteria,Bacteroidota,Bacteroidia,Flavobacteriales,Flavobacteriaceae,NA
asv3191,Bacteria,Proteobacteria,Gammaproteobacteria,Arenicellales,Arenicellaceae,Arenicella
asv3192,Bacteria,NB1-j,NA,NA,NA,NA
asv3193,Bacteria,Bacteroidota,Bacteroidia,Cytophagales,Cyclobacteriaceae,NA
asv3194,Bacteria,Verrucomicrobiota,Verrucomicrobiae,Opitutales,Puniceicoccaceae,Coraliomargarita
asv3195,Bacteria,Proteobacteria,Alphaproteobacteria,Sphingomonadales,Sphingomonadaceae,Novosphingobium
asv3196,Bacteria,Proteobacteria,Gammaproteobacteria,Pseudomonadales,Halomonadaceae,Halomonas
asv3197,Bacteria,Bdellovibrionota,Bdellovibrionia,Bdellovibrionales,Bdellovibrionaceae,Bdellovibrio
asv3198,Bacteria,Planctomycetota,OM190,NA,NA,NA
asv3199,Bacteria,Bacteroidota,Bacteroidia,Flavobacteriales,Flavobacteriaceae,NS5 marine group
asv3200,Bacteria,Proteobacteria,Gammaproteobacteria,Enterobacterales,Vibrionaceae,Vibrio
asv3201,Bacteria,NA,NA,NA,NA,NA
asv3202,Bacteria,Planctomycetota,Phycisphaerae,Phycisphaerales,Phycisphaeraceae,Urania-1B-19 marine sediment group
asv3203,Bacteria,Proteobacteria,NA,NA,NA,NA
asv3204,Bacteria,Proteobacteria,Gammaproteobacteria,Burkholderiales,Oxalobacteraceae,NA
asv3205,Bacteria,NA,NA,NA,NA,NA
asv3206,Bacteria,Verrucomicrobiota,Verrucomicrobiae,Pedosphaerales,Pedosphaeraceae,SCGC AAA164-E04
asv3207,Bacteria,Firmicutes,Bacilli,Bacillales,Bacillaceae,Salimicrobium
asv3208,Bacteria,Proteobacteria,Alphaproteobacteria,Rhodobacterales,Rhodobacteraceae,Plastorhodobacter
asv3209,Bacteria,Chloroflexi,Chloroflexia,Kallotenuales,AKIW781,NA
asv3210,Bacteria,Campylobacterota,Campylobacteria,Campylobacterales,Arcobacteraceae,Poseidonibacter
asv3211,Bacteria,Patescibacteria,Gracilibacteria,JGI 0000069-P22,NA,NA
asv3212,Bacteria,Desulfobacterota,Desulfuromonadia,PB19,NA,NA
asv3213,Bacteria,Bacteroidota,Bacteroidia,Cytophagales,Flammeovirgaceae,NA
asv3214,Bacteria,Bacteroidota,Bacteroidia,Cytophagales,Cyclobacteriaceae,Ekhidna
asv3215,Bacteria,Acidobacteriota,Vicinamibacteria,Vicinamibacterales,NA,NA
asv3216,Bacteria,Proteobacteria,Gammaproteobacteria,NA,NA,NA
asv3217,Bacteria,Proteobacteria,Gammaproteobacteria,Pseudomonadales,Pseudomonadaceae,Pseudomonas
asv3218,Bacteria,Bacteroidota,Bacteroidia,Chitinophagales,Saprospiraceae,NA
asv3219,Bacteria,Proteobacteria,Alphaproteobacteria,NA,NA,NA
asv3220,Bacteria,Bacteroidota,Bacteroidia,Bacteroidales,Tannerellaceae,Macellibacteroides
asv3221,Bacteria,Planctomycetota,Phycisphaerae,Phycisphaerales,Phycisphaeraceae,SM1A02
asv3222,Bacteria,Desulfobacterota,Desulfovibrionia,Desulfovibrionales,Desulfovibrionaceae,Desulfovibrio
asv3223,Bacteria,Proteobacteria,Alphaproteobacteria,Rhizobiales,Methyloligellaceae,Methyloceanibacter
asv3224,Bacteria,Cyanobacteria,Cyanobacteriia,Phormidesmiales,Nodosilineaceae,MBIC10086
asv3225,Bacteria,Proteobacteria,Alphaproteobacteria,Rhodobacterales,Rhodobacteraceae,NA
asv3226,Bacteria,Proteobacteria,Alphaproteobacteria,Micavibrionales,Micavibrionaceae,NA
asv3227,Bacteria,Proteobacteria,Alphaproteobacteria,Rickettsiales,NA,NA
asv3228,Bacteria,Verrucomicrobiota,Verrucomicrobiae,Verrucomicrobiales,DEV007,NA
asv3229,Bacteria,Bacteroidota,Bacteroidia,Cytophagales,Cyclobacteriaceae,NA
asv3230,Bacteria,Proteobacteria,Gammaproteobacteria,NA,NA,NA
asv3231,Bacteria,Proteobacteria,Gammaproteobacteria,Pseudomonadales,SAR86 clade,NA
asv3232,Bacteria,Bacteroidota,Bacteroidia,Flavobacteriales,Flavobacteriaceae,Maribacter
asv3233,Bacteria,Proteobacteria,Alphaproteobacteria,Puniceispirillales,SAR116 clade,NA
asv3234,Bacteria,Bacteroidota,Bacteroidia,Cytophagales,Cyclobacteriaceae,NA
asv3235,Bacteria,Patescibacteria,Saccharimonadia,Saccharimonadales,LWQ8,NA
asv3236,Bacteria,Planctomycetota,Phycisphaerae,Phycisphaerales,Phycisphaeraceae,CL500-3
asv3237,Bacteria,Actinobacteriota,Actinobacteria,Corynebacteriales,Corynebacteriaceae,Corynebacterium
asv3238,Bacteria,Bacteroidota,Bacteroidia,Flavobacteriales,Flavobacteriaceae,NS2b marine group
asv3239,Bacteria,Proteobacteria,Gammaproteobacteria,Francisellales,Francisellaceae,Allofrancisella
asv3240,Bacteria,Proteobacteria,Alphaproteobacteria,Caulobacterales,Hyphomonadaceae,Hyphomonas
asv3241,Bacteria,Proteobacteria,Gammaproteobacteria,NA,NA,NA
asv3242,Bacteria,Proteobacteria,Gammaproteobacteria,Pseudomonadales,NA,NA
asv3243,Bacteria,NA,NA,NA,NA,NA
asv3244,Bacteria,Myxococcota,Polyangia,Blfdi19,NA,NA
asv3245,Bacteria,Bacteroidota,Bacteroidia,Flavobacteriales,Flavobacteriaceae,Marixanthomonas
asv3246,Bacteria,Proteobacteria,Gammaproteobacteria,NA,NA,NA
asv3247,Bacteria,Bacteroidota,Bacteroidia,Flavobacteriales,Flavobacteriaceae,Zeaxanthinibacter
asv3248,Bacteria,Proteobacteria,Gammaproteobacteria,Pseudomonadales,SAR86 clade,NA
asv3249,Bacteria,Proteobacteria,Gammaproteobacteria,Legionellales,Legionellaceae,Legionella
asv3250,Bacteria,Bacteroidota,Bacteroidia,NA,NA,NA
asv3251,Bacteria,Verrucomicrobiota,Verrucomicrobiae,Opitutales,Puniceicoccaceae,Coraliomargarita
asv3252,Bacteria,Planctomycetota,Planctomycetes,Pirellulales,Pirellulaceae,Blastopirellula
asv3253,Bacteria,Proteobacteria,Gammaproteobacteria,Pseudomonadales,Spongiibacteraceae,BD1-7 clade
asv3254,Bacteria,Proteobacteria,Alphaproteobacteria,Rhizobiales,NA,NA
asv3255,Bacteria,Cyanobacteria,Cyanobacteriia,Phormidesmiales,Nodosilineaceae,NA
asv3256,Bacteria,Proteobacteria,Gammaproteobacteria,Pseudomonadales,Halieaceae,OM60(NOR5) clade
asv3257,Bacteria,Cyanobacteria,Cyanobacteriia,Cyanobacteriales,Nostocaceae,Richelia HH01
asv3258,Bacteria,Bacteroidota,Bacteroidia,Flavobacteriales,Flavobacteriaceae,Actibacter
asv3259,Bacteria,Firmicutes,Clostridia,Peptostreptococcales-Tissierellales,Fusibacteraceae,Fusibacter
asv3260,Bacteria,Proteobacteria,Gammaproteobacteria,Pseudomonadales,SAR86 clade,NA
asv3261,Bacteria,Bacteroidota,Bacteroidia,Cytophagales,Cyclobacteriaceae,Persicobacter
asv3262,Bacteria,Proteobacteria,Gammaproteobacteria,Ectothiorhodospirales,Ectothiorhodospiraceae,NA
asv3263,Bacteria,Proteobacteria,Gammaproteobacteria,Pseudomonadales,Moraxellaceae,Enhydrobacter
asv3264,Bacteria,Bacteroidota,Bacteroidia,Cytophagales,Cyclobacteriaceae,Algoriphagus
asv3265,Bacteria,Proteobacteria,Gammaproteobacteria,Burkholderiales,Nitrosomonadaceae,IS-44
asv3266,Bacteria,Planctomycetota,Planctomycetes,Pirellulales,Pirellulaceae,NA
asv3267,Bacteria,Proteobacteria,Gammaproteobacteria,Enterobacterales,NA,NA
asv3268,Bacteria,Proteobacteria,Gammaproteobacteria,Enterobacterales,Vibrionaceae,Candidatus Photodesmus
asv3269,Bacteria,Proteobacteria,Alphaproteobacteria,Kiloniellales,Kiloniellaceae,Pelagibius
asv3270,Bacteria,Armatimonadota,Fimbriimonadia,Fimbriimonadales,Fimbriimonadaceae,NA
asv3271,Bacteria,Bacteroidota,Bacteroidia,Flavobacteriales,Cryomorphaceae,Vicingus
asv3272,Bacteria,Planctomycetota,Planctomycetes,Pirellulales,Pirellulaceae,Rubripirellula
asv3273,Bacteria,Proteobacteria,Alphaproteobacteria,SAR11 clade,Clade II,NA
asv3274,Bacteria,Bacteroidota,Bacteroidia,Chitinophagales,Saprospiraceae,NA
asv3275,Bacteria,Planctomycetota,Planctomycetes,Pirellulales,Pirellulaceae,Blastopirellula
asv3276,Bacteria,Proteobacteria,Alphaproteobacteria,Rhodobacterales,Rhodobacteraceae,NA
asv3277,Bacteria,Proteobacteria,Gammaproteobacteria,Enterobacterales,Alteromonadaceae,NA
asv3278,Bacteria,Proteobacteria,Gammaproteobacteria,Pseudomonadales,SAR86 clade,NA
asv3279,Bacteria,Bacteroidota,Bacteroidia,Chitinophagales,Chitinophagaceae,Sediminibacterium
asv3280,Bacteria,NA,NA,NA,NA,NA
asv3281,Bacteria,Proteobacteria,Gammaproteobacteria,Enterobacterales,NA,NA
asv3282,Bacteria,Proteobacteria,Alphaproteobacteria,Rhodobacterales,Rhodobacteraceae,Plastorhodobacter
asv3283,Bacteria,Proteobacteria,Alphaproteobacteria,Rhodobacterales,Rhodobacteraceae,Plastorhodobacter
asv3284,Bacteria,Bacteroidota,Bacteroidia,Bacteroidales,Porphyromonadaceae,Porphyromonas
asv3285,Bacteria,Proteobacteria,Gammaproteobacteria,Enterobacterales,Alteromonadaceae,Rheinheimera
asv3286,Bacteria,Bacteroidota,Bacteroidia,Flavobacteriales,Flavobacteriaceae,Euzebyella
asv3287,Bacteria,Proteobacteria,Gammaproteobacteria,Pseudomonadales,Cellvibrionaceae,Aestuariicella
asv3288,Bacteria,Bacteroidota,Bacteroidia,Cytophagales,Flammeovirgaceae,Rapidithrix
asv3289,Bacteria,Proteobacteria,Alphaproteobacteria,Caulobacterales,Parvularculaceae,NA
asv3290,Bacteria,Campylobacterota,Campylobacteria,Campylobacterales,Arcobacteraceae,Malaciobacter
asv3291,Bacteria,Proteobacteria,Gammaproteobacteria,HOC36,NA,NA
asv3292,Bacteria,Proteobacteria,Gammaproteobacteria,Enterobacterales,Psychromonadaceae,NA
asv3293,Bacteria,Proteobacteria,Gammaproteobacteria,Pseudomonadales,Moraxellaceae,Enhydrobacter
asv3294,Bacteria,Proteobacteria,Gammaproteobacteria,Thiotrichales,Thiotrichaceae,Thiothrix
asv3295,Bacteria,Planctomycetota,OM190,NA,NA,NA
asv3296,Bacteria,Bacteroidota,Bacteroidia,Cytophagales,Cyclobacteriaceae,NA
asv3297,Bacteria,Proteobacteria,Alphaproteobacteria,Puniceispirillales,NA,NA
asv3298,Bacteria,Proteobacteria,Gammaproteobacteria,Enterobacterales,Alteromonadaceae,Pseudobowmanella
asv3299,Bacteria,Bacteroidota,Bacteroidia,Flavobacteriales,Flavobacteriaceae,NA
asv3300,Bacteria,AncK6,NA,NA,NA,NA
asv3301,Bacteria,Proteobacteria,Gammaproteobacteria,Pseudomonadales,Spongiibacteraceae,NA
asv3302,Bacteria,Bacteroidota,Bacteroidia,Flavobacteriales,Cryomorphaceae,NA
asv3303,Bacteria,Proteobacteria,Gammaproteobacteria,Enterobacterales,Alteromonadaceae,Pseudobowmanella
asv3304,Bacteria,Bacteroidota,Bacteroidia,Cytophagales,NA,NA
asv3305,Bacteria,Planctomycetota,Phycisphaerae,Phycisphaerales,Phycisphaeraceae,CL500-3
asv3306,Bacteria,Proteobacteria,Gammaproteobacteria,Burkholderiales,Comamonadaceae,NA
asv3307,Bacteria,Myxococcota,Polyangia,Haliangiales,Haliangiaceae,Haliangium
asv3308,Bacteria,Bacteroidota,Bacteroidia,Cytophagales,Cyclobacteriaceae,NA
asv3309,Bacteria,Nitrospirota,Thermodesulfovibrionia,NA,NA,NA
asv3310,Bacteria,Proteobacteria,Gammaproteobacteria,Thiotrichales,Thiotrichaceae,Leucothrix
asv3311,Bacteria,Cyanobacteria,Cyanobacteriia,Phormidesmiales,Nodosilineaceae,MBIC10086
asv3312,Bacteria,Proteobacteria,Gammaproteobacteria,Pseudomonadales,Halieaceae,Congregibacter
asv3313,Bacteria,Proteobacteria,Gammaproteobacteria,NA,NA,NA
asv3314,Bacteria,Verrucomicrobiota,Verrucomicrobiae,Verrucomicrobiales,Rubritaleaceae,Persicirhabdus
asv3315,Bacteria,Bacteroidota,Bacteroidia,Cytophagales,Cyclobacteriaceae,Algoriphagus
asv3316,Bacteria,Bacteroidota,Bacteroidia,Flavobacteriales,Flavobacteriaceae,Flavobacterium
asv3317,Bacteria,Proteobacteria,Alphaproteobacteria,Rhizobiales,Rhizobiaceae,Allorhizobium-Neorhizobium-Pararhizobium-Rhizobium
asv3318,Bacteria,Proteobacteria,Gammaproteobacteria,Burkholderiales,Neisseriaceae,NA
asv3319,Bacteria,NA,NA,NA,NA,NA
asv3320,Bacteria,Bacteroidota,Bacteroidia,Flavobacteriales,Flavobacteriaceae,NS5 marine group
asv3321,Bacteria,Proteobacteria,Gammaproteobacteria,Francisellales,Francisellaceae,NA
asv3322,Bacteria,Bacteroidota,Bacteroidia,Chitinophagales,Saprospiraceae,Aureispira
asv3323,Bacteria,Bacteroidota,Bacteroidia,Cytophagales,Cyclobacteriaceae,NA
asv3324,Bacteria,Bacteroidota,Bacteroidia,Cytophagales,Amoebophilaceae,NA
asv3325,Bacteria,Proteobacteria,Gammaproteobacteria,Pseudomonadales,Cellvibrionaceae,Agaribacterium
asv3326,Bacteria,Proteobacteria,Gammaproteobacteria,Pseudomonadales,Cellvibrionaceae,Aestuariicella
asv3327,Bacteria,Bacteroidota,Bacteroidia,Cytophagales,Cyclobacteriaceae,NA
asv3328,Bacteria,Proteobacteria,Alphaproteobacteria,Rhizobiales,Beijerinckiaceae,Methylobacterium-Methylorubrum
asv3329,Bacteria,Cyanobacteria,Cyanobacteriia,NA,NA,NA
asv3330,Bacteria,Proteobacteria,Alphaproteobacteria,Tistrellales,Geminicoccaceae,Arboricoccus
asv3331,Bacteria,Bacteroidota,Bacteroidia,Flavobacteriales,Flavobacteriaceae,NA
asv3332,Bacteria,Desulfobacterota,Desulfobulbia,Desulfobulbales,Desulfobulbaceae,NA
asv3333,Bacteria,Bacteroidota,Bacteroidia,Flavobacteriales,Flavobacteriaceae,Aureivirga
asv3334,Bacteria,Planctomycetota,OM190,NA,NA,NA
asv3335,Bacteria,Planctomycetota,OM190,NA,NA,NA
asv3336,Bacteria,Planctomycetota,Phycisphaerae,Phycisphaerales,Phycisphaeraceae,Urania-1B-19 marine sediment group
asv3337,Bacteria,Fusobacteriota,Fusobacteriia,Fusobacteriales,Fusobacteriaceae,NA
asv3338,Bacteria,Proteobacteria,Gammaproteobacteria,NA,NA,NA
asv3339,Bacteria,Actinobacteriota,Acidimicrobiia,IMCC26256,NA,NA
asv3340,Bacteria,Proteobacteria,NA,NA,NA,NA
asv3341,Bacteria,Bacteroidota,Bacteroidia,Chitinophagales,NA,NA
asv3342,Bacteria,Bacteroidota,Bacteroidia,Cytophagales,Amoebophilaceae,Candidatus Amoebophilus
asv3343,Bacteria,Bacteroidota,Bacteroidia,Cytophagales,Amoebophilaceae,Candidatus Amoebophilus
asv3344,Bacteria,Acidobacteriota,Blastocatellia,Blastocatellales,Blastocatellaceae,Blastocatella
asv3345,Bacteria,Acidobacteriota,Blastocatellia,Blastocatellales,Blastocatellaceae,Blastocatella
asv3346,Bacteria,Proteobacteria,Alphaproteobacteria,Rhodobacterales,Rhodobacteraceae,Salinihabitans
asv3347,Bacteria,Proteobacteria,Alphaproteobacteria,Caulobacterales,Hyphomonadaceae,Algimonas
asv3348,Bacteria,Desulfobacterota,Desulfobacteria,Desulfatiglandales,Desulfatiglandaceae,Desulfatiglans
asv3349,Bacteria,Proteobacteria,Gammaproteobacteria,Enterobacterales,Alteromonadaceae,NA
asv3350,Bacteria,Proteobacteria,Alphaproteobacteria,Rickettsiales,Rickettsiaceae,NA
asv3351,Bacteria,Bacteroidota,Bacteroidia,Flavobacteriales,Flavobacteriaceae,Flavobacterium
asv3352,Bacteria,Proteobacteria,Gammaproteobacteria,Enterobacterales,NA,NA
asv3353,Bacteria,Proteobacteria,Alphaproteobacteria,Rhizobiales,Rhizobiaceae,Ciceribacter
asv3354,Bacteria,Bacteroidota,Rhodothermia,Rhodothermales,Rhodothermaceae,Rubricoccus
asv3355,Bacteria,Planctomycetota,Planctomycetes,Pirellulales,Pirellulaceae,Rhodopirellula
asv3356,Bacteria,Verrucomicrobiota,Verrucomicrobiae,Verrucomicrobiales,Rubritaleaceae,Luteolibacter
asv3357,Bacteria,Bacteroidota,Bacteroidia,Flavobacteriales,NS9 marine group,NA
asv3358,Bacteria,Bacteroidota,Bacteroidia,Chitinophagales,NA,NA
asv3359,Bacteria,Proteobacteria,Gammaproteobacteria,NA,NA,NA
asv3360,Bacteria,Proteobacteria,Gammaproteobacteria,Francisellales,Francisellaceae,[Caedibacter] taeniospiralis group
asv3361,Bacteria,Planctomycetota,Pla3 lineage,NA,NA,NA
asv3362,Bacteria,NA,NA,NA,NA,NA
asv3363,Bacteria,Planctomycetota,Planctomycetes,Pirellulales,Pirellulaceae,NA
asv3364,Bacteria,Proteobacteria,Alphaproteobacteria,SAR11 clade,Clade III,NA
asv3365,Bacteria,Proteobacteria,Gammaproteobacteria,Pseudomonadales,Moraxellaceae,Acinetobacter
asv3366,Bacteria,Proteobacteria,Alphaproteobacteria,Rickettsiales,Rickettsiaceae,Candidatus Megaira
asv3367,Bacteria,Firmicutes,Clostridia,Oscillospirales,Ruminococcaceae,Subdoligranulum
asv3368,Bacteria,Firmicutes,Bacilli,Brevibacillales,Brevibacillaceae,Brevibacillus
asv3369,Bacteria,Proteobacteria,Gammaproteobacteria,Pseudomonadales,Halieaceae,Parahaliea
asv3370,Bacteria,Myxococcota,Polyangia,Polyangiales,Polyangiaceae,Pajaroellobacter
asv3371,Bacteria,Proteobacteria,Gammaproteobacteria,NA,NA,NA
asv3372,Bacteria,Planctomycetota,Phycisphaerae,Phycisphaerales,Phycisphaeraceae,SM1A02
asv3373,Bacteria,Verrucomicrobiota,Chlamydiae,Chlamydiales,Simkaniaceae,Simkania
asv3374,Bacteria,Verrucomicrobiota,Verrucomicrobiae,Verrucomicrobiales,DEV007,NA
asv3375,Bacteria,Verrucomicrobiota,Chlamydiae,Chlamydiales,Simkaniaceae,Simkania
asv3376,Bacteria,NB1-j,NA,NA,NA,NA
asv3377,Bacteria,Proteobacteria,Gammaproteobacteria,Enterobacterales,Vibrionaceae,Catenococcus
asv3378,Bacteria,Bacteroidota,Bacteroidia,Flavobacteriales,Flavobacteriaceae,Wenyingzhuangia
asv3379,Bacteria,Proteobacteria,Gammaproteobacteria,Enterobacterales,NA,NA
asv3380,Bacteria,Bacteroidota,Bacteroidia,Cytophagales,Cyclobacteriaceae,Fulvivirga
asv3381,Bacteria,Proteobacteria,Gammaproteobacteria,Enterobacterales,NA,NA
asv3382,Bacteria,Proteobacteria,Gammaproteobacteria,NA,NA,NA
asv3383,Bacteria,Bacteroidota,Bacteroidia,NA,NA,NA
asv3384,Bacteria,Bacteroidota,Bacteroidia,Cytophagales,Amoebophilaceae,NA
asv3385,Bacteria,NA,NA,NA,NA,NA
asv3386,Bacteria,Proteobacteria,Gammaproteobacteria,Enterobacterales,NA,NA
asv3387,Bacteria,Proteobacteria,Alphaproteobacteria,Sphingomonadales,Sphingomonadaceae,NA
asv3388,Bacteria,Proteobacteria,Alphaproteobacteria,SAR11 clade,Clade I,Clade Ia
asv3389,Bacteria,Firmicutes,NA,NA,NA,NA
asv3390,Bacteria,Proteobacteria,Gammaproteobacteria,NA,NA,NA
asv3391,Bacteria,Bacteroidota,Bacteroidia,Flavobacteriales,Crocinitomicaceae,NA
asv3392,Bacteria,Proteobacteria,Alphaproteobacteria,SAR11 clade,Clade II,NA
asv3393,Bacteria,Acidobacteriota,Subgroup 18,NA,NA,NA
asv3394,Bacteria,Proteobacteria,Alphaproteobacteria,NA,NA,NA
asv3395,Bacteria,Proteobacteria,Gammaproteobacteria,Enterobacterales,Alteromonadaceae,NA
asv3396,Bacteria,Bacteroidota,Bacteroidia,Flavobacteriales,Flavobacteriaceae,Ulvibacter
asv3397,Bacteria,Proteobacteria,Gammaproteobacteria,Pseudomonadales,Spongiibacteraceae,NA
asv3398,Bacteria,Desulfobacterota,Desulfuromonadia,PB19,NA,NA
asv3399,Bacteria,NA,NA,NA,NA,NA
asv3400,Bacteria,Bacteroidota,Bacteroidia,NA,NA,NA
asv3401,Bacteria,Proteobacteria,Alphaproteobacteria,SAR11 clade,Clade III,NA
asv3402,Bacteria,Proteobacteria,Alphaproteobacteria,Rhodobacterales,Rhodobacteraceae,NA
asv3403,Bacteria,Proteobacteria,Alphaproteobacteria,Rhodobacterales,Rhodobacteraceae,NA
asv3404,Bacteria,Proteobacteria,Alphaproteobacteria,Rickettsiales,Fokiniaceae,MD3-55
asv3405,Bacteria,Cyanobacteria,Cyanobacteriia,Synechococcales,Cyanobiaceae,NA
asv3406,Bacteria,Proteobacteria,NA,NA,NA,NA
asv3407,Bacteria,Proteobacteria,Gammaproteobacteria,Enterobacterales,NA,NA
asv3408,Bacteria,Proteobacteria,Gammaproteobacteria,Enterobacterales,Vibrionaceae,NA
asv3409,Bacteria,Proteobacteria,Gammaproteobacteria,Enterobacterales,Alteromonadaceae,XY-R5
asv3410,Bacteria,Bacteroidota,Bacteroidia,Cytophagales,Cyclobacteriaceae,NA
asv3411,Bacteria,Proteobacteria,Gammaproteobacteria,Enterobacterales,Alteromonadaceae,Pseudobowmanella
asv3412,Bacteria,Proteobacteria,Alphaproteobacteria,Rhodobacterales,Rhodobacteraceae,NA
asv3413,Bacteria,Proteobacteria,Gammaproteobacteria,Enterobacterales,Alteromonadaceae,NA
asv3414,Bacteria,Proteobacteria,Alphaproteobacteria,SAR11 clade,Clade II,NA
asv3415,Bacteria,Proteobacteria,Alphaproteobacteria,Thalassobaculales,NA,NA
asv3416,Bacteria,Cyanobacteria,Cyanobacteriia,NA,NA,NA
asv3417,Bacteria,Proteobacteria,Gammaproteobacteria,Enterobacterales,JI49D030,NA
asv3418,Bacteria,NA,NA,NA,NA,NA
asv3419,Bacteria,Proteobacteria,Gammaproteobacteria,Pseudomonadales,Halomonadaceae,Halomonas
asv3420,Bacteria,Proteobacteria,Gammaproteobacteria,Francisellales,Francisellaceae,Allofrancisella
asv3421,Bacteria,Proteobacteria,Gammaproteobacteria,Pseudomonadales,Endozoicomonadaceae,Endozoicomonas
asv3422,Bacteria,NA,NA,NA,NA,NA
asv3423,Bacteria,Bacteroidota,Bacteroidia,Cytophagales,Amoebophilaceae,Candidatus Amoebophilus
asv3424,Bacteria,Proteobacteria,NA,NA,NA,NA
asv3425,Bacteria,NA,NA,NA,NA,NA
asv3426,Bacteria,Proteobacteria,Alphaproteobacteria,Rhodobacterales,Rhodobacteraceae,NA
asv3427,Bacteria,NA,NA,NA,NA,NA
asv3428,Bacteria,Bacteroidota,Bacteroidia,NA,NA,NA
asv3429,Bacteria,Proteobacteria,Gammaproteobacteria,NA,NA,NA
asv3430,Bacteria,Planctomycetota,Planctomycetes,Gemmatales,Gemmataceae,NA
asv3431,Bacteria,NA,NA,NA,NA,NA
asv3432,Bacteria,Cyanobacteria,Cyanobacteriia,NA,NA,NA
asv3433,Bacteria,Proteobacteria,Alphaproteobacteria,Caulobacterales,Caulobacteraceae,NA
asv3434,Bacteria,Proteobacteria,Gammaproteobacteria,Enterobacterales,Vibrionaceae,NA
asv3435,Bacteria,NA,NA,NA,NA,NA
asv3436,Bacteria,Proteobacteria,Alphaproteobacteria,SAR11 clade,NA,NA
asv3437,Bacteria,Proteobacteria,NA,NA,NA,NA
asv3438,Bacteria,Proteobacteria,Gammaproteobacteria,Pseudomonadales,Nitrincolaceae,Pontibacterium
asv3439,Bacteria,Proteobacteria,Gammaproteobacteria,Enterobacterales,Alteromonadaceae,XY-R5
asv3440,Bacteria,Proteobacteria,Alphaproteobacteria,Rhodobacterales,Rhodobacteraceae,NA
asv3441,Bacteria,Proteobacteria,Gammaproteobacteria,Enterobacterales,NA,NA
asv3442,Bacteria,Cyanobacteria,Cyanobacteriia,NA,NA,NA
asv3443,Bacteria,Proteobacteria,Gammaproteobacteria,NA,NA,NA
asv3444,Bacteria,Proteobacteria,Alphaproteobacteria,Kiloniellales,Kiloniellaceae,Tistlia
asv3445,Bacteria,Proteobacteria,Alphaproteobacteria,NA,NA,NA
asv3446,Bacteria,Proteobacteria,Gammaproteobacteria,Pseudomonadales,Marinomonadaceae,Marinomonas
asv3447,Bacteria,Proteobacteria,Gammaproteobacteria,Pseudomonadales,Endozoicomonadaceae,Endozoicomonas
asv3448,Bacteria,NA,NA,NA,NA,NA
asv3449,Bacteria,Proteobacteria,Alphaproteobacteria,NA,NA,NA
asv3450,Bacteria,Bacteroidota,Bacteroidia,Flavobacteriales,Flavobacteriaceae,NA
asv3451,Bacteria,Proteobacteria,NA,NA,NA,NA
asv3452,Bacteria,Proteobacteria,Gammaproteobacteria,Enterobacterales,Vibrionaceae,NA
asv3453,Bacteria,Proteobacteria,Gammaproteobacteria,Enterobacterales,Vibrionaceae,NA
asv3454,Bacteria,Cyanobacteria,Cyanobacteriia,Synechococcales,Cyanobiaceae,NA
asv3455,Bacteria,Proteobacteria,NA,NA,NA,NA
asv3456,Bacteria,Proteobacteria,Gammaproteobacteria,NA,NA,NA
asv3457,Bacteria,Bdellovibrionota,Bdellovibrionia,Bdellovibrionales,Bdellovibrionaceae,Bdellovibrio
asv3458,Bacteria,Proteobacteria,Gammaproteobacteria,NA,NA,NA
asv3459,Bacteria,Proteobacteria,Alphaproteobacteria,Sphingomonadales,Sphingomonadaceae,NA
asv3460,Bacteria,Bacteroidota,Bacteroidia,Cytophagales,Cyclobacteriaceae,Cyclobacterium
asv3461,Bacteria,NA,NA,NA,NA,NA
asv3462,Bacteria,Proteobacteria,Gammaproteobacteria,Pseudomonadales,Porticoccaceae,C1-B045
asv3463,Bacteria,Proteobacteria,Alphaproteobacteria,Rhodospirillales,Terasakiellaceae,Aestuariispira
asv3464,Bacteria,Bacteroidota,Bacteroidia,NA,NA,NA
asv3465,Eukaryota,NA,NA,NA,NA,NA
asv3466,Bacteria,Proteobacteria,Gammaproteobacteria,NA,NA,NA
asv3467,Bacteria,Bacteroidota,Bacteroidia,NA,NA,NA
asv3468,Bacteria,Proteobacteria,Gammaproteobacteria,Enterobacterales,Alteromonadaceae,XY-R5
asv3469,Bacteria,Planctomycetota,Planctomycetes,Pirellulales,Pirellulaceae,NA
asv3470,Bacteria,Proteobacteria,Alphaproteobacteria,NA,NA,NA
asv3471,Bacteria,Planctomycetota,Planctomycetes,Pirellulales,Pirellulaceae,Pirellula
asv3472,Bacteria,Proteobacteria,Gammaproteobacteria,Pseudomonadales,Halieaceae,NA
asv3473,Bacteria,Proteobacteria,Alphaproteobacteria,NA,NA,NA
asv3474,Bacteria,Actinobacteriota,Actinobacteria,Corynebacteriales,NA,NA
asv3475,Bacteria,Proteobacteria,Gammaproteobacteria,Enterobacterales,NA,NA
asv3476,Eukaryota,NA,NA,NA,NA,NA
asv3477,Bacteria,Proteobacteria,Gammaproteobacteria,Pseudomonadales,Endozoicomonadaceae,Endozoicomonas
asv3478,Bacteria,Proteobacteria,Gammaproteobacteria,Pseudomonadales,Endozoicomonadaceae,Endozoicomonas
asv3479,Bacteria,Proteobacteria,Gammaproteobacteria,Pseudomonadales,Endozoicomonadaceae,Endozoicomonas
asv3480,Bacteria,Proteobacteria,Gammaproteobacteria,Pseudomonadales,Endozoicomonadaceae,Endozoicomonas
asv3481,Bacteria,Proteobacteria,Gammaproteobacteria,Enterobacterales,Alteromonadaceae,Salinimonas
asv3482,Bacteria,Proteobacteria,Gammaproteobacteria,Enterobacterales,Alteromonadaceae,Salinimonas
asv3483,Bacteria,Proteobacteria,Gammaproteobacteria,Enterobacterales,Alteromonadaceae,Salinimonas
asv3484,Bacteria,Proteobacteria,Gammaproteobacteria,Pseudomonadales,Endozoicomonadaceae,Endozoicomonas
asv3485,Bacteria,Proteobacteria,Gammaproteobacteria,Pseudomonadales,Endozoicomonadaceae,Endozoicomonas